timestamp_utc,campaign_status,memory_free_pct,swapusage,processes_json
2026-07-18T20:20:17.885503+00:00,running,18,vm.swapusage: total = 3072.00M  used = 2635.12M  free = 436.88M  (encrypted),"[{""pid"":""28864"",""cpu_pct"":""0.0"",""rss_kib"":""6928"",""command"":""/Users/hozzy/Library/Application Support/ML-Experiments/progressive-diffusion-lm/m1-256/env/bin/python scripts/ptq_study.py --include-ternary""},{""pid"":""28890"",""cpu_pct"":""9.4"",""rss_kib"":""33104"",""command"":""/Users/hozzy/Library/Application Support/ML-Experiments/progressive-diffusion-lm/m1-256/env/bin/python -m src.train --config configs/ptq/ptq_baseline_s42.json""}]"
2026-07-18T20:21:17.950080+00:00,running,20,vm.swapusage: total = 3072.00M  used = 2618.25M  free = 453.75M  (encrypted),"[{""pid"":""28864"",""cpu_pct"":""0.0"",""rss_kib"":""6928"",""command"":""/Users/hozzy/Library/Application Support/ML-Experiments/progressive-diffusion-lm/m1-256/env/bin/python scripts/ptq_study.py --include-ternary""},{""pid"":""28890"",""cpu_pct"":""10.1"",""rss_kib"":""33776"",""command"":""/Users/hozzy/Library/Application Support/ML-Experiments/progressive-diffusion-lm/m1-256/env/bin/python -m src.train --config configs/ptq/ptq_baseline_s42.json""}]"
2026-07-18T20:22:18.179191+00:00,running,22,vm.swapusage: total = 3072.00M  used = 2683.50M  free = 388.50M  (encrypted),"[{""pid"":""28864"",""cpu_pct"":""0.0"",""rss_kib"":""6928"",""command"":""/Users/hozzy/Library/Application Support/ML-Experiments/progressive-diffusion-lm/m1-256/env/bin/python scripts/ptq_study.py --include-ternary""},{""pid"":""28890"",""cpu_pct"":""22.4"",""rss_kib"":""379120"",""command"":""/Users/hozzy/Library/Application Support/ML-Experiments/progressive-diffusion-lm/m1-256/env/bin/python -m src.train --config configs/ptq/ptq_baseline_s42.json""}]"
2026-07-18T20:23:18.362085+00:00,running,20,vm.swapusage: total = 3072.00M  used = 2624.94M  free = 447.06M  (encrypted),"[{""pid"":""28864"",""cpu_pct"":""0.0"",""rss_kib"":""6848"",""command"":""/Users/hozzy/Library/Application Support/ML-Experiments/progressive-diffusion-lm/m1-256/env/bin/python scripts/ptq_study.py --include-ternary""},{""pid"":""28890"",""cpu_pct"":""16.3"",""rss_kib"":""366384"",""command"":""/Users/hozzy/Library/Application Support/ML-Experiments/progressive-diffusion-lm/m1-256/env/bin/python -m src.train --config configs/ptq/ptq_baseline_s42.json""}]"
2026-07-18T20:24:18.470578+00:00,running,19,vm.swapusage: total = 3072.00M  used = 2604.75M  free = 467.25M  (encrypted),"[{""pid"":""28864"",""cpu_pct"":""0.0"",""rss_kib"":""6864"",""command"":""/Users/hozzy/Library/Application Support/ML-Experiments/progressive-diffusion-lm/m1-256/env/bin/python scripts/ptq_study.py --include-ternary""},{""pid"":""28890"",""cpu_pct"":""22.4"",""rss_kib"":""366816"",""command"":""/Users/hozzy/Library/Application Support/ML-Experiments/progressive-diffusion-lm/m1-256/env/bin/python -m src.train --config configs/ptq/ptq_baseline_s42.json""}]"
2026-07-18T20:25:18.679928+00:00,running,20,vm.swapusage: total = 3072.00M  used = 2619.38M  free = 452.62M  (encrypted),"[{""pid"":""28864"",""cpu_pct"":""0.0"",""rss_kib"":""6864"",""command"":""/Users/hozzy/Library/Application Support/ML-Experiments/progressive-diffusion-lm/m1-256/env/bin/python scripts/ptq_study.py --include-ternary""},{""pid"":""28890"",""cpu_pct"":""18.9"",""rss_kib"":""366816"",""command"":""/Users/hozzy/Library/Application Support/ML-Experiments/progressive-diffusion-lm/m1-256/env/bin/python -m src.train --config configs/ptq/ptq_baseline_s42.json""}]"
2026-07-18T20:26:18.895627+00:00,running,21,vm.swapusage: total = 3072.00M  used = 2659.88M  free = 412.12M  (encrypted),"[{""pid"":""28864"",""cpu_pct"":""0.0"",""rss_kib"":""6864"",""command"":""/Users/hozzy/Library/Application Support/ML-Experiments/progressive-diffusion-lm/m1-256/env/bin/python scripts/ptq_study.py --include-ternary""},{""pid"":""28890"",""cpu_pct"":""14.8"",""rss_kib"":""365664"",""command"":""/Users/hozzy/Library/Application Support/ML-Experiments/progressive-diffusion-lm/m1-256/env/bin/python -m src.train --config configs/ptq/ptq_baseline_s42.json""}]"
2026-07-18T20:27:19.043803+00:00,running,21,vm.swapusage: total = 3072.00M  used = 2603.88M  free = 468.12M  (encrypted),"[{""pid"":""28864"",""cpu_pct"":""0.0"",""rss_kib"":""6864"",""command"":""/Users/hozzy/Library/Application Support/ML-Experiments/progressive-diffusion-lm/m1-256/env/bin/python scripts/ptq_study.py --include-ternary""},{""pid"":""28890"",""cpu_pct"":""15.0"",""rss_kib"":""369344"",""command"":""/Users/hozzy/Library/Application Support/ML-Experiments/progressive-diffusion-lm/m1-256/env/bin/python -m src.train --config configs/ptq/ptq_baseline_s42.json""}]"
2026-07-18T20:28:19.268156+00:00,running,20,vm.swapusage: total = 3072.00M  used = 2599.12M  free = 472.88M  (encrypted),"[{""pid"":""28864"",""cpu_pct"":""0.0"",""rss_kib"":""6864"",""command"":""/Users/hozzy/Library/Application Support/ML-Experiments/progressive-diffusion-lm/m1-256/env/bin/python scripts/ptq_study.py --include-ternary""},{""pid"":""28890"",""cpu_pct"":""21.2"",""rss_kib"":""369200"",""command"":""/Users/hozzy/Library/Application Support/ML-Experiments/progressive-diffusion-lm/m1-256/env/bin/python -m src.train --config configs/ptq/ptq_baseline_s42.json""}]"
2026-07-18T20:29:19.344440+00:00,running,20,vm.swapusage: total = 3072.00M  used = 2601.62M  free = 470.38M  (encrypted),"[{""pid"":""28864"",""cpu_pct"":""0.0"",""rss_kib"":""6864"",""command"":""/Users/hozzy/Library/Application Support/ML-Experiments/progressive-diffusion-lm/m1-256/env/bin/python scripts/ptq_study.py --include-ternary""},{""pid"":""28890"",""cpu_pct"":""19.6"",""rss_kib"":""368496"",""command"":""/Users/hozzy/Library/Application Support/ML-Experiments/progressive-diffusion-lm/m1-256/env/bin/python -m src.train --config configs/ptq/ptq_baseline_s42.json""}]"
2026-07-18T20:30:19.596605+00:00,running,19,vm.swapusage: total = 3072.00M  used = 2551.38M  free = 520.62M  (encrypted),"[{""pid"":""28864"",""cpu_pct"":""0.0"",""rss_kib"":""6848"",""command"":""/Users/hozzy/Library/Application Support/ML-Experiments/progressive-diffusion-lm/m1-256/env/bin/python scripts/ptq_study.py --include-ternary""},{""pid"":""28890"",""cpu_pct"":""19.4"",""rss_kib"":""366032"",""command"":""/Users/hozzy/Library/Application Support/ML-Experiments/progressive-diffusion-lm/m1-256/env/bin/python -m src.train --config configs/ptq/ptq_baseline_s42.json""}]"
2026-07-18T20:31:19.687325+00:00,running,21,vm.swapusage: total = 3072.00M  used = 2654.94M  free = 417.06M  (encrypted),"[{""pid"":""28864"",""cpu_pct"":""0.0"",""rss_kib"":""6848"",""command"":""/Users/hozzy/Library/Application Support/ML-Experiments/progressive-diffusion-lm/m1-256/env/bin/python scripts/ptq_study.py --include-ternary""},{""pid"":""28890"",""cpu_pct"":""17.5"",""rss_kib"":""366672"",""command"":""/Users/hozzy/Library/Application Support/ML-Experiments/progressive-diffusion-lm/m1-256/env/bin/python -m src.train --config configs/ptq/ptq_baseline_s42.json""}]"
2026-07-18T20:32:19.782720+00:00,running,21,vm.swapusage: total = 3072.00M  used = 2643.25M  free = 428.75M  (encrypted),"[{""pid"":""28864"",""cpu_pct"":""0.0"",""rss_kib"":""6832"",""command"":""/Users/hozzy/Library/Application Support/ML-Experiments/progressive-diffusion-lm/m1-256/env/bin/python scripts/ptq_study.py --include-ternary""},{""pid"":""28890"",""cpu_pct"":""13.0"",""rss_kib"":""368160"",""command"":""/Users/hozzy/Library/Application Support/ML-Experiments/progressive-diffusion-lm/m1-256/env/bin/python -m src.train --config configs/ptq/ptq_baseline_s42.json""}]"
2026-07-18T20:33:19.899590+00:00,running,20,vm.swapusage: total = 3072.00M  used = 2611.25M  free = 460.75M  (encrypted),"[{""pid"":""28864"",""cpu_pct"":""0.0"",""rss_kib"":""6848"",""command"":""/Users/hozzy/Library/Application Support/ML-Experiments/progressive-diffusion-lm/m1-256/env/bin/python scripts/ptq_study.py --include-ternary""},{""pid"":""28890"",""cpu_pct"":""14.4"",""rss_kib"":""368656"",""command"":""/Users/hozzy/Library/Application Support/ML-Experiments/progressive-diffusion-lm/m1-256/env/bin/python -m src.train --config configs/ptq/ptq_baseline_s42.json""}]"
2026-07-18T20:34:20.092589+00:00,running,23,vm.swapusage: total = 3072.00M  used = 2657.19M  free = 414.81M  (encrypted),"[{""pid"":""28864"",""cpu_pct"":""0.0"",""rss_kib"":""6848"",""command"":""/Users/hozzy/Library/Application Support/ML-Experiments/progressive-diffusion-lm/m1-256/env/bin/python scripts/ptq_study.py --include-ternary""},{""pid"":""28890"",""cpu_pct"":""20.3"",""rss_kib"":""369280"",""command"":""/Users/hozzy/Library/Application Support/ML-Experiments/progressive-diffusion-lm/m1-256/env/bin/python -m src.train --config configs/ptq/ptq_baseline_s42.json""}]"
2026-07-18T20:35:20.285348+00:00,running,21,vm.swapusage: total = 3072.00M  used = 2625.19M  free = 446.81M  (encrypted),"[{""pid"":""28864"",""cpu_pct"":""0.0"",""rss_kib"":""6832"",""command"":""/Users/hozzy/Library/Application Support/ML-Experiments/progressive-diffusion-lm/m1-256/env/bin/python scripts/ptq_study.py --include-ternary""},{""pid"":""28890"",""cpu_pct"":""15.2"",""rss_kib"":""367040"",""command"":""/Users/hozzy/Library/Application Support/ML-Experiments/progressive-diffusion-lm/m1-256/env/bin/python -m src.train --config configs/ptq/ptq_baseline_s42.json""}]"
2026-07-18T20:36:20.505528+00:00,running,20,vm.swapusage: total = 3072.00M  used = 2579.12M  free = 492.88M  (encrypted),"[{""pid"":""28864"",""cpu_pct"":""0.0"",""rss_kib"":""6848"",""command"":""/Users/hozzy/Library/Application Support/ML-Experiments/progressive-diffusion-lm/m1-256/env/bin/python scripts/ptq_study.py --include-ternary""},{""pid"":""28890"",""cpu_pct"":""19.7"",""rss_kib"":""366592"",""command"":""/Users/hozzy/Library/Application Support/ML-Experiments/progressive-diffusion-lm/m1-256/env/bin/python -m src.train --config configs/ptq/ptq_baseline_s42.json""}]"
2026-07-18T20:37:20.752373+00:00,running,20,vm.swapusage: total = 3072.00M  used = 2618.62M  free = 453.38M  (encrypted),"[{""pid"":""28864"",""cpu_pct"":""0.0"",""rss_kib"":""6848"",""command"":""/Users/hozzy/Library/Application Support/ML-Experiments/progressive-diffusion-lm/m1-256/env/bin/python scripts/ptq_study.py --include-ternary""},{""pid"":""28890"",""cpu_pct"":""21.7"",""rss_kib"":""365088"",""command"":""/Users/hozzy/Library/Application Support/ML-Experiments/progressive-diffusion-lm/m1-256/env/bin/python -m src.train --config configs/ptq/ptq_baseline_s42.json""}]"
2026-07-18T20:38:20.976599+00:00,running,22,vm.swapusage: total = 3072.00M  used = 2660.75M  free = 411.25M  (encrypted),"[{""pid"":""28864"",""cpu_pct"":""0.0"",""rss_kib"":""6848"",""command"":""/Users/hozzy/Library/Application Support/ML-Experiments/progressive-diffusion-lm/m1-256/env/bin/python scripts/ptq_study.py --include-ternary""},{""pid"":""28890"",""cpu_pct"":""18.1"",""rss_kib"":""367264"",""command"":""/Users/hozzy/Library/Application Support/ML-Experiments/progressive-diffusion-lm/m1-256/env/bin/python -m src.train --config configs/ptq/ptq_baseline_s42.json""}]"
2026-07-18T20:39:21.153475+00:00,running,19,vm.swapusage: total = 3072.00M  used = 2591.75M  free = 480.25M  (encrypted),"[{""pid"":""28864"",""cpu_pct"":""0.0"",""rss_kib"":""6848"",""command"":""/Users/hozzy/Library/Application Support/ML-Experiments/progressive-diffusion-lm/m1-256/env/bin/python scripts/ptq_study.py --include-ternary""},{""pid"":""28890"",""cpu_pct"":""12.9"",""rss_kib"":""365424"",""command"":""/Users/hozzy/Library/Application Support/ML-Experiments/progressive-diffusion-lm/m1-256/env/bin/python -m src.train --config configs/ptq/ptq_baseline_s42.json""}]"
2026-07-18T20:40:21.267802+00:00,running,19,vm.swapusage: total = 3072.00M  used = 2624.25M  free = 447.75M  (encrypted),"[{""pid"":""28864"",""cpu_pct"":""0.0"",""rss_kib"":""6848"",""command"":""/Users/hozzy/Library/Application Support/ML-Experiments/progressive-diffusion-lm/m1-256/env/bin/python scripts/ptq_study.py --include-ternary""},{""pid"":""28890"",""cpu_pct"":""22.1"",""rss_kib"":""365408"",""command"":""/Users/hozzy/Library/Application Support/ML-Experiments/progressive-diffusion-lm/m1-256/env/bin/python -m src.train --config configs/ptq/ptq_baseline_s42.json""}]"
2026-07-18T20:41:21.461481+00:00,running,18,vm.swapusage: total = 3072.00M  used = 2613.31M  free = 458.69M  (encrypted),"[{""pid"":""28864"",""cpu_pct"":""0.0"",""rss_kib"":""6848"",""command"":""/Users/hozzy/Library/Application Support/ML-Experiments/progressive-diffusion-lm/m1-256/env/bin/python scripts/ptq_study.py --include-ternary""},{""pid"":""28890"",""cpu_pct"":""13.0"",""rss_kib"":""364336"",""command"":""/Users/hozzy/Library/Application Support/ML-Experiments/progressive-diffusion-lm/m1-256/env/bin/python -m src.train --config configs/ptq/ptq_baseline_s42.json""}]"
2026-07-18T20:42:21.617671+00:00,running,21,vm.swapusage: total = 3072.00M  used = 2683.06M  free = 388.94M  (encrypted),"[{""pid"":""28864"",""cpu_pct"":""0.0"",""rss_kib"":""6848"",""command"":""/Users/hozzy/Library/Application Support/ML-Experiments/progressive-diffusion-lm/m1-256/env/bin/python scripts/ptq_study.py --include-ternary""},{""pid"":""28890"",""cpu_pct"":""15.7"",""rss_kib"":""144656"",""command"":""/Users/hozzy/Library/Application Support/ML-Experiments/progressive-diffusion-lm/m1-256/env/bin/python -m src.train --config configs/ptq/ptq_baseline_s42.json""}]"
2026-07-18T20:43:21.702462+00:00,running,20,vm.swapusage: total = 3072.00M  used = 2651.06M  free = 420.94M  (encrypted),"[{""pid"":""28864"",""cpu_pct"":""0.0"",""rss_kib"":""6848"",""command"":""/Users/hozzy/Library/Application Support/ML-Experiments/progressive-diffusion-lm/m1-256/env/bin/python scripts/ptq_study.py --include-ternary""},{""pid"":""28890"",""cpu_pct"":""12.9"",""rss_kib"":""144240"",""command"":""/Users/hozzy/Library/Application Support/ML-Experiments/progressive-diffusion-lm/m1-256/env/bin/python -m src.train --config configs/ptq/ptq_baseline_s42.json""}]"
2026-07-18T20:44:21.912350+00:00,running,19,vm.swapusage: total = 3072.00M  used = 2608.69M  free = 463.31M  (encrypted),"[{""pid"":""28864"",""cpu_pct"":""0.0"",""rss_kib"":""6848"",""command"":""/Users/hozzy/Library/Application Support/ML-Experiments/progressive-diffusion-lm/m1-256/env/bin/python scripts/ptq_study.py --include-ternary""},{""pid"":""28890"",""cpu_pct"":""18.4"",""rss_kib"":""144448"",""command"":""/Users/hozzy/Library/Application Support/ML-Experiments/progressive-diffusion-lm/m1-256/env/bin/python -m src.train --config configs/ptq/ptq_baseline_s42.json""}]"
2026-07-18T20:45:22.027820+00:00,running,20,vm.swapusage: total = 3072.00M  used = 2685.69M  free = 386.31M  (encrypted),"[{""pid"":""28864"",""cpu_pct"":""0.0"",""rss_kib"":""6848"",""command"":""/Users/hozzy/Library/Application Support/ML-Experiments/progressive-diffusion-lm/m1-256/env/bin/python scripts/ptq_study.py --include-ternary""},{""pid"":""28890"",""cpu_pct"":""19.7"",""rss_kib"":""145568"",""command"":""/Users/hozzy/Library/Application Support/ML-Experiments/progressive-diffusion-lm/m1-256/env/bin/python -m src.train --config configs/ptq/ptq_baseline_s42.json""}]"
2026-07-18T20:46:22.216177+00:00,running,22,vm.swapusage: total = 3072.00M  used = 2668.12M  free = 403.88M  (encrypted),"[{""pid"":""28864"",""cpu_pct"":""0.0"",""rss_kib"":""6848"",""command"":""/Users/hozzy/Library/Application Support/ML-Experiments/progressive-diffusion-lm/m1-256/env/bin/python scripts/ptq_study.py --include-ternary""},{""pid"":""28890"",""cpu_pct"":""17.7"",""rss_kib"":""146064"",""command"":""/Users/hozzy/Library/Application Support/ML-Experiments/progressive-diffusion-lm/m1-256/env/bin/python -m src.train --config configs/ptq/ptq_baseline_s42.json""}]"
2026-07-18T20:47:22.412976+00:00,running,20,vm.swapusage: total = 3072.00M  used = 2644.12M  free = 427.88M  (encrypted),"[{""pid"":""28864"",""cpu_pct"":""0.0"",""rss_kib"":""6848"",""command"":""/Users/hozzy/Library/Application Support/ML-Experiments/progressive-diffusion-lm/m1-256/env/bin/python scripts/ptq_study.py --include-ternary""},{""pid"":""28890"",""cpu_pct"":""12.5"",""rss_kib"":""145520"",""command"":""/Users/hozzy/Library/Application Support/ML-Experiments/progressive-diffusion-lm/m1-256/env/bin/python -m src.train --config configs/ptq/ptq_baseline_s42.json""}]"
2026-07-18T20:48:22.561344+00:00,running,19,vm.swapusage: total = 3072.00M  used = 2620.12M  free = 451.88M  (encrypted),"[{""pid"":""28864"",""cpu_pct"":""0.0"",""rss_kib"":""6848"",""command"":""/Users/hozzy/Library/Application Support/ML-Experiments/progressive-diffusion-lm/m1-256/env/bin/python scripts/ptq_study.py --include-ternary""},{""pid"":""28890"",""cpu_pct"":""13.6"",""rss_kib"":""145136"",""command"":""/Users/hozzy/Library/Application Support/ML-Experiments/progressive-diffusion-lm/m1-256/env/bin/python -m src.train --config configs/ptq/ptq_baseline_s42.json""}]"
2026-07-18T20:49:22.659245+00:00,running,20,vm.swapusage: total = 3072.00M  used = 2608.06M  free = 463.94M  (encrypted),"[{""pid"":""28864"",""cpu_pct"":""0.0"",""rss_kib"":""6848"",""command"":""/Users/hozzy/Library/Application Support/ML-Experiments/progressive-diffusion-lm/m1-256/env/bin/python scripts/ptq_study.py --include-ternary""},{""pid"":""28890"",""cpu_pct"":""15.0"",""rss_kib"":""146448"",""command"":""/Users/hozzy/Library/Application Support/ML-Experiments/progressive-diffusion-lm/m1-256/env/bin/python -m src.train --config configs/ptq/ptq_baseline_s42.json""}]"
2026-07-18T20:50:22.733361+00:00,running,20,vm.swapusage: total = 3072.00M  used = 2641.56M  free = 430.44M  (encrypted),"[{""pid"":""28864"",""cpu_pct"":""0.0"",""rss_kib"":""6848"",""command"":""/Users/hozzy/Library/Application Support/ML-Experiments/progressive-diffusion-lm/m1-256/env/bin/python scripts/ptq_study.py --include-ternary""},{""pid"":""28890"",""cpu_pct"":""15.0"",""rss_kib"":""365808"",""command"":""/Users/hozzy/Library/Application Support/ML-Experiments/progressive-diffusion-lm/m1-256/env/bin/python -m src.train --config configs/ptq/ptq_baseline_s42.json""}]"
2026-07-18T20:51:22.927490+00:00,running,18,vm.swapusage: total = 3072.00M  used = 2644.62M  free = 427.38M  (encrypted),"[{""pid"":""28864"",""cpu_pct"":""0.0"",""rss_kib"":""6848"",""command"":""/Users/hozzy/Library/Application Support/ML-Experiments/progressive-diffusion-lm/m1-256/env/bin/python scripts/ptq_study.py --include-ternary""},{""pid"":""28890"",""cpu_pct"":""13.9"",""rss_kib"":""365536"",""command"":""/Users/hozzy/Library/Application Support/ML-Experiments/progressive-diffusion-lm/m1-256/env/bin/python -m src.train --config configs/ptq/ptq_baseline_s42.json""}]"
2026-07-18T20:52:23.143829+00:00,running,20,vm.swapusage: total = 3072.00M  used = 2723.94M  free = 348.06M  (encrypted),"[{""pid"":""28864"",""cpu_pct"":""0.0"",""rss_kib"":""6848"",""command"":""/Users/hozzy/Library/Application Support/ML-Experiments/progressive-diffusion-lm/m1-256/env/bin/python scripts/ptq_study.py --include-ternary""},{""pid"":""28890"",""cpu_pct"":""14.6"",""rss_kib"":""365344"",""command"":""/Users/hozzy/Library/Application Support/ML-Experiments/progressive-diffusion-lm/m1-256/env/bin/python -m src.train --config configs/ptq/ptq_baseline_s42.json""}]"
2026-07-18T20:53:23.295171+00:00,running,21,vm.swapusage: total = 3072.00M  used = 2699.94M  free = 372.06M  (encrypted),"[{""pid"":""28864"",""cpu_pct"":""0.0"",""rss_kib"":""6832"",""command"":""/Users/hozzy/Library/Application Support/ML-Experiments/progressive-diffusion-lm/m1-256/env/bin/python scripts/ptq_study.py --include-ternary""},{""pid"":""28890"",""cpu_pct"":""17.8"",""rss_kib"":""367392"",""command"":""/Users/hozzy/Library/Application Support/ML-Experiments/progressive-diffusion-lm/m1-256/env/bin/python -m src.train --config configs/ptq/ptq_baseline_s42.json""}]"
2026-07-18T20:54:23.550773+00:00,running,19,vm.swapusage: total = 3072.00M  used = 2667.94M  free = 404.06M  (encrypted),"[{""pid"":""28864"",""cpu_pct"":""0.0"",""rss_kib"":""6832"",""command"":""/Users/hozzy/Library/Application Support/ML-Experiments/progressive-diffusion-lm/m1-256/env/bin/python scripts/ptq_study.py --include-ternary""},{""pid"":""28890"",""cpu_pct"":""16.1"",""rss_kib"":""366128"",""command"":""/Users/hozzy/Library/Application Support/ML-Experiments/progressive-diffusion-lm/m1-256/env/bin/python -m src.train --config configs/ptq/ptq_baseline_s42.json""}]"
2026-07-18T20:55:23.714244+00:00,running,19,vm.swapusage: total = 3072.00M  used = 2659.94M  free = 412.06M  (encrypted),"[{""pid"":""28864"",""cpu_pct"":""0.0"",""rss_kib"":""6640"",""command"":""/Users/hozzy/Library/Application Support/ML-Experiments/progressive-diffusion-lm/m1-256/env/bin/python scripts/ptq_study.py --include-ternary""},{""pid"":""28890"",""cpu_pct"":""17.4"",""rss_kib"":""366512"",""command"":""/Users/hozzy/Library/Application Support/ML-Experiments/progressive-diffusion-lm/m1-256/env/bin/python -m src.train --config configs/ptq/ptq_baseline_s42.json""}]"
2026-07-18T20:56:23.908401+00:00,running,19,vm.swapusage: total = 3072.00M  used = 2643.94M  free = 428.06M  (encrypted),"[{""pid"":""28864"",""cpu_pct"":""0.0"",""rss_kib"":""6640"",""command"":""/Users/hozzy/Library/Application Support/ML-Experiments/progressive-diffusion-lm/m1-256/env/bin/python scripts/ptq_study.py --include-ternary""},{""pid"":""28890"",""cpu_pct"":""19.1"",""rss_kib"":""365728"",""command"":""/Users/hozzy/Library/Application Support/ML-Experiments/progressive-diffusion-lm/m1-256/env/bin/python -m src.train --config configs/ptq/ptq_baseline_s42.json""}]"
2026-07-18T20:57:24.137054+00:00,running,20,vm.swapusage: total = 3072.00M  used = 2651.94M  free = 420.06M  (encrypted),"[{""pid"":""28864"",""cpu_pct"":""0.0"",""rss_kib"":""6640"",""command"":""/Users/hozzy/Library/Application Support/ML-Experiments/progressive-diffusion-lm/m1-256/env/bin/python scripts/ptq_study.py --include-ternary""},{""pid"":""28890"",""cpu_pct"":""14.1"",""rss_kib"":""367120"",""command"":""/Users/hozzy/Library/Application Support/ML-Experiments/progressive-diffusion-lm/m1-256/env/bin/python -m src.train --config configs/ptq/ptq_baseline_s42.json""}]"
2026-07-18T20:58:24.231925+00:00,running,21,vm.swapusage: total = 3072.00M  used = 2656.25M  free = 415.75M  (encrypted),"[{""pid"":""28864"",""cpu_pct"":""0.0"",""rss_kib"":""6640"",""command"":""/Users/hozzy/Library/Application Support/ML-Experiments/progressive-diffusion-lm/m1-256/env/bin/python scripts/ptq_study.py --include-ternary""},{""pid"":""28890"",""cpu_pct"":""16.4"",""rss_kib"":""365552"",""command"":""/Users/hozzy/Library/Application Support/ML-Experiments/progressive-diffusion-lm/m1-256/env/bin/python -m src.train --config configs/ptq/ptq_baseline_s42.json""}]"
2026-07-18T20:59:24.430250+00:00,running,22,vm.swapusage: total = 3072.00M  used = 2656.25M  free = 415.75M  (encrypted),"[{""pid"":""28864"",""cpu_pct"":""0.0"",""rss_kib"":""6640"",""command"":""/Users/hozzy/Library/Application Support/ML-Experiments/progressive-diffusion-lm/m1-256/env/bin/python scripts/ptq_study.py --include-ternary""},{""pid"":""28890"",""cpu_pct"":""13.7"",""rss_kib"":""365600"",""command"":""/Users/hozzy/Library/Application Support/ML-Experiments/progressive-diffusion-lm/m1-256/env/bin/python -m src.train --config configs/ptq/ptq_baseline_s42.json""}]"
2026-07-18T21:00:24.661306+00:00,running,20,vm.swapusage: total = 3072.00M  used = 2632.06M  free = 439.94M  (encrypted),"[{""pid"":""28864"",""cpu_pct"":""0.0"",""rss_kib"":""6640"",""command"":""/Users/hozzy/Library/Application Support/ML-Experiments/progressive-diffusion-lm/m1-256/env/bin/python scripts/ptq_study.py --include-ternary""},{""pid"":""28890"",""cpu_pct"":""16.1"",""rss_kib"":""365792"",""command"":""/Users/hozzy/Library/Application Support/ML-Experiments/progressive-diffusion-lm/m1-256/env/bin/python -m src.train --config configs/ptq/ptq_baseline_s42.json""}]"
2026-07-18T21:01:24.880393+00:00,running,19,vm.swapusage: total = 3072.00M  used = 2624.06M  free = 447.94M  (encrypted),"[{""pid"":""28864"",""cpu_pct"":""0.0"",""rss_kib"":""6640"",""command"":""/Users/hozzy/Library/Application Support/ML-Experiments/progressive-diffusion-lm/m1-256/env/bin/python scripts/ptq_study.py --include-ternary""},{""pid"":""28890"",""cpu_pct"":""14.4"",""rss_kib"":""365728"",""command"":""/Users/hozzy/Library/Application Support/ML-Experiments/progressive-diffusion-lm/m1-256/env/bin/python -m src.train --config configs/ptq/ptq_baseline_s42.json""}]"
2026-07-18T21:02:24.962963+00:00,running,21,vm.swapusage: total = 3072.00M  used = 2652.19M  free = 419.81M  (encrypted),"[{""pid"":""28864"",""cpu_pct"":""0.0"",""rss_kib"":""6640"",""command"":""/Users/hozzy/Library/Application Support/ML-Experiments/progressive-diffusion-lm/m1-256/env/bin/python scripts/ptq_study.py --include-ternary""},{""pid"":""28890"",""cpu_pct"":""18.9"",""rss_kib"":""145392"",""command"":""/Users/hozzy/Library/Application Support/ML-Experiments/progressive-diffusion-lm/m1-256/env/bin/python -m src.train --config configs/ptq/ptq_baseline_s42.json""}]"
2026-07-18T21:03:25.186640+00:00,running,21,vm.swapusage: total = 3072.00M  used = 2636.19M  free = 435.81M  (encrypted),"[{""pid"":""28864"",""cpu_pct"":""0.0"",""rss_kib"":""6640"",""command"":""/Users/hozzy/Library/Application Support/ML-Experiments/progressive-diffusion-lm/m1-256/env/bin/python scripts/ptq_study.py --include-ternary""},{""pid"":""28890"",""cpu_pct"":""22.4"",""rss_kib"":""144608"",""command"":""/Users/hozzy/Library/Application Support/ML-Experiments/progressive-diffusion-lm/m1-256/env/bin/python -m src.train --config configs/ptq/ptq_baseline_s42.json""}]"
2026-07-18T21:04:25.264571+00:00,running,21,vm.swapusage: total = 3072.00M  used = 2639.75M  free = 432.25M  (encrypted),"[{""pid"":""28864"",""cpu_pct"":""0.0"",""rss_kib"":""6640"",""command"":""/Users/hozzy/Library/Application Support/ML-Experiments/progressive-diffusion-lm/m1-256/env/bin/python scripts/ptq_study.py --include-ternary""},{""pid"":""28890"",""cpu_pct"":""13.4"",""rss_kib"":""145616"",""command"":""/Users/hozzy/Library/Application Support/ML-Experiments/progressive-diffusion-lm/m1-256/env/bin/python -m src.train --config configs/ptq/ptq_baseline_s42.json""}]"
2026-07-18T21:05:25.360594+00:00,running,23,vm.swapusage: total = 3072.00M  used = 2662.50M  free = 409.50M  (encrypted),"[{""pid"":""28864"",""cpu_pct"":""0.0"",""rss_kib"":""6640"",""command"":""/Users/hozzy/Library/Application Support/ML-Experiments/progressive-diffusion-lm/m1-256/env/bin/python scripts/ptq_study.py --include-ternary""},{""pid"":""28890"",""cpu_pct"":""7.6"",""rss_kib"":""147568"",""command"":""/Users/hozzy/Library/Application Support/ML-Experiments/progressive-diffusion-lm/m1-256/env/bin/python -m src.train --config configs/ptq/ptq_baseline_s42.json""}]"
2026-07-18T21:06:25.468201+00:00,running,22,vm.swapusage: total = 3072.00M  used = 2638.50M  free = 433.50M  (encrypted),"[{""pid"":""28864"",""cpu_pct"":""0.0"",""rss_kib"":""6640"",""command"":""/Users/hozzy/Library/Application Support/ML-Experiments/progressive-diffusion-lm/m1-256/env/bin/python scripts/ptq_study.py --include-ternary""},{""pid"":""28890"",""cpu_pct"":""16.0"",""rss_kib"":""146272"",""command"":""/Users/hozzy/Library/Application Support/ML-Experiments/progressive-diffusion-lm/m1-256/env/bin/python -m src.train --config configs/ptq/ptq_baseline_s42.json""}]"
2026-07-18T21:07:25.709423+00:00,running,20,vm.swapusage: total = 3072.00M  used = 2682.06M  free = 389.94M  (encrypted),"[{""pid"":""28864"",""cpu_pct"":""0.0"",""rss_kib"":""6624"",""command"":""/Users/hozzy/Library/Application Support/ML-Experiments/progressive-diffusion-lm/m1-256/env/bin/python scripts/ptq_study.py --include-ternary""},{""pid"":""28890"",""cpu_pct"":""18.0"",""rss_kib"":""145968"",""command"":""/Users/hozzy/Library/Application Support/ML-Experiments/progressive-diffusion-lm/m1-256/env/bin/python -m src.train --config configs/ptq/ptq_baseline_s42.json""}]"
2026-07-18T21:08:25.914424+00:00,running,20,vm.swapusage: total = 3072.00M  used = 2666.06M  free = 405.94M  (encrypted),"[{""pid"":""28864"",""cpu_pct"":""0.0"",""rss_kib"":""6624"",""command"":""/Users/hozzy/Library/Application Support/ML-Experiments/progressive-diffusion-lm/m1-256/env/bin/python scripts/ptq_study.py --include-ternary""},{""pid"":""28890"",""cpu_pct"":""14.8"",""rss_kib"":""145520"",""command"":""/Users/hozzy/Library/Application Support/ML-Experiments/progressive-diffusion-lm/m1-256/env/bin/python -m src.train --config configs/ptq/ptq_baseline_s42.json""}]"
2026-07-18T21:09:25.991372+00:00,running,22,vm.swapusage: total = 3072.00M  used = 2699.44M  free = 372.56M  (encrypted),"[{""pid"":""28864"",""cpu_pct"":""0.0"",""rss_kib"":""6624"",""command"":""/Users/hozzy/Library/Application Support/ML-Experiments/progressive-diffusion-lm/m1-256/env/bin/python scripts/ptq_study.py --include-ternary""},{""pid"":""28890"",""cpu_pct"":""9.0"",""rss_kib"":""143296"",""command"":""/Users/hozzy/Library/Application Support/ML-Experiments/progressive-diffusion-lm/m1-256/env/bin/python -m src.train --config configs/ptq/ptq_baseline_s42.json""}]"
2026-07-18T21:10:26.204001+00:00,running,21,vm.swapusage: total = 3072.00M  used = 2675.44M  free = 396.56M  (encrypted),"[{""pid"":""28864"",""cpu_pct"":""0.0"",""rss_kib"":""6624"",""command"":""/Users/hozzy/Library/Application Support/ML-Experiments/progressive-diffusion-lm/m1-256/env/bin/python scripts/ptq_study.py --include-ternary""},{""pid"":""28890"",""cpu_pct"":""22.1"",""rss_kib"":""367264"",""command"":""/Users/hozzy/Library/Application Support/ML-Experiments/progressive-diffusion-lm/m1-256/env/bin/python -m src.train --config configs/ptq/ptq_baseline_s42.json""}]"
2026-07-18T21:11:26.317313+00:00,running,19,vm.swapusage: total = 3072.00M  used = 2643.44M  free = 428.56M  (encrypted),"[{""pid"":""28864"",""cpu_pct"":""0.0"",""rss_kib"":""6624"",""command"":""/Users/hozzy/Library/Application Support/ML-Experiments/progressive-diffusion-lm/m1-256/env/bin/python scripts/ptq_study.py --include-ternary""},{""pid"":""28890"",""cpu_pct"":""17.2"",""rss_kib"":""366352"",""command"":""/Users/hozzy/Library/Application Support/ML-Experiments/progressive-diffusion-lm/m1-256/env/bin/python -m src.train --config configs/ptq/ptq_baseline_s42.json""}]"
2026-07-18T21:12:26.539619+00:00,running,20,vm.swapusage: total = 3072.00M  used = 2663.75M  free = 408.25M  (encrypted),"[{""pid"":""28864"",""cpu_pct"":""0.0"",""rss_kib"":""6624"",""command"":""/Users/hozzy/Library/Application Support/ML-Experiments/progressive-diffusion-lm/m1-256/env/bin/python scripts/ptq_study.py --include-ternary""},{""pid"":""28890"",""cpu_pct"":""18.5"",""rss_kib"":""367488"",""command"":""/Users/hozzy/Library/Application Support/ML-Experiments/progressive-diffusion-lm/m1-256/env/bin/python -m src.train --config configs/ptq/ptq_baseline_s42.json""}]"
2026-07-18T21:13:26.762125+00:00,running,22,vm.swapusage: total = 3072.00M  used = 2661.25M  free = 410.75M  (encrypted),"[{""pid"":""28864"",""cpu_pct"":""0.0"",""rss_kib"":""6624"",""command"":""/Users/hozzy/Library/Application Support/ML-Experiments/progressive-diffusion-lm/m1-256/env/bin/python scripts/ptq_study.py --include-ternary""},{""pid"":""28890"",""cpu_pct"":""18.5"",""rss_kib"":""150928"",""command"":""/Users/hozzy/Library/Application Support/ML-Experiments/progressive-diffusion-lm/m1-256/env/bin/python -m src.train --config configs/ptq/ptq_baseline_s42.json""}]"
2026-07-18T21:14:26.855751+00:00,running,21,vm.swapusage: total = 3072.00M  used = 2645.25M  free = 426.75M  (encrypted),"[{""pid"":""28864"",""cpu_pct"":""0.0"",""rss_kib"":""6624"",""command"":""/Users/hozzy/Library/Application Support/ML-Experiments/progressive-diffusion-lm/m1-256/env/bin/python scripts/ptq_study.py --include-ternary""},{""pid"":""28890"",""cpu_pct"":""19.1"",""rss_kib"":""147296"",""command"":""/Users/hozzy/Library/Application Support/ML-Experiments/progressive-diffusion-lm/m1-256/env/bin/python -m src.train --config configs/ptq/ptq_baseline_s42.json""}]"
2026-07-18T21:15:27.078748+00:00,running,20,vm.swapusage: total = 3072.00M  used = 2637.44M  free = 434.56M  (encrypted),"[{""pid"":""28864"",""cpu_pct"":""0.0"",""rss_kib"":""6624"",""command"":""/Users/hozzy/Library/Application Support/ML-Experiments/progressive-diffusion-lm/m1-256/env/bin/python scripts/ptq_study.py --include-ternary""},{""pid"":""28890"",""cpu_pct"":""22.6"",""rss_kib"":""147088"",""command"":""/Users/hozzy/Library/Application Support/ML-Experiments/progressive-diffusion-lm/m1-256/env/bin/python -m src.train --config configs/ptq/ptq_baseline_s42.json""}]"
2026-07-18T21:16:27.297696+00:00,running,21,vm.swapusage: total = 3072.00M  used = 2686.25M  free = 385.75M  (encrypted),"[{""pid"":""28864"",""cpu_pct"":""0.0"",""rss_kib"":""6624"",""command"":""/Users/hozzy/Library/Application Support/ML-Experiments/progressive-diffusion-lm/m1-256/env/bin/python scripts/ptq_study.py --include-ternary""},{""pid"":""28890"",""cpu_pct"":""15.0"",""rss_kib"":""147248"",""command"":""/Users/hozzy/Library/Application Support/ML-Experiments/progressive-diffusion-lm/m1-256/env/bin/python -m src.train --config configs/ptq/ptq_baseline_s42.json""}]"
2026-07-18T21:17:27.522280+00:00,running,23,vm.swapusage: total = 3072.00M  used = 2697.81M  free = 374.19M  (encrypted),"[{""pid"":""28864"",""cpu_pct"":""0.0"",""rss_kib"":""6624"",""command"":""/Users/hozzy/Library/Application Support/ML-Experiments/progressive-diffusion-lm/m1-256/env/bin/python scripts/ptq_study.py --include-ternary""},{""pid"":""28890"",""cpu_pct"":""13.0"",""rss_kib"":""367792"",""command"":""/Users/hozzy/Library/Application Support/ML-Experiments/progressive-diffusion-lm/m1-256/env/bin/python -m src.train --config configs/ptq/ptq_baseline_s42.json""}]"
2026-07-18T21:18:27.752178+00:00,running,23,vm.swapusage: total = 3072.00M  used = 2673.81M  free = 398.19M  (encrypted),"[{""pid"":""28864"",""cpu_pct"":""0.0"",""rss_kib"":""6624"",""command"":""/Users/hozzy/Library/Application Support/ML-Experiments/progressive-diffusion-lm/m1-256/env/bin/python scripts/ptq_study.py --include-ternary""},{""pid"":""28890"",""cpu_pct"":""21.4"",""rss_kib"":""367952"",""command"":""/Users/hozzy/Library/Application Support/ML-Experiments/progressive-diffusion-lm/m1-256/env/bin/python -m src.train --config configs/ptq/ptq_baseline_s42.json""}]"
2026-07-18T21:19:27.876645+00:00,running,21,vm.swapusage: total = 3072.00M  used = 2649.81M  free = 422.19M  (encrypted),"[{""pid"":""28864"",""cpu_pct"":""0.0"",""rss_kib"":""6624"",""command"":""/Users/hozzy/Library/Application Support/ML-Experiments/progressive-diffusion-lm/m1-256/env/bin/python scripts/ptq_study.py --include-ternary""},{""pid"":""28890"",""cpu_pct"":""17.1"",""rss_kib"":""367632"",""command"":""/Users/hozzy/Library/Application Support/ML-Experiments/progressive-diffusion-lm/m1-256/env/bin/python -m src.train --config configs/ptq/ptq_baseline_s42.json""}]"
2026-07-18T21:20:28.040453+00:00,running,20,vm.swapusage: total = 3072.00M  used = 2641.81M  free = 430.19M  (encrypted),"[{""pid"":""28864"",""cpu_pct"":""0.0"",""rss_kib"":""6624"",""command"":""/Users/hozzy/Library/Application Support/ML-Experiments/progressive-diffusion-lm/m1-256/env/bin/python scripts/ptq_study.py --include-ternary""},{""pid"":""28890"",""cpu_pct"":""22.0"",""rss_kib"":""367440"",""command"":""/Users/hozzy/Library/Application Support/ML-Experiments/progressive-diffusion-lm/m1-256/env/bin/python -m src.train --config configs/ptq/ptq_baseline_s42.json""}]"
2026-07-18T21:21:28.249499+00:00,running,22,vm.swapusage: total = 3072.00M  used = 2670.19M  free = 401.81M  (encrypted),"[{""pid"":""28864"",""cpu_pct"":""0.0"",""rss_kib"":""6624"",""command"":""/Users/hozzy/Library/Application Support/ML-Experiments/progressive-diffusion-lm/m1-256/env/bin/python scripts/ptq_study.py --include-ternary""},{""pid"":""28890"",""cpu_pct"":""17.4"",""rss_kib"":""147216"",""command"":""/Users/hozzy/Library/Application Support/ML-Experiments/progressive-diffusion-lm/m1-256/env/bin/python -m src.train --config configs/ptq/ptq_baseline_s42.json""}]"
2026-07-18T21:22:28.334302+00:00,running,20,vm.swapusage: total = 3072.00M  used = 2646.19M  free = 425.81M  (encrypted),"[{""pid"":""28864"",""cpu_pct"":""0.0"",""rss_kib"":""6624"",""command"":""/Users/hozzy/Library/Application Support/ML-Experiments/progressive-diffusion-lm/m1-256/env/bin/python scripts/ptq_study.py --include-ternary""},{""pid"":""28890"",""cpu_pct"":""17.8"",""rss_kib"":""145664"",""command"":""/Users/hozzy/Library/Application Support/ML-Experiments/progressive-diffusion-lm/m1-256/env/bin/python -m src.train --config configs/ptq/ptq_baseline_s42.json""}]"
2026-07-18T21:23:28.412593+00:00,running,22,vm.swapusage: total = 3072.00M  used = 2650.50M  free = 421.50M  (encrypted),"[{""pid"":""28864"",""cpu_pct"":""0.0"",""rss_kib"":""6624"",""command"":""/Users/hozzy/Library/Application Support/ML-Experiments/progressive-diffusion-lm/m1-256/env/bin/python scripts/ptq_study.py --include-ternary""},{""pid"":""28890"",""cpu_pct"":""13.7"",""rss_kib"":""146144"",""command"":""/Users/hozzy/Library/Application Support/ML-Experiments/progressive-diffusion-lm/m1-256/env/bin/python -m src.train --config configs/ptq/ptq_baseline_s42.json""}]"
2026-07-18T21:24:28.653729+00:00,running,21,vm.swapusage: total = 3072.00M  used = 2642.50M  free = 429.50M  (encrypted),"[{""pid"":""28864"",""cpu_pct"":""0.0"",""rss_kib"":""6624"",""command"":""/Users/hozzy/Library/Application Support/ML-Experiments/progressive-diffusion-lm/m1-256/env/bin/python scripts/ptq_study.py --include-ternary""},{""pid"":""28890"",""cpu_pct"":""15.6"",""rss_kib"":""146608"",""command"":""/Users/hozzy/Library/Application Support/ML-Experiments/progressive-diffusion-lm/m1-256/env/bin/python -m src.train --config configs/ptq/ptq_baseline_s42.json""}]"
2026-07-18T21:25:28.966403+00:00,running,22,vm.swapusage: total = 3072.00M  used = 2753.12M  free = 318.88M  (encrypted),"[{""pid"":""28864"",""cpu_pct"":""0.0"",""rss_kib"":""6624"",""command"":""/Users/hozzy/Library/Application Support/ML-Experiments/progressive-diffusion-lm/m1-256/env/bin/python scripts/ptq_study.py --include-ternary""},{""pid"":""28890"",""cpu_pct"":""16.1"",""rss_kib"":""146832"",""command"":""/Users/hozzy/Library/Application Support/ML-Experiments/progressive-diffusion-lm/m1-256/env/bin/python -m src.train --config configs/ptq/ptq_baseline_s42.json""}]"
2026-07-18T21:26:29.133371+00:00,running,22,vm.swapusage: total = 3072.00M  used = 2721.12M  free = 350.88M  (encrypted),"[{""pid"":""28864"",""cpu_pct"":""0.0"",""rss_kib"":""6624"",""command"":""/Users/hozzy/Library/Application Support/ML-Experiments/progressive-diffusion-lm/m1-256/env/bin/python scripts/ptq_study.py --include-ternary""},{""pid"":""28890"",""cpu_pct"":""16.7"",""rss_kib"":""147040"",""command"":""/Users/hozzy/Library/Application Support/ML-Experiments/progressive-diffusion-lm/m1-256/env/bin/python -m src.train --config configs/ptq/ptq_baseline_s42.json""}]"
2026-07-18T21:27:29.262202+00:00,running,22,vm.swapusage: total = 3072.00M  used = 2705.12M  free = 366.88M  (encrypted),"[{""pid"":""28864"",""cpu_pct"":""0.0"",""rss_kib"":""6624"",""command"":""/Users/hozzy/Library/Application Support/ML-Experiments/progressive-diffusion-lm/m1-256/env/bin/python scripts/ptq_study.py --include-ternary""},{""pid"":""28890"",""cpu_pct"":""18.1"",""rss_kib"":""148144"",""command"":""/Users/hozzy/Library/Application Support/ML-Experiments/progressive-diffusion-lm/m1-256/env/bin/python -m src.train --config configs/ptq/ptq_baseline_s42.json""}]"
2026-07-18T21:28:29.333836+00:00,running,22,vm.swapusage: total = 3072.00M  used = 2697.12M  free = 374.88M  (encrypted),"[{""pid"":""28864"",""cpu_pct"":""0.0"",""rss_kib"":""6624"",""command"":""/Users/hozzy/Library/Application Support/ML-Experiments/progressive-diffusion-lm/m1-256/env/bin/python scripts/ptq_study.py --include-ternary""},{""pid"":""28890"",""cpu_pct"":""14.0"",""rss_kib"":""148032"",""command"":""/Users/hozzy/Library/Application Support/ML-Experiments/progressive-diffusion-lm/m1-256/env/bin/python -m src.train --config configs/ptq/ptq_baseline_s42.json""}]"
2026-07-18T21:29:29.560087+00:00,running,23,vm.swapusage: total = 3072.00M  used = 2697.12M  free = 374.88M  (encrypted),"[{""pid"":""28864"",""cpu_pct"":""0.0"",""rss_kib"":""6624"",""command"":""/Users/hozzy/Library/Application Support/ML-Experiments/progressive-diffusion-lm/m1-256/env/bin/python scripts/ptq_study.py --include-ternary""},{""pid"":""28890"",""cpu_pct"":""18.1"",""rss_kib"":""148864"",""command"":""/Users/hozzy/Library/Application Support/ML-Experiments/progressive-diffusion-lm/m1-256/env/bin/python -m src.train --config configs/ptq/ptq_baseline_s42.json""}]"
2026-07-18T21:30:29.765280+00:00,running,21,vm.swapusage: total = 3072.00M  used = 2649.12M  free = 422.88M  (encrypted),"[{""pid"":""28864"",""cpu_pct"":""0.0"",""rss_kib"":""6624"",""command"":""/Users/hozzy/Library/Application Support/ML-Experiments/progressive-diffusion-lm/m1-256/env/bin/python scripts/ptq_study.py --include-ternary""},{""pid"":""28890"",""cpu_pct"":""19.4"",""rss_kib"":""148512"",""command"":""/Users/hozzy/Library/Application Support/ML-Experiments/progressive-diffusion-lm/m1-256/env/bin/python -m src.train --config configs/ptq/ptq_baseline_s42.json""}]"
2026-07-18T21:31:29.881043+00:00,running,20,vm.swapusage: total = 3072.00M  used = 2625.12M  free = 446.88M  (encrypted),"[{""pid"":""28864"",""cpu_pct"":""0.0"",""rss_kib"":""6624"",""command"":""/Users/hozzy/Library/Application Support/ML-Experiments/progressive-diffusion-lm/m1-256/env/bin/python scripts/ptq_study.py --include-ternary""},{""pid"":""28890"",""cpu_pct"":""13.9"",""rss_kib"":""148768"",""command"":""/Users/hozzy/Library/Application Support/ML-Experiments/progressive-diffusion-lm/m1-256/env/bin/python -m src.train --config configs/ptq/ptq_baseline_s42.json""}]"
2026-07-18T21:32:29.994661+00:00,running,20,vm.swapusage: total = 3072.00M  used = 2625.12M  free = 446.88M  (encrypted),"[{""pid"":""28864"",""cpu_pct"":""0.0"",""rss_kib"":""6624"",""command"":""/Users/hozzy/Library/Application Support/ML-Experiments/progressive-diffusion-lm/m1-256/env/bin/python scripts/ptq_study.py --include-ternary""},{""pid"":""28890"",""cpu_pct"":""18.5"",""rss_kib"":""148512"",""command"":""/Users/hozzy/Library/Application Support/ML-Experiments/progressive-diffusion-lm/m1-256/env/bin/python -m src.train --config configs/ptq/ptq_baseline_s42.json""}]"
2026-07-18T21:33:30.089359+00:00,running,21,vm.swapusage: total = 3072.00M  used = 2635.25M  free = 436.75M  (encrypted),"[{""pid"":""28864"",""cpu_pct"":""0.0"",""rss_kib"":""6624"",""command"":""/Users/hozzy/Library/Application Support/ML-Experiments/progressive-diffusion-lm/m1-256/env/bin/python scripts/ptq_study.py --include-ternary""},{""pid"":""28890"",""cpu_pct"":""14.6"",""rss_kib"":""368576"",""command"":""/Users/hozzy/Library/Application Support/ML-Experiments/progressive-diffusion-lm/m1-256/env/bin/python -m src.train --config configs/ptq/ptq_baseline_s42.json""}]"
2026-07-18T21:34:30.208658+00:00,running,21,vm.swapusage: total = 3072.00M  used = 2635.25M  free = 436.75M  (encrypted),"[{""pid"":""28864"",""cpu_pct"":""0.0"",""rss_kib"":""6624"",""command"":""/Users/hozzy/Library/Application Support/ML-Experiments/progressive-diffusion-lm/m1-256/env/bin/python scripts/ptq_study.py --include-ternary""},{""pid"":""28890"",""cpu_pct"":""15.0"",""rss_kib"":""368848"",""command"":""/Users/hozzy/Library/Application Support/ML-Experiments/progressive-diffusion-lm/m1-256/env/bin/python -m src.train --config configs/ptq/ptq_baseline_s42.json""}]"
2026-07-18T21:35:30.366487+00:00,running,21,vm.swapusage: total = 3072.00M  used = 2627.25M  free = 444.75M  (encrypted),"[{""pid"":""28864"",""cpu_pct"":""0.0"",""rss_kib"":""6624"",""command"":""/Users/hozzy/Library/Application Support/ML-Experiments/progressive-diffusion-lm/m1-256/env/bin/python scripts/ptq_study.py --include-ternary""},{""pid"":""28890"",""cpu_pct"":""14.0"",""rss_kib"":""368016"",""command"":""/Users/hozzy/Library/Application Support/ML-Experiments/progressive-diffusion-lm/m1-256/env/bin/python -m src.train --config configs/ptq/ptq_baseline_s42.json""}]"
2026-07-18T21:36:30.510346+00:00,running,20,vm.swapusage: total = 3072.00M  used = 2625.56M  free = 446.44M  (encrypted),"[{""pid"":""28864"",""cpu_pct"":""0.0"",""rss_kib"":""6624"",""command"":""/Users/hozzy/Library/Application Support/ML-Experiments/progressive-diffusion-lm/m1-256/env/bin/python scripts/ptq_study.py --include-ternary""},{""pid"":""28890"",""cpu_pct"":""18.5"",""rss_kib"":""367808"",""command"":""/Users/hozzy/Library/Application Support/ML-Experiments/progressive-diffusion-lm/m1-256/env/bin/python -m src.train --config configs/ptq/ptq_baseline_s42.json""}]"
2026-07-18T21:37:30.596797+00:00,running,24,vm.swapusage: total = 3072.00M  used = 1932.25M  free = 1139.75M  (encrypted),"[{""pid"":""28864"",""cpu_pct"":""0.0"",""rss_kib"":""6880"",""command"":""/Users/hozzy/Library/Application Support/ML-Experiments/progressive-diffusion-lm/m1-256/env/bin/python scripts/ptq_study.py --include-ternary""},{""pid"":""33019"",""cpu_pct"":""14.5"",""rss_kib"":""43136"",""command"":""/Users/hozzy/Library/Application Support/ML-Experiments/progressive-diffusion-lm/m1-256/env/bin/python -m src.train --config configs/ptq/ptq_baseline_s123.json""}]"
2026-07-18T21:38:30.718900+00:00,running,23,vm.swapusage: total = 3072.00M  used = 1924.25M  free = 1147.75M  (encrypted),"[{""pid"":""28864"",""cpu_pct"":""0.0"",""rss_kib"":""6880"",""command"":""/Users/hozzy/Library/Application Support/ML-Experiments/progressive-diffusion-lm/m1-256/env/bin/python scripts/ptq_study.py --include-ternary""},{""pid"":""33019"",""cpu_pct"":""13.8"",""rss_kib"":""43312"",""command"":""/Users/hozzy/Library/Application Support/ML-Experiments/progressive-diffusion-lm/m1-256/env/bin/python -m src.train --config configs/ptq/ptq_baseline_s123.json""}]"
2026-07-18T21:39:30.937429+00:00,running,22,vm.swapusage: total = 3072.00M  used = 1916.25M  free = 1155.75M  (encrypted),"[{""pid"":""28864"",""cpu_pct"":""0.0"",""rss_kib"":""6880"",""command"":""/Users/hozzy/Library/Application Support/ML-Experiments/progressive-diffusion-lm/m1-256/env/bin/python scripts/ptq_study.py --include-ternary""},{""pid"":""33019"",""cpu_pct"":""13.5"",""rss_kib"":""42896"",""command"":""/Users/hozzy/Library/Application Support/ML-Experiments/progressive-diffusion-lm/m1-256/env/bin/python -m src.train --config configs/ptq/ptq_baseline_s123.json""}]"
2026-07-18T21:40:31.112681+00:00,running,21,vm.swapusage: total = 3072.00M  used = 1908.25M  free = 1163.75M  (encrypted),"[{""pid"":""28864"",""cpu_pct"":""0.0"",""rss_kib"":""6848"",""command"":""/Users/hozzy/Library/Application Support/ML-Experiments/progressive-diffusion-lm/m1-256/env/bin/python scripts/ptq_study.py --include-ternary""},{""pid"":""33019"",""cpu_pct"":""14.6"",""rss_kib"":""34880"",""command"":""/Users/hozzy/Library/Application Support/ML-Experiments/progressive-diffusion-lm/m1-256/env/bin/python -m src.train --config configs/ptq/ptq_baseline_s123.json""}]"
2026-07-18T21:41:31.315186+00:00,running,23,vm.swapusage: total = 3072.00M  used = 1967.38M  free = 1104.62M  (encrypted),"[{""pid"":""28864"",""cpu_pct"":""0.0"",""rss_kib"":""6848"",""command"":""/Users/hozzy/Library/Application Support/ML-Experiments/progressive-diffusion-lm/m1-256/env/bin/python scripts/ptq_study.py --include-ternary""},{""pid"":""33019"",""cpu_pct"":""20.4"",""rss_kib"":""369184"",""command"":""/Users/hozzy/Library/Application Support/ML-Experiments/progressive-diffusion-lm/m1-256/env/bin/python -m src.train --config configs/ptq/ptq_baseline_s123.json""}]"
2026-07-18T21:42:31.482657+00:00,running,23,vm.swapusage: total = 3072.00M  used = 1959.38M  free = 1112.62M  (encrypted),"[{""pid"":""28864"",""cpu_pct"":""0.0"",""rss_kib"":""6848"",""command"":""/Users/hozzy/Library/Application Support/ML-Experiments/progressive-diffusion-lm/m1-256/env/bin/python scripts/ptq_study.py --include-ternary""},{""pid"":""33019"",""cpu_pct"":""13.3"",""rss_kib"":""369216"",""command"":""/Users/hozzy/Library/Application Support/ML-Experiments/progressive-diffusion-lm/m1-256/env/bin/python -m src.train --config configs/ptq/ptq_baseline_s123.json""}]"
2026-07-18T21:43:31.710493+00:00,running,21,vm.swapusage: total = 3072.00M  used = 1959.38M  free = 1112.62M  (encrypted),"[{""pid"":""28864"",""cpu_pct"":""0.0"",""rss_kib"":""6848"",""command"":""/Users/hozzy/Library/Application Support/ML-Experiments/progressive-diffusion-lm/m1-256/env/bin/python scripts/ptq_study.py --include-ternary""},{""pid"":""33019"",""cpu_pct"":""17.0"",""rss_kib"":""368320"",""command"":""/Users/hozzy/Library/Application Support/ML-Experiments/progressive-diffusion-lm/m1-256/env/bin/python -m src.train --config configs/ptq/ptq_baseline_s123.json""}]"
2026-07-18T21:44:31.805267+00:00,running,21,vm.swapusage: total = 3072.00M  used = 1959.38M  free = 1112.62M  (encrypted),"[{""pid"":""28864"",""cpu_pct"":""0.0"",""rss_kib"":""6848"",""command"":""/Users/hozzy/Library/Application Support/ML-Experiments/progressive-diffusion-lm/m1-256/env/bin/python scripts/ptq_study.py --include-ternary""},{""pid"":""33019"",""cpu_pct"":""21.6"",""rss_kib"":""368736"",""command"":""/Users/hozzy/Library/Application Support/ML-Experiments/progressive-diffusion-lm/m1-256/env/bin/python -m src.train --config configs/ptq/ptq_baseline_s123.json""}]"
2026-07-18T21:45:31.952895+00:00,running,21,vm.swapusage: total = 3072.00M  used = 1956.50M  free = 1115.50M  (encrypted),"[{""pid"":""28864"",""cpu_pct"":""0.0"",""rss_kib"":""6848"",""command"":""/Users/hozzy/Library/Application Support/ML-Experiments/progressive-diffusion-lm/m1-256/env/bin/python scripts/ptq_study.py --include-ternary""},{""pid"":""33019"",""cpu_pct"":""17.9"",""rss_kib"":""367040"",""command"":""/Users/hozzy/Library/Application Support/ML-Experiments/progressive-diffusion-lm/m1-256/env/bin/python -m src.train --config configs/ptq/ptq_baseline_s123.json""}]"
2026-07-18T21:46:32.182196+00:00,running,20,vm.swapusage: total = 3072.00M  used = 1940.50M  free = 1131.50M  (encrypted),"[{""pid"":""28864"",""cpu_pct"":""0.0"",""rss_kib"":""6848"",""command"":""/Users/hozzy/Library/Application Support/ML-Experiments/progressive-diffusion-lm/m1-256/env/bin/python scripts/ptq_study.py --include-ternary""},{""pid"":""33019"",""cpu_pct"":""22.2"",""rss_kib"":""365936"",""command"":""/Users/hozzy/Library/Application Support/ML-Experiments/progressive-diffusion-lm/m1-256/env/bin/python -m src.train --config configs/ptq/ptq_baseline_s123.json""}]"
2026-07-18T21:47:32.306849+00:00,running,21,vm.swapusage: total = 3072.00M  used = 1924.50M  free = 1147.50M  (encrypted),"[{""pid"":""28864"",""cpu_pct"":""0.0"",""rss_kib"":""6848"",""command"":""/Users/hozzy/Library/Application Support/ML-Experiments/progressive-diffusion-lm/m1-256/env/bin/python scripts/ptq_study.py --include-ternary""},{""pid"":""33019"",""cpu_pct"":""19.1"",""rss_kib"":""368320"",""command"":""/Users/hozzy/Library/Application Support/ML-Experiments/progressive-diffusion-lm/m1-256/env/bin/python -m src.train --config configs/ptq/ptq_baseline_s123.json""}]"
2026-07-18T21:48:32.441352+00:00,running,22,vm.swapusage: total = 3072.00M  used = 1975.31M  free = 1096.69M  (encrypted),"[{""pid"":""28864"",""cpu_pct"":""0.0"",""rss_kib"":""6848"",""command"":""/Users/hozzy/Library/Application Support/ML-Experiments/progressive-diffusion-lm/m1-256/env/bin/python scripts/ptq_study.py --include-ternary""},{""pid"":""33019"",""cpu_pct"":""7.4"",""rss_kib"":""145008"",""command"":""/Users/hozzy/Library/Application Support/ML-Experiments/progressive-diffusion-lm/m1-256/env/bin/python -m src.train --config configs/ptq/ptq_baseline_s123.json""}]"
2026-07-18T21:49:32.520124+00:00,running,21,vm.swapusage: total = 3072.00M  used = 1975.31M  free = 1096.69M  (encrypted),"[{""pid"":""28864"",""cpu_pct"":""0.0"",""rss_kib"":""6848"",""command"":""/Users/hozzy/Library/Application Support/ML-Experiments/progressive-diffusion-lm/m1-256/env/bin/python scripts/ptq_study.py --include-ternary""},{""pid"":""33019"",""cpu_pct"":""13.8"",""rss_kib"":""367072"",""command"":""/Users/hozzy/Library/Application Support/ML-Experiments/progressive-diffusion-lm/m1-256/env/bin/python -m src.train --config configs/ptq/ptq_baseline_s123.json""}]"
2026-07-18T21:50:32.715228+00:00,running,21,vm.swapusage: total = 3072.00M  used = 1975.31M  free = 1096.69M  (encrypted),"[{""pid"":""28864"",""cpu_pct"":""0.0"",""rss_kib"":""6848"",""command"":""/Users/hozzy/Library/Application Support/ML-Experiments/progressive-diffusion-lm/m1-256/env/bin/python scripts/ptq_study.py --include-ternary""},{""pid"":""33019"",""cpu_pct"":""16.8"",""rss_kib"":""366208"",""command"":""/Users/hozzy/Library/Application Support/ML-Experiments/progressive-diffusion-lm/m1-256/env/bin/python -m src.train --config configs/ptq/ptq_baseline_s123.json""}]"
2026-07-18T21:51:32.886436+00:00,running,21,vm.swapusage: total = 3072.00M  used = 1967.31M  free = 1104.69M  (encrypted),"[{""pid"":""28864"",""cpu_pct"":""0.0"",""rss_kib"":""6848"",""command"":""/Users/hozzy/Library/Application Support/ML-Experiments/progressive-diffusion-lm/m1-256/env/bin/python scripts/ptq_study.py --include-ternary""},{""pid"":""33019"",""cpu_pct"":""18.6"",""rss_kib"":""365664"",""command"":""/Users/hozzy/Library/Application Support/ML-Experiments/progressive-diffusion-lm/m1-256/env/bin/python -m src.train --config configs/ptq/ptq_baseline_s123.json""}]"
2026-07-18T21:52:32.981997+00:00,running,22,vm.swapusage: total = 3072.00M  used = 1985.81M  free = 1086.19M  (encrypted),"[{""pid"":""28864"",""cpu_pct"":""0.0"",""rss_kib"":""6848"",""command"":""/Users/hozzy/Library/Application Support/ML-Experiments/progressive-diffusion-lm/m1-256/env/bin/python scripts/ptq_study.py --include-ternary""},{""pid"":""33019"",""cpu_pct"":""7.5"",""rss_kib"":""143120"",""command"":""/Users/hozzy/Library/Application Support/ML-Experiments/progressive-diffusion-lm/m1-256/env/bin/python -m src.train --config configs/ptq/ptq_baseline_s123.json""}]"
2026-07-18T21:53:33.052950+00:00,running,21,vm.swapusage: total = 3072.00M  used = 1985.81M  free = 1086.19M  (encrypted),"[{""pid"":""28864"",""cpu_pct"":""0.0"",""rss_kib"":""6848"",""command"":""/Users/hozzy/Library/Application Support/ML-Experiments/progressive-diffusion-lm/m1-256/env/bin/python scripts/ptq_study.py --include-ternary""},{""pid"":""33019"",""cpu_pct"":""16.4"",""rss_kib"":""366480"",""command"":""/Users/hozzy/Library/Application Support/ML-Experiments/progressive-diffusion-lm/m1-256/env/bin/python -m src.train --config configs/ptq/ptq_baseline_s123.json""}]"
2026-07-18T21:54:33.177971+00:00,running,21,vm.swapusage: total = 3072.00M  used = 1977.81M  free = 1094.19M  (encrypted),"[{""pid"":""28864"",""cpu_pct"":""0.0"",""rss_kib"":""6848"",""command"":""/Users/hozzy/Library/Application Support/ML-Experiments/progressive-diffusion-lm/m1-256/env/bin/python scripts/ptq_study.py --include-ternary""},{""pid"":""33019"",""cpu_pct"":""15.6"",""rss_kib"":""366128"",""command"":""/Users/hozzy/Library/Application Support/ML-Experiments/progressive-diffusion-lm/m1-256/env/bin/python -m src.train --config configs/ptq/ptq_baseline_s123.json""}]"
2026-07-18T21:55:33.412808+00:00,running,21,vm.swapusage: total = 3072.00M  used = 2005.19M  free = 1066.81M  (encrypted),"[{""pid"":""28864"",""cpu_pct"":""0.0"",""rss_kib"":""6848"",""command"":""/Users/hozzy/Library/Application Support/ML-Experiments/progressive-diffusion-lm/m1-256/env/bin/python scripts/ptq_study.py --include-ternary""},{""pid"":""33019"",""cpu_pct"":""19.9"",""rss_kib"":""366816"",""command"":""/Users/hozzy/Library/Application Support/ML-Experiments/progressive-diffusion-lm/m1-256/env/bin/python -m src.train --config configs/ptq/ptq_baseline_s123.json""}]"
2026-07-18T21:56:33.605174+00:00,running,23,vm.swapusage: total = 3072.00M  used = 2049.88M  free = 1022.12M  (encrypted),"[{""pid"":""28864"",""cpu_pct"":""0.0"",""rss_kib"":""6832"",""command"":""/Users/hozzy/Library/Application Support/ML-Experiments/progressive-diffusion-lm/m1-256/env/bin/python scripts/ptq_study.py --include-ternary""},{""pid"":""33019"",""cpu_pct"":""17.0"",""rss_kib"":""145632"",""command"":""/Users/hozzy/Library/Application Support/ML-Experiments/progressive-diffusion-lm/m1-256/env/bin/python -m src.train --config configs/ptq/ptq_baseline_s123.json""}]"
2026-07-18T21:57:33.780431+00:00,running,22,vm.swapusage: total = 3072.00M  used = 2041.88M  free = 1030.12M  (encrypted),"[{""pid"":""28864"",""cpu_pct"":""0.0"",""rss_kib"":""6832"",""command"":""/Users/hozzy/Library/Application Support/ML-Experiments/progressive-diffusion-lm/m1-256/env/bin/python scripts/ptq_study.py --include-ternary""},{""pid"":""33019"",""cpu_pct"":""12.9"",""rss_kib"":""145536"",""command"":""/Users/hozzy/Library/Application Support/ML-Experiments/progressive-diffusion-lm/m1-256/env/bin/python -m src.train --config configs/ptq/ptq_baseline_s123.json""}]"
2026-07-18T21:58:33.877486+00:00,running,22,vm.swapusage: total = 3072.00M  used = 2041.88M  free = 1030.12M  (encrypted),"[{""pid"":""28864"",""cpu_pct"":""0.0"",""rss_kib"":""6832"",""command"":""/Users/hozzy/Library/Application Support/ML-Experiments/progressive-diffusion-lm/m1-256/env/bin/python scripts/ptq_study.py --include-ternary""},{""pid"":""33019"",""cpu_pct"":""15.3"",""rss_kib"":""145840"",""command"":""/Users/hozzy/Library/Application Support/ML-Experiments/progressive-diffusion-lm/m1-256/env/bin/python -m src.train --config configs/ptq/ptq_baseline_s123.json""}]"
2026-07-18T21:59:34.040736+00:00,running,23,vm.swapusage: total = 3072.00M  used = 2041.88M  free = 1030.12M  (encrypted),"[{""pid"":""28864"",""cpu_pct"":""0.0"",""rss_kib"":""6832"",""command"":""/Users/hozzy/Library/Application Support/ML-Experiments/progressive-diffusion-lm/m1-256/env/bin/python scripts/ptq_study.py --include-ternary""},{""pid"":""33019"",""cpu_pct"":""21.0"",""rss_kib"":""145440"",""command"":""/Users/hozzy/Library/Application Support/ML-Experiments/progressive-diffusion-lm/m1-256/env/bin/python -m src.train --config configs/ptq/ptq_baseline_s123.json""}]"
2026-07-18T22:00:34.268792+00:00,running,20,vm.swapusage: total = 3072.00M  used = 2201.25M  free = 870.75M  (encrypted),"[{""pid"":""28864"",""cpu_pct"":""0.0"",""rss_kib"":""6672"",""command"":""/Users/hozzy/Library/Application Support/ML-Experiments/progressive-diffusion-lm/m1-256/env/bin/python scripts/ptq_study.py --include-ternary""},{""pid"":""33019"",""cpu_pct"":""18.3"",""rss_kib"":""273168"",""command"":""/Users/hozzy/Library/Application Support/ML-Experiments/progressive-diffusion-lm/m1-256/env/bin/python -m src.train --config configs/ptq/ptq_baseline_s123.json""}]"
2026-07-18T22:01:34.472577+00:00,running,18,vm.swapusage: total = 3072.00M  used = 2138.81M  free = 933.19M  (encrypted),"[{""pid"":""28864"",""cpu_pct"":""0.0"",""rss_kib"":""6640"",""command"":""/Users/hozzy/Library/Application Support/ML-Experiments/progressive-diffusion-lm/m1-256/env/bin/python scripts/ptq_study.py --include-ternary""},{""pid"":""33019"",""cpu_pct"":""15.6"",""rss_kib"":""273040"",""command"":""/Users/hozzy/Library/Application Support/ML-Experiments/progressive-diffusion-lm/m1-256/env/bin/python -m src.train --config configs/ptq/ptq_baseline_s123.json""}]"
2026-07-18T22:02:34.625886+00:00,running,19,vm.swapusage: total = 3072.00M  used = 2141.94M  free = 930.06M  (encrypted),"[{""pid"":""28864"",""cpu_pct"":""0.0"",""rss_kib"":""6624"",""command"":""/Users/hozzy/Library/Application Support/ML-Experiments/progressive-diffusion-lm/m1-256/env/bin/python scripts/ptq_study.py --include-ternary""},{""pid"":""33019"",""cpu_pct"":""16.4"",""rss_kib"":""272944"",""command"":""/Users/hozzy/Library/Application Support/ML-Experiments/progressive-diffusion-lm/m1-256/env/bin/python -m src.train --config configs/ptq/ptq_baseline_s123.json""}]"
2026-07-18T22:03:34.705410+00:00,running,20,vm.swapusage: total = 3072.00M  used = 2125.94M  free = 946.06M  (encrypted),"[{""pid"":""28864"",""cpu_pct"":""0.0"",""rss_kib"":""6640"",""command"":""/Users/hozzy/Library/Application Support/ML-Experiments/progressive-diffusion-lm/m1-256/env/bin/python scripts/ptq_study.py --include-ternary""},{""pid"":""33019"",""cpu_pct"":""14.0"",""rss_kib"":""273248"",""command"":""/Users/hozzy/Library/Application Support/ML-Experiments/progressive-diffusion-lm/m1-256/env/bin/python -m src.train --config configs/ptq/ptq_baseline_s123.json""}]"
2026-07-18T22:04:34.788774+00:00,running,20,vm.swapusage: total = 3072.00M  used = 2124.75M  free = 947.25M  (encrypted),"[{""pid"":""28864"",""cpu_pct"":""0.0"",""rss_kib"":""6640"",""command"":""/Users/hozzy/Library/Application Support/ML-Experiments/progressive-diffusion-lm/m1-256/env/bin/python scripts/ptq_study.py --include-ternary""},{""pid"":""33019"",""cpu_pct"":""18.8"",""rss_kib"":""362640"",""command"":""/Users/hozzy/Library/Application Support/ML-Experiments/progressive-diffusion-lm/m1-256/env/bin/python -m src.train --config configs/ptq/ptq_baseline_s123.json""}]"
2026-07-18T22:05:34.925603+00:00,running,20,vm.swapusage: total = 3072.00M  used = 2108.75M  free = 963.25M  (encrypted),"[{""pid"":""28864"",""cpu_pct"":""0.0"",""rss_kib"":""6640"",""command"":""/Users/hozzy/Library/Application Support/ML-Experiments/progressive-diffusion-lm/m1-256/env/bin/python scripts/ptq_study.py --include-ternary""},{""pid"":""33019"",""cpu_pct"":""14.0"",""rss_kib"":""363440"",""command"":""/Users/hozzy/Library/Application Support/ML-Experiments/progressive-diffusion-lm/m1-256/env/bin/python -m src.train --config configs/ptq/ptq_baseline_s123.json""}]"
2026-07-18T22:06:35.190237+00:00,running,18,vm.swapusage: total = 3072.00M  used = 2082.50M  free = 989.50M  (encrypted),"[{""pid"":""28864"",""cpu_pct"":""0.0"",""rss_kib"":""6640"",""command"":""/Users/hozzy/Library/Application Support/ML-Experiments/progressive-diffusion-lm/m1-256/env/bin/python scripts/ptq_study.py --include-ternary""},{""pid"":""33019"",""cpu_pct"":""16.3"",""rss_kib"":""362560"",""command"":""/Users/hozzy/Library/Application Support/ML-Experiments/progressive-diffusion-lm/m1-256/env/bin/python -m src.train --config configs/ptq/ptq_baseline_s123.json""}]"
2026-07-18T22:07:35.432713+00:00,running,20,vm.swapusage: total = 3072.00M  used = 2135.50M  free = 936.50M  (encrypted),"[{""pid"":""28864"",""cpu_pct"":""0.0"",""rss_kib"":""6640"",""command"":""/Users/hozzy/Library/Application Support/ML-Experiments/progressive-diffusion-lm/m1-256/env/bin/python scripts/ptq_study.py --include-ternary""},{""pid"":""33019"",""cpu_pct"":""22.4"",""rss_kib"":""363200"",""command"":""/Users/hozzy/Library/Application Support/ML-Experiments/progressive-diffusion-lm/m1-256/env/bin/python -m src.train --config configs/ptq/ptq_baseline_s123.json""}]"
2026-07-18T22:08:35.524668+00:00,running,23,vm.swapusage: total = 3072.00M  used = 2158.94M  free = 913.06M  (encrypted),"[{""pid"":""28864"",""cpu_pct"":""0.0"",""rss_kib"":""6640"",""command"":""/Users/hozzy/Library/Application Support/ML-Experiments/progressive-diffusion-lm/m1-256/env/bin/python scripts/ptq_study.py --include-ternary""},{""pid"":""33019"",""cpu_pct"":""15.5"",""rss_kib"":""143360"",""command"":""/Users/hozzy/Library/Application Support/ML-Experiments/progressive-diffusion-lm/m1-256/env/bin/python -m src.train --config configs/ptq/ptq_baseline_s123.json""}]"
2026-07-18T22:09:35.711940+00:00,running,22,vm.swapusage: total = 3072.00M  used = 2102.94M  free = 969.06M  (encrypted),"[{""pid"":""28864"",""cpu_pct"":""0.0"",""rss_kib"":""6640"",""command"":""/Users/hozzy/Library/Application Support/ML-Experiments/progressive-diffusion-lm/m1-256/env/bin/python scripts/ptq_study.py --include-ternary""},{""pid"":""33019"",""cpu_pct"":""17.6"",""rss_kib"":""143792"",""command"":""/Users/hozzy/Library/Application Support/ML-Experiments/progressive-diffusion-lm/m1-256/env/bin/python -m src.train --config configs/ptq/ptq_baseline_s123.json""}]"
2026-07-18T22:10:35.825078+00:00,running,20,vm.swapusage: total = 3072.00M  used = 2070.94M  free = 1001.06M  (encrypted),"[{""pid"":""28864"",""cpu_pct"":""0.0"",""rss_kib"":""6640"",""command"":""/Users/hozzy/Library/Application Support/ML-Experiments/progressive-diffusion-lm/m1-256/env/bin/python scripts/ptq_study.py --include-ternary""},{""pid"":""33019"",""cpu_pct"":""20.6"",""rss_kib"":""143504"",""command"":""/Users/hozzy/Library/Application Support/ML-Experiments/progressive-diffusion-lm/m1-256/env/bin/python -m src.train --config configs/ptq/ptq_baseline_s123.json""}]"
2026-07-18T22:11:35.915907+00:00,running,20,vm.swapusage: total = 3072.00M  used = 2038.94M  free = 1033.06M  (encrypted),"[{""pid"":""28864"",""cpu_pct"":""0.0"",""rss_kib"":""6640"",""command"":""/Users/hozzy/Library/Application Support/ML-Experiments/progressive-diffusion-lm/m1-256/env/bin/python scripts/ptq_study.py --include-ternary""},{""pid"":""33019"",""cpu_pct"":""12.9"",""rss_kib"":""143568"",""command"":""/Users/hozzy/Library/Application Support/ML-Experiments/progressive-diffusion-lm/m1-256/env/bin/python -m src.train --config configs/ptq/ptq_baseline_s123.json""}]"
2026-07-18T22:12:36.123937+00:00,running,23,vm.swapusage: total = 3072.00M  used = 2082.19M  free = 989.81M  (encrypted),"[{""pid"":""28864"",""cpu_pct"":""0.0"",""rss_kib"":""6640"",""command"":""/Users/hozzy/Library/Application Support/ML-Experiments/progressive-diffusion-lm/m1-256/env/bin/python scripts/ptq_study.py --include-ternary""},{""pid"":""33019"",""cpu_pct"":""13.7"",""rss_kib"":""364208"",""command"":""/Users/hozzy/Library/Application Support/ML-Experiments/progressive-diffusion-lm/m1-256/env/bin/python -m src.train --config configs/ptq/ptq_baseline_s123.json""}]"
2026-07-18T22:13:36.334354+00:00,running,19,vm.swapusage: total = 3072.00M  used = 1991.75M  free = 1080.25M  (encrypted),"[{""pid"":""28864"",""cpu_pct"":""0.0"",""rss_kib"":""6640"",""command"":""/Users/hozzy/Library/Application Support/ML-Experiments/progressive-diffusion-lm/m1-256/env/bin/python scripts/ptq_study.py --include-ternary""},{""pid"":""33019"",""cpu_pct"":""16.3"",""rss_kib"":""363776"",""command"":""/Users/hozzy/Library/Application Support/ML-Experiments/progressive-diffusion-lm/m1-256/env/bin/python -m src.train --config configs/ptq/ptq_baseline_s123.json""}]"
2026-07-18T22:14:36.532343+00:00,running,20,vm.swapusage: total = 3072.00M  used = 1991.75M  free = 1080.25M  (encrypted),"[{""pid"":""28864"",""cpu_pct"":""0.0"",""rss_kib"":""6640"",""command"":""/Users/hozzy/Library/Application Support/ML-Experiments/progressive-diffusion-lm/m1-256/env/bin/python scripts/ptq_study.py --include-ternary""},{""pid"":""33019"",""cpu_pct"":""15.0"",""rss_kib"":""364176"",""command"":""/Users/hozzy/Library/Application Support/ML-Experiments/progressive-diffusion-lm/m1-256/env/bin/python -m src.train --config configs/ptq/ptq_baseline_s123.json""}]"
2026-07-18T22:15:36.650994+00:00,running,20,vm.swapusage: total = 3072.00M  used = 2062.69M  free = 1009.31M  (encrypted),"[{""pid"":""28864"",""cpu_pct"":""0.0"",""rss_kib"":""6640"",""command"":""/Users/hozzy/Library/Application Support/ML-Experiments/progressive-diffusion-lm/m1-256/env/bin/python scripts/ptq_study.py --include-ternary""},{""pid"":""33019"",""cpu_pct"":""19.0"",""rss_kib"":""364016"",""command"":""/Users/hozzy/Library/Application Support/ML-Experiments/progressive-diffusion-lm/m1-256/env/bin/python -m src.train --config configs/ptq/ptq_baseline_s123.json""}]"
2026-07-18T22:16:36.878810+00:00,running,23,vm.swapusage: total = 3072.00M  used = 2088.50M  free = 983.50M  (encrypted),"[{""pid"":""28864"",""cpu_pct"":""0.0"",""rss_kib"":""6640"",""command"":""/Users/hozzy/Library/Application Support/ML-Experiments/progressive-diffusion-lm/m1-256/env/bin/python scripts/ptq_study.py --include-ternary""},{""pid"":""33019"",""cpu_pct"":""14.5"",""rss_kib"":""364688"",""command"":""/Users/hozzy/Library/Application Support/ML-Experiments/progressive-diffusion-lm/m1-256/env/bin/python -m src.train --config configs/ptq/ptq_baseline_s123.json""}]"
2026-07-18T22:17:36.984151+00:00,running,23,vm.swapusage: total = 3072.00M  used = 2080.50M  free = 991.50M  (encrypted),"[{""pid"":""28864"",""cpu_pct"":""0.0"",""rss_kib"":""6640"",""command"":""/Users/hozzy/Library/Application Support/ML-Experiments/progressive-diffusion-lm/m1-256/env/bin/python scripts/ptq_study.py --include-ternary""},{""pid"":""33019"",""cpu_pct"":""21.2"",""rss_kib"":""364896"",""command"":""/Users/hozzy/Library/Application Support/ML-Experiments/progressive-diffusion-lm/m1-256/env/bin/python -m src.train --config configs/ptq/ptq_baseline_s123.json""}]"
2026-07-18T22:18:37.203960+00:00,running,22,vm.swapusage: total = 3072.00M  used = 2072.50M  free = 999.50M  (encrypted),"[{""pid"":""28864"",""cpu_pct"":""0.0"",""rss_kib"":""6640"",""command"":""/Users/hozzy/Library/Application Support/ML-Experiments/progressive-diffusion-lm/m1-256/env/bin/python scripts/ptq_study.py --include-ternary""},{""pid"":""33019"",""cpu_pct"":""16.0"",""rss_kib"":""364640"",""command"":""/Users/hozzy/Library/Application Support/ML-Experiments/progressive-diffusion-lm/m1-256/env/bin/python -m src.train --config configs/ptq/ptq_baseline_s123.json""}]"
2026-07-18T22:19:37.446042+00:00,running,22,vm.swapusage: total = 3072.00M  used = 2056.50M  free = 1015.50M  (encrypted),"[{""pid"":""28864"",""cpu_pct"":""0.0"",""rss_kib"":""6640"",""command"":""/Users/hozzy/Library/Application Support/ML-Experiments/progressive-diffusion-lm/m1-256/env/bin/python scripts/ptq_study.py --include-ternary""},{""pid"":""33019"",""cpu_pct"":""18.7"",""rss_kib"":""364800"",""command"":""/Users/hozzy/Library/Application Support/ML-Experiments/progressive-diffusion-lm/m1-256/env/bin/python -m src.train --config configs/ptq/ptq_baseline_s123.json""}]"
2026-07-18T22:20:37.597564+00:00,running,23,vm.swapusage: total = 3072.00M  used = 2096.25M  free = 975.75M  (encrypted),"[{""pid"":""28864"",""cpu_pct"":""0.0"",""rss_kib"":""6640"",""command"":""/Users/hozzy/Library/Application Support/ML-Experiments/progressive-diffusion-lm/m1-256/env/bin/python scripts/ptq_study.py --include-ternary""},{""pid"":""33019"",""cpu_pct"":""14.6"",""rss_kib"":""363952"",""command"":""/Users/hozzy/Library/Application Support/ML-Experiments/progressive-diffusion-lm/m1-256/env/bin/python -m src.train --config configs/ptq/ptq_baseline_s123.json""}]"
2026-07-18T22:21:37.722720+00:00,running,22,vm.swapusage: total = 3072.00M  used = 2080.25M  free = 991.75M  (encrypted),"[{""pid"":""28864"",""cpu_pct"":""0.0"",""rss_kib"":""6640"",""command"":""/Users/hozzy/Library/Application Support/ML-Experiments/progressive-diffusion-lm/m1-256/env/bin/python scripts/ptq_study.py --include-ternary""},{""pid"":""33019"",""cpu_pct"":""19.6"",""rss_kib"":""364608"",""command"":""/Users/hozzy/Library/Application Support/ML-Experiments/progressive-diffusion-lm/m1-256/env/bin/python -m src.train --config configs/ptq/ptq_baseline_s123.json""}]"
2026-07-18T22:22:37.880145+00:00,running,22,vm.swapusage: total = 3072.00M  used = 2072.25M  free = 999.75M  (encrypted),"[{""pid"":""28864"",""cpu_pct"":""0.0"",""rss_kib"":""6640"",""command"":""/Users/hozzy/Library/Application Support/ML-Experiments/progressive-diffusion-lm/m1-256/env/bin/python scripts/ptq_study.py --include-ternary""},{""pid"":""33019"",""cpu_pct"":""12.6"",""rss_kib"":""364736"",""command"":""/Users/hozzy/Library/Application Support/ML-Experiments/progressive-diffusion-lm/m1-256/env/bin/python -m src.train --config configs/ptq/ptq_baseline_s123.json""}]"
2026-07-18T22:23:38.043411+00:00,running,21,vm.swapusage: total = 3072.00M  used = 2064.25M  free = 1007.75M  (encrypted),"[{""pid"":""28864"",""cpu_pct"":""0.0"",""rss_kib"":""6640"",""command"":""/Users/hozzy/Library/Application Support/ML-Experiments/progressive-diffusion-lm/m1-256/env/bin/python scripts/ptq_study.py --include-ternary""},{""pid"":""33019"",""cpu_pct"":""17.8"",""rss_kib"":""364208"",""command"":""/Users/hozzy/Library/Application Support/ML-Experiments/progressive-diffusion-lm/m1-256/env/bin/python -m src.train --config configs/ptq/ptq_baseline_s123.json""}]"
2026-07-18T22:24:38.219709+00:00,running,23,vm.swapusage: total = 3072.00M  used = 2066.38M  free = 1005.62M  (encrypted),"[{""pid"":""28864"",""cpu_pct"":""0.0"",""rss_kib"":""6640"",""command"":""/Users/hozzy/Library/Application Support/ML-Experiments/progressive-diffusion-lm/m1-256/env/bin/python scripts/ptq_study.py --include-ternary""},{""pid"":""33019"",""cpu_pct"":""17.9"",""rss_kib"":""144416"",""command"":""/Users/hozzy/Library/Application Support/ML-Experiments/progressive-diffusion-lm/m1-256/env/bin/python -m src.train --config configs/ptq/ptq_baseline_s123.json""}]"
2026-07-18T22:25:38.448700+00:00,running,21,vm.swapusage: total = 3072.00M  used = 2058.38M  free = 1013.62M  (encrypted),"[{""pid"":""28864"",""cpu_pct"":""0.0"",""rss_kib"":""6640"",""command"":""/Users/hozzy/Library/Application Support/ML-Experiments/progressive-diffusion-lm/m1-256/env/bin/python scripts/ptq_study.py --include-ternary""},{""pid"":""33019"",""cpu_pct"":""20.3"",""rss_kib"":""144080"",""command"":""/Users/hozzy/Library/Application Support/ML-Experiments/progressive-diffusion-lm/m1-256/env/bin/python -m src.train --config configs/ptq/ptq_baseline_s123.json""}]"
2026-07-18T22:26:38.667893+00:00,running,21,vm.swapusage: total = 3072.00M  used = 2050.38M  free = 1021.62M  (encrypted),"[{""pid"":""28864"",""cpu_pct"":""0.0"",""rss_kib"":""6640"",""command"":""/Users/hozzy/Library/Application Support/ML-Experiments/progressive-diffusion-lm/m1-256/env/bin/python scripts/ptq_study.py --include-ternary""},{""pid"":""33019"",""cpu_pct"":""21.2"",""rss_kib"":""144096"",""command"":""/Users/hozzy/Library/Application Support/ML-Experiments/progressive-diffusion-lm/m1-256/env/bin/python -m src.train --config configs/ptq/ptq_baseline_s123.json""}]"
2026-07-18T22:27:38.911488+00:00,running,21,vm.swapusage: total = 3072.00M  used = 2034.38M  free = 1037.62M  (encrypted),"[{""pid"":""28864"",""cpu_pct"":""0.0"",""rss_kib"":""6640"",""command"":""/Users/hozzy/Library/Application Support/ML-Experiments/progressive-diffusion-lm/m1-256/env/bin/python scripts/ptq_study.py --include-ternary""},{""pid"":""33019"",""cpu_pct"":""18.9"",""rss_kib"":""144032"",""command"":""/Users/hozzy/Library/Application Support/ML-Experiments/progressive-diffusion-lm/m1-256/env/bin/python -m src.train --config configs/ptq/ptq_baseline_s123.json""}]"
2026-07-18T22:28:39.142539+00:00,running,22,vm.swapusage: total = 3072.00M  used = 2035.38M  free = 1036.62M  (encrypted),"[{""pid"":""28864"",""cpu_pct"":""0.0"",""rss_kib"":""6640"",""command"":""/Users/hozzy/Library/Application Support/ML-Experiments/progressive-diffusion-lm/m1-256/env/bin/python scripts/ptq_study.py --include-ternary""},{""pid"":""33019"",""cpu_pct"":""20.4"",""rss_kib"":""144800"",""command"":""/Users/hozzy/Library/Application Support/ML-Experiments/progressive-diffusion-lm/m1-256/env/bin/python -m src.train --config configs/ptq/ptq_baseline_s123.json""}]"
2026-07-18T22:29:39.370660+00:00,running,21,vm.swapusage: total = 3072.00M  used = 2027.38M  free = 1044.62M  (encrypted),"[{""pid"":""28864"",""cpu_pct"":""0.0"",""rss_kib"":""6640"",""command"":""/Users/hozzy/Library/Application Support/ML-Experiments/progressive-diffusion-lm/m1-256/env/bin/python scripts/ptq_study.py --include-ternary""},{""pid"":""33019"",""cpu_pct"":""19.8"",""rss_kib"":""144928"",""command"":""/Users/hozzy/Library/Application Support/ML-Experiments/progressive-diffusion-lm/m1-256/env/bin/python -m src.train --config configs/ptq/ptq_baseline_s123.json""}]"
2026-07-18T22:30:39.636166+00:00,running,19,vm.swapusage: total = 3072.00M  used = 2027.38M  free = 1044.62M  (encrypted),"[{""pid"":""28864"",""cpu_pct"":""0.0"",""rss_kib"":""6640"",""command"":""/Users/hozzy/Library/Application Support/ML-Experiments/progressive-diffusion-lm/m1-256/env/bin/python scripts/ptq_study.py --include-ternary""},{""pid"":""33019"",""cpu_pct"":""19.9"",""rss_kib"":""144528"",""command"":""/Users/hozzy/Library/Application Support/ML-Experiments/progressive-diffusion-lm/m1-256/env/bin/python -m src.train --config configs/ptq/ptq_baseline_s123.json""}]"
2026-07-18T22:31:39.744977+00:00,running,22,vm.swapusage: total = 3072.00M  used = 2003.38M  free = 1068.62M  (encrypted),"[{""pid"":""28864"",""cpu_pct"":""0.0"",""rss_kib"":""6640"",""command"":""/Users/hozzy/Library/Application Support/ML-Experiments/progressive-diffusion-lm/m1-256/env/bin/python scripts/ptq_study.py --include-ternary""},{""pid"":""33019"",""cpu_pct"":""9.8"",""rss_kib"":""146944"",""command"":""/Users/hozzy/Library/Application Support/ML-Experiments/progressive-diffusion-lm/m1-256/env/bin/python -m src.train --config configs/ptq/ptq_baseline_s123.json""}]"
2026-07-18T22:32:39.844524+00:00,running,22,vm.swapusage: total = 3072.00M  used = 2009.69M  free = 1062.31M  (encrypted),"[{""pid"":""28864"",""cpu_pct"":""0.0"",""rss_kib"":""6640"",""command"":""/Users/hozzy/Library/Application Support/ML-Experiments/progressive-diffusion-lm/m1-256/env/bin/python scripts/ptq_study.py --include-ternary""},{""pid"":""33019"",""cpu_pct"":""14.3"",""rss_kib"":""145136"",""command"":""/Users/hozzy/Library/Application Support/ML-Experiments/progressive-diffusion-lm/m1-256/env/bin/python -m src.train --config configs/ptq/ptq_baseline_s123.json""}]"
2026-07-18T22:33:40.003079+00:00,running,22,vm.swapusage: total = 3072.00M  used = 2001.69M  free = 1070.31M  (encrypted),"[{""pid"":""28864"",""cpu_pct"":""0.0"",""rss_kib"":""6640"",""command"":""/Users/hozzy/Library/Application Support/ML-Experiments/progressive-diffusion-lm/m1-256/env/bin/python scripts/ptq_study.py --include-ternary""},{""pid"":""33019"",""cpu_pct"":""14.2"",""rss_kib"":""145632"",""command"":""/Users/hozzy/Library/Application Support/ML-Experiments/progressive-diffusion-lm/m1-256/env/bin/python -m src.train --config configs/ptq/ptq_baseline_s123.json""}]"
2026-07-18T22:34:40.235462+00:00,running,21,vm.swapusage: total = 3072.00M  used = 1993.69M  free = 1078.31M  (encrypted),"[{""pid"":""28864"",""cpu_pct"":""0.0"",""rss_kib"":""6640"",""command"":""/Users/hozzy/Library/Application Support/ML-Experiments/progressive-diffusion-lm/m1-256/env/bin/python scripts/ptq_study.py --include-ternary""},{""pid"":""33019"",""cpu_pct"":""13.4"",""rss_kib"":""145328"",""command"":""/Users/hozzy/Library/Application Support/ML-Experiments/progressive-diffusion-lm/m1-256/env/bin/python -m src.train --config configs/ptq/ptq_baseline_s123.json""}]"
2026-07-18T22:35:40.276820+00:00,running,21,vm.swapusage: total = 3072.00M  used = 2004.75M  free = 1067.25M  (encrypted),"[{""pid"":""28864"",""cpu_pct"":""0.0"",""rss_kib"":""6640"",""command"":""/Users/hozzy/Library/Application Support/ML-Experiments/progressive-diffusion-lm/m1-256/env/bin/python scripts/ptq_study.py --include-ternary""},{""pid"":""33019"",""cpu_pct"":""51.9"",""rss_kib"":""148976"",""command"":""/Users/hozzy/Library/Application Support/ML-Experiments/progressive-diffusion-lm/m1-256/env/bin/python -m src.train --config configs/ptq/ptq_baseline_s123.json""}]"
2026-07-18T22:36:40.410269+00:00,running,22,vm.swapusage: total = 3072.00M  used = 1996.75M  free = 1075.25M  (encrypted),"[{""pid"":""28864"",""cpu_pct"":""0.0"",""rss_kib"":""6640"",""command"":""/Users/hozzy/Library/Application Support/ML-Experiments/progressive-diffusion-lm/m1-256/env/bin/python scripts/ptq_study.py --include-ternary""},{""pid"":""33019"",""cpu_pct"":""19.7"",""rss_kib"":""145040"",""command"":""/Users/hozzy/Library/Application Support/ML-Experiments/progressive-diffusion-lm/m1-256/env/bin/python -m src.train --config configs/ptq/ptq_baseline_s123.json""}]"
2026-07-18T22:37:40.614088+00:00,running,20,vm.swapusage: total = 3072.00M  used = 1940.75M  free = 1131.25M  (encrypted),"[{""pid"":""28864"",""cpu_pct"":""0.0"",""rss_kib"":""6640"",""command"":""/Users/hozzy/Library/Application Support/ML-Experiments/progressive-diffusion-lm/m1-256/env/bin/python scripts/ptq_study.py --include-ternary""},{""pid"":""33019"",""cpu_pct"":""15.5"",""rss_kib"":""144608"",""command"":""/Users/hozzy/Library/Application Support/ML-Experiments/progressive-diffusion-lm/m1-256/env/bin/python -m src.train --config configs/ptq/ptq_baseline_s123.json""}]"
2026-07-18T22:38:40.730885+00:00,running,22,vm.swapusage: total = 3072.00M  used = 1950.12M  free = 1121.88M  (encrypted),"[{""pid"":""28864"",""cpu_pct"":""0.0"",""rss_kib"":""6640"",""command"":""/Users/hozzy/Library/Application Support/ML-Experiments/progressive-diffusion-lm/m1-256/env/bin/python scripts/ptq_study.py --include-ternary""},{""pid"":""33019"",""cpu_pct"":""16.9"",""rss_kib"":""146144"",""command"":""/Users/hozzy/Library/Application Support/ML-Experiments/progressive-diffusion-lm/m1-256/env/bin/python -m src.train --config configs/ptq/ptq_baseline_s123.json""}]"
2026-07-18T22:39:40.810602+00:00,running,23,vm.swapusage: total = 3072.00M  used = 1934.12M  free = 1137.88M  (encrypted),"[{""pid"":""28864"",""cpu_pct"":""0.0"",""rss_kib"":""6640"",""command"":""/Users/hozzy/Library/Application Support/ML-Experiments/progressive-diffusion-lm/m1-256/env/bin/python scripts/ptq_study.py --include-ternary""},{""pid"":""33019"",""cpu_pct"":""14.8"",""rss_kib"":""149424"",""command"":""/Users/hozzy/Library/Application Support/ML-Experiments/progressive-diffusion-lm/m1-256/env/bin/python -m src.train --config configs/ptq/ptq_baseline_s123.json""}]"
2026-07-18T22:40:40.906146+00:00,running,23,vm.swapusage: total = 3072.00M  used = 1934.12M  free = 1137.88M  (encrypted),"[{""pid"":""28864"",""cpu_pct"":""0.0"",""rss_kib"":""6640"",""command"":""/Users/hozzy/Library/Application Support/ML-Experiments/progressive-diffusion-lm/m1-256/env/bin/python scripts/ptq_study.py --include-ternary""},{""pid"":""33019"",""cpu_pct"":""17.2"",""rss_kib"":""146592"",""command"":""/Users/hozzy/Library/Application Support/ML-Experiments/progressive-diffusion-lm/m1-256/env/bin/python -m src.train --config configs/ptq/ptq_baseline_s123.json""}]"
2026-07-18T22:41:40.998171+00:00,running,22,vm.swapusage: total = 3072.00M  used = 1926.12M  free = 1145.88M  (encrypted),"[{""pid"":""28864"",""cpu_pct"":""0.0"",""rss_kib"":""6640"",""command"":""/Users/hozzy/Library/Application Support/ML-Experiments/progressive-diffusion-lm/m1-256/env/bin/python scripts/ptq_study.py --include-ternary""},{""pid"":""33019"",""cpu_pct"":""18.7"",""rss_kib"":""146416"",""command"":""/Users/hozzy/Library/Application Support/ML-Experiments/progressive-diffusion-lm/m1-256/env/bin/python -m src.train --config configs/ptq/ptq_baseline_s123.json""}]"
2026-07-18T22:42:41.109767+00:00,running,22,vm.swapusage: total = 3072.00M  used = 1918.12M  free = 1153.88M  (encrypted),"[{""pid"":""28864"",""cpu_pct"":""0.0"",""rss_kib"":""6640"",""command"":""/Users/hozzy/Library/Application Support/ML-Experiments/progressive-diffusion-lm/m1-256/env/bin/python scripts/ptq_study.py --include-ternary""},{""pid"":""33019"",""cpu_pct"":""12.9"",""rss_kib"":""145856"",""command"":""/Users/hozzy/Library/Application Support/ML-Experiments/progressive-diffusion-lm/m1-256/env/bin/python -m src.train --config configs/ptq/ptq_baseline_s123.json""}]"
2026-07-18T22:43:41.258537+00:00,running,23,vm.swapusage: total = 3072.00M  used = 1941.38M  free = 1130.62M  (encrypted),"[{""pid"":""28864"",""cpu_pct"":""0.0"",""rss_kib"":""6640"",""command"":""/Users/hozzy/Library/Application Support/ML-Experiments/progressive-diffusion-lm/m1-256/env/bin/python scripts/ptq_study.py --include-ternary""},{""pid"":""33019"",""cpu_pct"":""14.3"",""rss_kib"":""365424"",""command"":""/Users/hozzy/Library/Application Support/ML-Experiments/progressive-diffusion-lm/m1-256/env/bin/python -m src.train --config configs/ptq/ptq_baseline_s123.json""}]"
2026-07-18T22:44:41.347522+00:00,running,23,vm.swapusage: total = 3072.00M  used = 1933.38M  free = 1138.62M  (encrypted),"[{""pid"":""28864"",""cpu_pct"":""0.0"",""rss_kib"":""6640"",""command"":""/Users/hozzy/Library/Application Support/ML-Experiments/progressive-diffusion-lm/m1-256/env/bin/python scripts/ptq_study.py --include-ternary""},{""pid"":""33019"",""cpu_pct"":""18.9"",""rss_kib"":""365136"",""command"":""/Users/hozzy/Library/Application Support/ML-Experiments/progressive-diffusion-lm/m1-256/env/bin/python -m src.train --config configs/ptq/ptq_baseline_s123.json""}]"
2026-07-18T22:45:41.447000+00:00,running,20,vm.swapusage: total = 3072.00M  used = 1917.38M  free = 1154.62M  (encrypted),"[{""pid"":""28864"",""cpu_pct"":""0.0"",""rss_kib"":""6640"",""command"":""/Users/hozzy/Library/Application Support/ML-Experiments/progressive-diffusion-lm/m1-256/env/bin/python scripts/ptq_study.py --include-ternary""},{""pid"":""33019"",""cpu_pct"":""20.6"",""rss_kib"":""362720"",""command"":""/Users/hozzy/Library/Application Support/ML-Experiments/progressive-diffusion-lm/m1-256/env/bin/python -m src.train --config configs/ptq/ptq_baseline_s123.json""}]"
2026-07-18T22:46:41.685147+00:00,running,20,vm.swapusage: total = 3072.00M  used = 1964.88M  free = 1107.12M  (encrypted),"[{""pid"":""28864"",""cpu_pct"":""0.0"",""rss_kib"":""6640"",""command"":""/Users/hozzy/Library/Application Support/ML-Experiments/progressive-diffusion-lm/m1-256/env/bin/python scripts/ptq_study.py --include-ternary""},{""pid"":""33019"",""cpu_pct"":""15.1"",""rss_kib"":""363488"",""command"":""/Users/hozzy/Library/Application Support/ML-Experiments/progressive-diffusion-lm/m1-256/env/bin/python -m src.train --config configs/ptq/ptq_baseline_s123.json""}]"
2026-07-18T22:47:41.853927+00:00,running,22,vm.swapusage: total = 3072.00M  used = 1992.81M  free = 1079.19M  (encrypted),"[{""pid"":""28864"",""cpu_pct"":""0.0"",""rss_kib"":""6640"",""command"":""/Users/hozzy/Library/Application Support/ML-Experiments/progressive-diffusion-lm/m1-256/env/bin/python scripts/ptq_study.py --include-ternary""},{""pid"":""33019"",""cpu_pct"":""21.5"",""rss_kib"":""143744"",""command"":""/Users/hozzy/Library/Application Support/ML-Experiments/progressive-diffusion-lm/m1-256/env/bin/python -m src.train --config configs/ptq/ptq_baseline_s123.json""}]"
2026-07-18T22:48:41.984920+00:00,running,22,vm.swapusage: total = 3072.00M  used = 1976.81M  free = 1095.19M  (encrypted),"[{""pid"":""28864"",""cpu_pct"":""0.0"",""rss_kib"":""6640"",""command"":""/Users/hozzy/Library/Application Support/ML-Experiments/progressive-diffusion-lm/m1-256/env/bin/python scripts/ptq_study.py --include-ternary""},{""pid"":""33019"",""cpu_pct"":""12.7"",""rss_kib"":""143088"",""command"":""/Users/hozzy/Library/Application Support/ML-Experiments/progressive-diffusion-lm/m1-256/env/bin/python -m src.train --config configs/ptq/ptq_baseline_s123.json""}]"
2026-07-18T22:49:42.199339+00:00,running,23,vm.swapusage: total = 3072.00M  used = 1976.81M  free = 1095.19M  (encrypted),"[{""pid"":""28864"",""cpu_pct"":""0.0"",""rss_kib"":""6640"",""command"":""/Users/hozzy/Library/Application Support/ML-Experiments/progressive-diffusion-lm/m1-256/env/bin/python scripts/ptq_study.py --include-ternary""},{""pid"":""33019"",""cpu_pct"":""22.3"",""rss_kib"":""144384"",""command"":""/Users/hozzy/Library/Application Support/ML-Experiments/progressive-diffusion-lm/m1-256/env/bin/python -m src.train --config configs/ptq/ptq_baseline_s123.json""}]"
2026-07-18T22:50:42.424981+00:00,running,22,vm.swapusage: total = 3072.00M  used = 1968.81M  free = 1103.19M  (encrypted),"[{""pid"":""28864"",""cpu_pct"":""0.0"",""rss_kib"":""6640"",""command"":""/Users/hozzy/Library/Application Support/ML-Experiments/progressive-diffusion-lm/m1-256/env/bin/python scripts/ptq_study.py --include-ternary""},{""pid"":""33019"",""cpu_pct"":""16.8"",""rss_kib"":""144640"",""command"":""/Users/hozzy/Library/Application Support/ML-Experiments/progressive-diffusion-lm/m1-256/env/bin/python -m src.train --config configs/ptq/ptq_baseline_s123.json""}]"
2026-07-18T22:51:42.594268+00:00,running,22,vm.swapusage: total = 3072.00M  used = 1978.38M  free = 1093.62M  (encrypted),"[{""pid"":""28864"",""cpu_pct"":""0.0"",""rss_kib"":""6640"",""command"":""/Users/hozzy/Library/Application Support/ML-Experiments/progressive-diffusion-lm/m1-256/env/bin/python scripts/ptq_study.py --include-ternary""},{""pid"":""33019"",""cpu_pct"":""22.3"",""rss_kib"":""144768"",""command"":""/Users/hozzy/Library/Application Support/ML-Experiments/progressive-diffusion-lm/m1-256/env/bin/python -m src.train --config configs/ptq/ptq_baseline_s123.json""}]"
2026-07-18T22:52:42.743203+00:00,running,20,vm.swapusage: total = 3072.00M  used = 1962.38M  free = 1109.62M  (encrypted),"[{""pid"":""28864"",""cpu_pct"":""0.0"",""rss_kib"":""6640"",""command"":""/Users/hozzy/Library/Application Support/ML-Experiments/progressive-diffusion-lm/m1-256/env/bin/python scripts/ptq_study.py --include-ternary""},{""pid"":""33019"",""cpu_pct"":""19.4"",""rss_kib"":""144000"",""command"":""/Users/hozzy/Library/Application Support/ML-Experiments/progressive-diffusion-lm/m1-256/env/bin/python -m src.train --config configs/ptq/ptq_baseline_s123.json""}]"
2026-07-18T22:53:42.857515+00:00,running,21,vm.swapusage: total = 3072.00M  used = 1954.38M  free = 1117.62M  (encrypted),"[{""pid"":""28864"",""cpu_pct"":""0.0"",""rss_kib"":""6640"",""command"":""/Users/hozzy/Library/Application Support/ML-Experiments/progressive-diffusion-lm/m1-256/env/bin/python scripts/ptq_study.py --include-ternary""},{""pid"":""33019"",""cpu_pct"":""17.2"",""rss_kib"":""144160"",""command"":""/Users/hozzy/Library/Application Support/ML-Experiments/progressive-diffusion-lm/m1-256/env/bin/python -m src.train --config configs/ptq/ptq_baseline_s123.json""}]"
2026-07-18T22:54:43.065707+00:00,running,19,vm.swapusage: total = 3072.00M  used = 1982.69M  free = 1089.31M  (encrypted),"[{""pid"":""28864"",""cpu_pct"":""0.0"",""rss_kib"":""6640"",""command"":""/Users/hozzy/Library/Application Support/ML-Experiments/progressive-diffusion-lm/m1-256/env/bin/python scripts/ptq_study.py --include-ternary""},{""pid"":""33019"",""cpu_pct"":""16.1"",""rss_kib"":""144032"",""command"":""/Users/hozzy/Library/Application Support/ML-Experiments/progressive-diffusion-lm/m1-256/env/bin/python -m src.train --config configs/ptq/ptq_baseline_s123.json""}]"
2026-07-18T22:55:43.220684+00:00,running,23,vm.swapusage: total = 3072.00M  used = 2024.94M  free = 1047.06M  (encrypted),"[{""pid"":""28864"",""cpu_pct"":""0.0"",""rss_kib"":""6864"",""command"":""/Users/hozzy/Library/Application Support/ML-Experiments/progressive-diffusion-lm/m1-256/env/bin/python scripts/ptq_study.py --include-ternary""},{""pid"":""36563"",""cpu_pct"":""15.6"",""rss_kib"":""43056"",""command"":""/Users/hozzy/Library/Application Support/ML-Experiments/progressive-diffusion-lm/m1-256/env/bin/python -m src.train --config configs/ptq/ptq_baseline_s7.json""}]"
2026-07-18T22:56:43.643794+00:00,running,21,vm.swapusage: total = 3072.00M  used = 2016.94M  free = 1055.06M  (encrypted),"[{""pid"":""28864"",""cpu_pct"":""0.0"",""rss_kib"":""6848"",""command"":""/Users/hozzy/Library/Application Support/ML-Experiments/progressive-diffusion-lm/m1-256/env/bin/python scripts/ptq_study.py --include-ternary""},{""pid"":""36563"",""cpu_pct"":""14.8"",""rss_kib"":""33360"",""command"":""/Users/hozzy/Library/Application Support/ML-Experiments/progressive-diffusion-lm/m1-256/env/bin/python -m src.train --config configs/ptq/ptq_baseline_s7.json""}]"
2026-07-18T22:57:43.774850+00:00,running,22,vm.swapusage: total = 3072.00M  used = 2008.94M  free = 1063.06M  (encrypted),"[{""pid"":""28864"",""cpu_pct"":""0.0"",""rss_kib"":""6832"",""command"":""/Users/hozzy/Library/Application Support/ML-Experiments/progressive-diffusion-lm/m1-256/env/bin/python scripts/ptq_study.py --include-ternary""},{""pid"":""36563"",""cpu_pct"":""16.5"",""rss_kib"":""33856"",""command"":""/Users/hozzy/Library/Application Support/ML-Experiments/progressive-diffusion-lm/m1-256/env/bin/python -m src.train --config configs/ptq/ptq_baseline_s7.json""}]"
2026-07-18T22:58:43.921519+00:00,running,20,vm.swapusage: total = 3072.00M  used = 1992.94M  free = 1079.06M  (encrypted),"[{""pid"":""28864"",""cpu_pct"":""0.0"",""rss_kib"":""6784"",""command"":""/Users/hozzy/Library/Application Support/ML-Experiments/progressive-diffusion-lm/m1-256/env/bin/python scripts/ptq_study.py --include-ternary""},{""pid"":""36563"",""cpu_pct"":""15.9"",""rss_kib"":""32592"",""command"":""/Users/hozzy/Library/Application Support/ML-Experiments/progressive-diffusion-lm/m1-256/env/bin/python -m src.train --config configs/ptq/ptq_baseline_s7.json""}]"
2026-07-18T22:59:44.140563+00:00,running,22,vm.swapusage: total = 3072.00M  used = 2066.12M  free = 1005.88M  (encrypted),"[{""pid"":""28864"",""cpu_pct"":""0.0"",""rss_kib"":""6784"",""command"":""/Users/hozzy/Library/Application Support/ML-Experiments/progressive-diffusion-lm/m1-256/env/bin/python scripts/ptq_study.py --include-ternary""},{""pid"":""36563"",""cpu_pct"":""15.1"",""rss_kib"":""366384"",""command"":""/Users/hozzy/Library/Application Support/ML-Experiments/progressive-diffusion-lm/m1-256/env/bin/python -m src.train --config configs/ptq/ptq_baseline_s7.json""}]"
2026-07-18T23:00:44.384398+00:00,running,21,vm.swapusage: total = 3072.00M  used = 2050.12M  free = 1021.88M  (encrypted),"[{""pid"":""28864"",""cpu_pct"":""0.0"",""rss_kib"":""6784"",""command"":""/Users/hozzy/Library/Application Support/ML-Experiments/progressive-diffusion-lm/m1-256/env/bin/python scripts/ptq_study.py --include-ternary""},{""pid"":""36563"",""cpu_pct"":""16.8"",""rss_kib"":""364848"",""command"":""/Users/hozzy/Library/Application Support/ML-Experiments/progressive-diffusion-lm/m1-256/env/bin/python -m src.train --config configs/ptq/ptq_baseline_s7.json""}]"
2026-07-18T23:01:44.620323+00:00,running,21,vm.swapusage: total = 3072.00M  used = 2034.12M  free = 1037.88M  (encrypted),"[{""pid"":""28864"",""cpu_pct"":""0.0"",""rss_kib"":""6784"",""command"":""/Users/hozzy/Library/Application Support/ML-Experiments/progressive-diffusion-lm/m1-256/env/bin/python scripts/ptq_study.py --include-ternary""},{""pid"":""36563"",""cpu_pct"":""21.2"",""rss_kib"":""364704"",""command"":""/Users/hozzy/Library/Application Support/ML-Experiments/progressive-diffusion-lm/m1-256/env/bin/python -m src.train --config configs/ptq/ptq_baseline_s7.json""}]"
2026-07-18T23:02:44.881329+00:00,running,21,vm.swapusage: total = 3072.00M  used = 2026.12M  free = 1045.88M  (encrypted),"[{""pid"":""28864"",""cpu_pct"":""0.0"",""rss_kib"":""6784"",""command"":""/Users/hozzy/Library/Application Support/ML-Experiments/progressive-diffusion-lm/m1-256/env/bin/python scripts/ptq_study.py --include-ternary""},{""pid"":""36563"",""cpu_pct"":""20.9"",""rss_kib"":""365008"",""command"":""/Users/hozzy/Library/Application Support/ML-Experiments/progressive-diffusion-lm/m1-256/env/bin/python -m src.train --config configs/ptq/ptq_baseline_s7.json""}]"
2026-07-18T23:03:45.090656+00:00,running,22,vm.swapusage: total = 3072.00M  used = 2057.94M  free = 1014.06M  (encrypted),"[{""pid"":""28864"",""cpu_pct"":""0.0"",""rss_kib"":""6784"",""command"":""/Users/hozzy/Library/Application Support/ML-Experiments/progressive-diffusion-lm/m1-256/env/bin/python scripts/ptq_study.py --include-ternary""},{""pid"":""36563"",""cpu_pct"":""13.7"",""rss_kib"":""365104"",""command"":""/Users/hozzy/Library/Application Support/ML-Experiments/progressive-diffusion-lm/m1-256/env/bin/python -m src.train --config configs/ptq/ptq_baseline_s7.json""}]"
2026-07-18T23:04:45.283269+00:00,running,22,vm.swapusage: total = 3072.00M  used = 2041.94M  free = 1030.06M  (encrypted),"[{""pid"":""28864"",""cpu_pct"":""0.0"",""rss_kib"":""6784"",""command"":""/Users/hozzy/Library/Application Support/ML-Experiments/progressive-diffusion-lm/m1-256/env/bin/python scripts/ptq_study.py --include-ternary""},{""pid"":""36563"",""cpu_pct"":""20.1"",""rss_kib"":""365184"",""command"":""/Users/hozzy/Library/Application Support/ML-Experiments/progressive-diffusion-lm/m1-256/env/bin/python -m src.train --config configs/ptq/ptq_baseline_s7.json""}]"
2026-07-18T23:05:45.431848+00:00,running,20,vm.swapusage: total = 3072.00M  used = 2041.94M  free = 1030.06M  (encrypted),"[{""pid"":""28864"",""cpu_pct"":""0.0"",""rss_kib"":""6784"",""command"":""/Users/hozzy/Library/Application Support/ML-Experiments/progressive-diffusion-lm/m1-256/env/bin/python scripts/ptq_study.py --include-ternary""},{""pid"":""36563"",""cpu_pct"":""19.9"",""rss_kib"":""364624"",""command"":""/Users/hozzy/Library/Application Support/ML-Experiments/progressive-diffusion-lm/m1-256/env/bin/python -m src.train --config configs/ptq/ptq_baseline_s7.json""}]"
2026-07-18T23:06:45.632349+00:00,running,20,vm.swapusage: total = 3072.00M  used = 2081.44M  free = 990.56M  (encrypted),"[{""pid"":""28864"",""cpu_pct"":""0.0"",""rss_kib"":""6512"",""command"":""/Users/hozzy/Library/Application Support/ML-Experiments/progressive-diffusion-lm/m1-256/env/bin/python scripts/ptq_study.py --include-ternary""},{""pid"":""36563"",""cpu_pct"":""14.4"",""rss_kib"":""363392"",""command"":""/Users/hozzy/Library/Application Support/ML-Experiments/progressive-diffusion-lm/m1-256/env/bin/python -m src.train --config configs/ptq/ptq_baseline_s7.json""}]"
2026-07-18T23:07:45.757249+00:00,running,22,vm.swapusage: total = 3072.00M  used = 2148.38M  free = 923.62M  (encrypted),"[{""pid"":""28864"",""cpu_pct"":""0.0"",""rss_kib"":""6512"",""command"":""/Users/hozzy/Library/Application Support/ML-Experiments/progressive-diffusion-lm/m1-256/env/bin/python scripts/ptq_study.py --include-ternary""},{""pid"":""36563"",""cpu_pct"":""20.9"",""rss_kib"":""364288"",""command"":""/Users/hozzy/Library/Application Support/ML-Experiments/progressive-diffusion-lm/m1-256/env/bin/python -m src.train --config configs/ptq/ptq_baseline_s7.json""}]"
2026-07-18T23:08:45.830104+00:00,running,23,vm.swapusage: total = 3072.00M  used = 2108.38M  free = 963.62M  (encrypted),"[{""pid"":""28864"",""cpu_pct"":""0.0"",""rss_kib"":""6512"",""command"":""/Users/hozzy/Library/Application Support/ML-Experiments/progressive-diffusion-lm/m1-256/env/bin/python scripts/ptq_study.py --include-ternary""},{""pid"":""36563"",""cpu_pct"":""16.5"",""rss_kib"":""364032"",""command"":""/Users/hozzy/Library/Application Support/ML-Experiments/progressive-diffusion-lm/m1-256/env/bin/python -m src.train --config configs/ptq/ptq_baseline_s7.json""}]"
2026-07-18T23:09:46.070576+00:00,running,22,vm.swapusage: total = 3072.00M  used = 2100.38M  free = 971.62M  (encrypted),"[{""pid"":""28864"",""cpu_pct"":""0.0"",""rss_kib"":""6512"",""command"":""/Users/hozzy/Library/Application Support/ML-Experiments/progressive-diffusion-lm/m1-256/env/bin/python scripts/ptq_study.py --include-ternary""},{""pid"":""36563"",""cpu_pct"":""15.0"",""rss_kib"":""364416"",""command"":""/Users/hozzy/Library/Application Support/ML-Experiments/progressive-diffusion-lm/m1-256/env/bin/python -m src.train --config configs/ptq/ptq_baseline_s7.json""}]"
2026-07-18T23:10:46.293117+00:00,running,22,vm.swapusage: total = 3072.00M  used = 2011.94M  free = 1060.06M  (encrypted),"[{""pid"":""28864"",""cpu_pct"":""0.0"",""rss_kib"":""6512"",""command"":""/Users/hozzy/Library/Application Support/ML-Experiments/progressive-diffusion-lm/m1-256/env/bin/python scripts/ptq_study.py --include-ternary""},{""pid"":""36563"",""cpu_pct"":""6.4"",""rss_kib"":""177824"",""command"":""/Users/hozzy/Library/Application Support/ML-Experiments/progressive-diffusion-lm/m1-256/env/bin/python -m src.train --config configs/ptq/ptq_baseline_s7.json""}]"
2026-07-18T23:11:46.464002+00:00,running,21,vm.swapusage: total = 3072.00M  used = 2051.44M  free = 1020.56M  (encrypted),"[{""pid"":""28864"",""cpu_pct"":""0.0"",""rss_kib"":""6512"",""command"":""/Users/hozzy/Library/Application Support/ML-Experiments/progressive-diffusion-lm/m1-256/env/bin/python scripts/ptq_study.py --include-ternary""},{""pid"":""36563"",""cpu_pct"":""13.7"",""rss_kib"":""143536"",""command"":""/Users/hozzy/Library/Application Support/ML-Experiments/progressive-diffusion-lm/m1-256/env/bin/python -m src.train --config configs/ptq/ptq_baseline_s7.json""}]"
2026-07-18T23:12:46.686589+00:00,running,19,vm.swapusage: total = 3072.00M  used = 2035.44M  free = 1036.56M  (encrypted),"[{""pid"":""28864"",""cpu_pct"":""0.0"",""rss_kib"":""6512"",""command"":""/Users/hozzy/Library/Application Support/ML-Experiments/progressive-diffusion-lm/m1-256/env/bin/python scripts/ptq_study.py --include-ternary""},{""pid"":""36563"",""cpu_pct"":""12.4"",""rss_kib"":""143040"",""command"":""/Users/hozzy/Library/Application Support/ML-Experiments/progressive-diffusion-lm/m1-256/env/bin/python -m src.train --config configs/ptq/ptq_baseline_s7.json""}]"
2026-07-18T23:13:46.798551+00:00,running,20,vm.swapusage: total = 3072.00M  used = 2038.25M  free = 1033.75M  (encrypted),"[{""pid"":""28864"",""cpu_pct"":""0.0"",""rss_kib"":""6512"",""command"":""/Users/hozzy/Library/Application Support/ML-Experiments/progressive-diffusion-lm/m1-256/env/bin/python scripts/ptq_study.py --include-ternary""},{""pid"":""36563"",""cpu_pct"":""15.5"",""rss_kib"":""144000"",""command"":""/Users/hozzy/Library/Application Support/ML-Experiments/progressive-diffusion-lm/m1-256/env/bin/python -m src.train --config configs/ptq/ptq_baseline_s7.json""}]"
2026-07-18T23:14:46.919777+00:00,running,22,vm.swapusage: total = 3072.00M  used = 2050.12M  free = 1021.88M  (encrypted),"[{""pid"":""28864"",""cpu_pct"":""0.0"",""rss_kib"":""6512"",""command"":""/Users/hozzy/Library/Application Support/ML-Experiments/progressive-diffusion-lm/m1-256/env/bin/python scripts/ptq_study.py --include-ternary""},{""pid"":""36563"",""cpu_pct"":""7.7"",""rss_kib"":""140480"",""command"":""/Users/hozzy/Library/Application Support/ML-Experiments/progressive-diffusion-lm/m1-256/env/bin/python -m src.train --config configs/ptq/ptq_baseline_s7.json""}]"
2026-07-18T23:15:47.133418+00:00,running,20,vm.swapusage: total = 3072.00M  used = 2034.12M  free = 1037.88M  (encrypted),"[{""pid"":""28864"",""cpu_pct"":""0.0"",""rss_kib"":""6512"",""command"":""/Users/hozzy/Library/Application Support/ML-Experiments/progressive-diffusion-lm/m1-256/env/bin/python scripts/ptq_study.py --include-ternary""},{""pid"":""36563"",""cpu_pct"":""16.6"",""rss_kib"":""364160"",""command"":""/Users/hozzy/Library/Application Support/ML-Experiments/progressive-diffusion-lm/m1-256/env/bin/python -m src.train --config configs/ptq/ptq_baseline_s7.json""}]"
2026-07-18T23:16:47.249905+00:00,running,21,vm.swapusage: total = 3072.00M  used = 2018.12M  free = 1053.88M  (encrypted),"[{""pid"":""28864"",""cpu_pct"":""0.0"",""rss_kib"":""6512"",""command"":""/Users/hozzy/Library/Application Support/ML-Experiments/progressive-diffusion-lm/m1-256/env/bin/python scripts/ptq_study.py --include-ternary""},{""pid"":""36563"",""cpu_pct"":""13.9"",""rss_kib"":""364544"",""command"":""/Users/hozzy/Library/Application Support/ML-Experiments/progressive-diffusion-lm/m1-256/env/bin/python -m src.train --config configs/ptq/ptq_baseline_s7.json""}]"
2026-07-18T23:17:47.484312+00:00,running,20,vm.swapusage: total = 3072.00M  used = 2012.94M  free = 1059.06M  (encrypted),"[{""pid"":""28864"",""cpu_pct"":""0.0"",""rss_kib"":""6512"",""command"":""/Users/hozzy/Library/Application Support/ML-Experiments/progressive-diffusion-lm/m1-256/env/bin/python scripts/ptq_study.py --include-ternary""},{""pid"":""36563"",""cpu_pct"":""13.7"",""rss_kib"":""363504"",""command"":""/Users/hozzy/Library/Application Support/ML-Experiments/progressive-diffusion-lm/m1-256/env/bin/python -m src.train --config configs/ptq/ptq_baseline_s7.json""}]"
2026-07-18T23:18:47.610470+00:00,running,22,vm.swapusage: total = 3072.00M  used = 2047.88M  free = 1024.12M  (encrypted),"[{""pid"":""28864"",""cpu_pct"":""0.0"",""rss_kib"":""6512"",""command"":""/Users/hozzy/Library/Application Support/ML-Experiments/progressive-diffusion-lm/m1-256/env/bin/python scripts/ptq_study.py --include-ternary""},{""pid"":""36563"",""cpu_pct"":""13.3"",""rss_kib"":""145456"",""command"":""/Users/hozzy/Library/Application Support/ML-Experiments/progressive-diffusion-lm/m1-256/env/bin/python -m src.train --config configs/ptq/ptq_baseline_s7.json""}]"
2026-07-18T23:19:47.711376+00:00,running,22,vm.swapusage: total = 3072.00M  used = 2031.88M  free = 1040.12M  (encrypted),"[{""pid"":""28864"",""cpu_pct"":""0.0"",""rss_kib"":""6512"",""command"":""/Users/hozzy/Library/Application Support/ML-Experiments/progressive-diffusion-lm/m1-256/env/bin/python scripts/ptq_study.py --include-ternary""},{""pid"":""36563"",""cpu_pct"":""17.0"",""rss_kib"":""144352"",""command"":""/Users/hozzy/Library/Application Support/ML-Experiments/progressive-diffusion-lm/m1-256/env/bin/python -m src.train --config configs/ptq/ptq_baseline_s7.json""}]"
2026-07-18T23:20:47.854826+00:00,running,21,vm.swapusage: total = 3072.00M  used = 2031.88M  free = 1040.12M  (encrypted),"[{""pid"":""28864"",""cpu_pct"":""0.0"",""rss_kib"":""6512"",""command"":""/Users/hozzy/Library/Application Support/ML-Experiments/progressive-diffusion-lm/m1-256/env/bin/python scripts/ptq_study.py --include-ternary""},{""pid"":""36563"",""cpu_pct"":""14.7"",""rss_kib"":""144304"",""command"":""/Users/hozzy/Library/Application Support/ML-Experiments/progressive-diffusion-lm/m1-256/env/bin/python -m src.train --config configs/ptq/ptq_baseline_s7.json""}]"
2026-07-18T23:21:47.969633+00:00,running,21,vm.swapusage: total = 3072.00M  used = 2023.88M  free = 1048.12M  (encrypted),"[{""pid"":""28864"",""cpu_pct"":""0.0"",""rss_kib"":""6512"",""command"":""/Users/hozzy/Library/Application Support/ML-Experiments/progressive-diffusion-lm/m1-256/env/bin/python scripts/ptq_study.py --include-ternary""},{""pid"":""36563"",""cpu_pct"":""17.4"",""rss_kib"":""144480"",""command"":""/Users/hozzy/Library/Application Support/ML-Experiments/progressive-diffusion-lm/m1-256/env/bin/python -m src.train --config configs/ptq/ptq_baseline_s7.json""}]"
2026-07-18T23:22:48.076744+00:00,running,22,vm.swapusage: total = 3072.00M  used = 2097.81M  free = 974.19M  (encrypted),"[{""pid"":""28864"",""cpu_pct"":""0.0"",""rss_kib"":""6512"",""command"":""/Users/hozzy/Library/Application Support/ML-Experiments/progressive-diffusion-lm/m1-256/env/bin/python scripts/ptq_study.py --include-ternary""},{""pid"":""36563"",""cpu_pct"":""16.3"",""rss_kib"":""364576"",""command"":""/Users/hozzy/Library/Application Support/ML-Experiments/progressive-diffusion-lm/m1-256/env/bin/python -m src.train --config configs/ptq/ptq_baseline_s7.json""}]"
2026-07-18T23:23:48.183034+00:00,running,22,vm.swapusage: total = 3072.00M  used = 2081.81M  free = 990.19M  (encrypted),"[{""pid"":""28864"",""cpu_pct"":""0.0"",""rss_kib"":""6512"",""command"":""/Users/hozzy/Library/Application Support/ML-Experiments/progressive-diffusion-lm/m1-256/env/bin/python scripts/ptq_study.py --include-ternary""},{""pid"":""36563"",""cpu_pct"":""15.3"",""rss_kib"":""364960"",""command"":""/Users/hozzy/Library/Application Support/ML-Experiments/progressive-diffusion-lm/m1-256/env/bin/python -m src.train --config configs/ptq/ptq_baseline_s7.json""}]"
2026-07-18T23:24:48.417244+00:00,running,22,vm.swapusage: total = 3072.00M  used = 2081.81M  free = 990.19M  (encrypted),"[{""pid"":""28864"",""cpu_pct"":""0.0"",""rss_kib"":""6512"",""command"":""/Users/hozzy/Library/Application Support/ML-Experiments/progressive-diffusion-lm/m1-256/env/bin/python scripts/ptq_study.py --include-ternary""},{""pid"":""36563"",""cpu_pct"":""13.6"",""rss_kib"":""364992"",""command"":""/Users/hozzy/Library/Application Support/ML-Experiments/progressive-diffusion-lm/m1-256/env/bin/python -m src.train --config configs/ptq/ptq_baseline_s7.json""}]"
2026-07-18T23:25:48.619932+00:00,running,21,vm.swapusage: total = 3072.00M  used = 2102.69M  free = 969.31M  (encrypted),"[{""pid"":""28864"",""cpu_pct"":""0.0"",""rss_kib"":""6512"",""command"":""/Users/hozzy/Library/Application Support/ML-Experiments/progressive-diffusion-lm/m1-256/env/bin/python scripts/ptq_study.py --include-ternary""},{""pid"":""36563"",""cpu_pct"":""16.6"",""rss_kib"":""364928"",""command"":""/Users/hozzy/Library/Application Support/ML-Experiments/progressive-diffusion-lm/m1-256/env/bin/python -m src.train --config configs/ptq/ptq_baseline_s7.json""}]"
2026-07-18T23:26:48.877894+00:00,running,21,vm.swapusage: total = 3072.00M  used = 2070.69M  free = 1001.31M  (encrypted),"[{""pid"":""28864"",""cpu_pct"":""0.0"",""rss_kib"":""6512"",""command"":""/Users/hozzy/Library/Application Support/ML-Experiments/progressive-diffusion-lm/m1-256/env/bin/python scripts/ptq_study.py --include-ternary""},{""pid"":""36563"",""cpu_pct"":""23.5"",""rss_kib"":""143856"",""command"":""/Users/hozzy/Library/Application Support/ML-Experiments/progressive-diffusion-lm/m1-256/env/bin/python -m src.train --config configs/ptq/ptq_baseline_s7.json""}]"
2026-07-18T23:27:49.089989+00:00,running,23,vm.swapusage: total = 3072.00M  used = 2054.69M  free = 1017.31M  (encrypted),"[{""pid"":""28864"",""cpu_pct"":""0.0"",""rss_kib"":""6512"",""command"":""/Users/hozzy/Library/Application Support/ML-Experiments/progressive-diffusion-lm/m1-256/env/bin/python scripts/ptq_study.py --include-ternary""},{""pid"":""36563"",""cpu_pct"":""18.7"",""rss_kib"":""144688"",""command"":""/Users/hozzy/Library/Application Support/ML-Experiments/progressive-diffusion-lm/m1-256/env/bin/python -m src.train --config configs/ptq/ptq_baseline_s7.json""}]"
2026-07-18T23:28:49.190631+00:00,running,23,vm.swapusage: total = 3072.00M  used = 2054.69M  free = 1017.31M  (encrypted),"[{""pid"":""28864"",""cpu_pct"":""0.0"",""rss_kib"":""6512"",""command"":""/Users/hozzy/Library/Application Support/ML-Experiments/progressive-diffusion-lm/m1-256/env/bin/python scripts/ptq_study.py --include-ternary""},{""pid"":""36563"",""cpu_pct"":""20.0"",""rss_kib"":""144688"",""command"":""/Users/hozzy/Library/Application Support/ML-Experiments/progressive-diffusion-lm/m1-256/env/bin/python -m src.train --config configs/ptq/ptq_baseline_s7.json""}]"
2026-07-18T23:29:49.395541+00:00,running,23,vm.swapusage: total = 3072.00M  used = 2054.69M  free = 1017.31M  (encrypted),"[{""pid"":""28864"",""cpu_pct"":""0.0"",""rss_kib"":""6512"",""command"":""/Users/hozzy/Library/Application Support/ML-Experiments/progressive-diffusion-lm/m1-256/env/bin/python scripts/ptq_study.py --include-ternary""},{""pid"":""36563"",""cpu_pct"":""16.5"",""rss_kib"":""145024"",""command"":""/Users/hozzy/Library/Application Support/ML-Experiments/progressive-diffusion-lm/m1-256/env/bin/python -m src.train --config configs/ptq/ptq_baseline_s7.json""}]"
2026-07-18T23:30:49.526481+00:00,running,22,vm.swapusage: total = 3072.00M  used = 2022.69M  free = 1049.31M  (encrypted),"[{""pid"":""28864"",""cpu_pct"":""0.0"",""rss_kib"":""6512"",""command"":""/Users/hozzy/Library/Application Support/ML-Experiments/progressive-diffusion-lm/m1-256/env/bin/python scripts/ptq_study.py --include-ternary""},{""pid"":""36563"",""cpu_pct"":""17.0"",""rss_kib"":""364688"",""command"":""/Users/hozzy/Library/Application Support/ML-Experiments/progressive-diffusion-lm/m1-256/env/bin/python -m src.train --config configs/ptq/ptq_baseline_s7.json""}]"
2026-07-18T23:31:49.755423+00:00,running,22,vm.swapusage: total = 3072.00M  used = 1998.69M  free = 1073.31M  (encrypted),"[{""pid"":""28864"",""cpu_pct"":""0.0"",""rss_kib"":""6512"",""command"":""/Users/hozzy/Library/Application Support/ML-Experiments/progressive-diffusion-lm/m1-256/env/bin/python scripts/ptq_study.py --include-ternary""},{""pid"":""36563"",""cpu_pct"":""19.9"",""rss_kib"":""365200"",""command"":""/Users/hozzy/Library/Application Support/ML-Experiments/progressive-diffusion-lm/m1-256/env/bin/python -m src.train --config configs/ptq/ptq_baseline_s7.json""}]"
2026-07-18T23:32:49.981481+00:00,running,21,vm.swapusage: total = 3072.00M  used = 1998.69M  free = 1073.31M  (encrypted),"[{""pid"":""28864"",""cpu_pct"":""0.0"",""rss_kib"":""6512"",""command"":""/Users/hozzy/Library/Application Support/ML-Experiments/progressive-diffusion-lm/m1-256/env/bin/python scripts/ptq_study.py --include-ternary""},{""pid"":""36563"",""cpu_pct"":""18.6"",""rss_kib"":""365200"",""command"":""/Users/hozzy/Library/Application Support/ML-Experiments/progressive-diffusion-lm/m1-256/env/bin/python -m src.train --config configs/ptq/ptq_baseline_s7.json""}]"
2026-07-18T23:33:50.132576+00:00,running,22,vm.swapusage: total = 3072.00M  used = 1998.69M  free = 1073.31M  (encrypted),"[{""pid"":""28864"",""cpu_pct"":""0.0"",""rss_kib"":""6512"",""command"":""/Users/hozzy/Library/Application Support/ML-Experiments/progressive-diffusion-lm/m1-256/env/bin/python scripts/ptq_study.py --include-ternary""},{""pid"":""36563"",""cpu_pct"":""12.9"",""rss_kib"":""364992"",""command"":""/Users/hozzy/Library/Application Support/ML-Experiments/progressive-diffusion-lm/m1-256/env/bin/python -m src.train --config configs/ptq/ptq_baseline_s7.json""}]"
2026-07-18T23:34:50.353370+00:00,running,23,vm.swapusage: total = 3072.00M  used = 2029.31M  free = 1042.69M  (encrypted),"[{""pid"":""28864"",""cpu_pct"":""0.0"",""rss_kib"":""6512"",""command"":""/Users/hozzy/Library/Application Support/ML-Experiments/progressive-diffusion-lm/m1-256/env/bin/python scripts/ptq_study.py --include-ternary""},{""pid"":""36563"",""cpu_pct"":""19.8"",""rss_kib"":""144912"",""command"":""/Users/hozzy/Library/Application Support/ML-Experiments/progressive-diffusion-lm/m1-256/env/bin/python -m src.train --config configs/ptq/ptq_baseline_s7.json""}]"
2026-07-18T23:35:50.484667+00:00,running,23,vm.swapusage: total = 3072.00M  used = 2021.31M  free = 1050.69M  (encrypted),"[{""pid"":""28864"",""cpu_pct"":""0.0"",""rss_kib"":""6512"",""command"":""/Users/hozzy/Library/Application Support/ML-Experiments/progressive-diffusion-lm/m1-256/env/bin/python scripts/ptq_study.py --include-ternary""},{""pid"":""36563"",""cpu_pct"":""23.5"",""rss_kib"":""145168"",""command"":""/Users/hozzy/Library/Application Support/ML-Experiments/progressive-diffusion-lm/m1-256/env/bin/python -m src.train --config configs/ptq/ptq_baseline_s7.json""}]"
2026-07-18T23:36:50.603920+00:00,running,23,vm.swapusage: total = 3072.00M  used = 2013.31M  free = 1058.69M  (encrypted),"[{""pid"":""28864"",""cpu_pct"":""0.0"",""rss_kib"":""6512"",""command"":""/Users/hozzy/Library/Application Support/ML-Experiments/progressive-diffusion-lm/m1-256/env/bin/python scripts/ptq_study.py --include-ternary""},{""pid"":""36563"",""cpu_pct"":""15.6"",""rss_kib"":""144976"",""command"":""/Users/hozzy/Library/Application Support/ML-Experiments/progressive-diffusion-lm/m1-256/env/bin/python -m src.train --config configs/ptq/ptq_baseline_s7.json""}]"
2026-07-18T23:37:50.830287+00:00,running,21,vm.swapusage: total = 3072.00M  used = 1957.31M  free = 1114.69M  (encrypted),"[{""pid"":""28864"",""cpu_pct"":""0.0"",""rss_kib"":""6512"",""command"":""/Users/hozzy/Library/Application Support/ML-Experiments/progressive-diffusion-lm/m1-256/env/bin/python scripts/ptq_study.py --include-ternary""},{""pid"":""36563"",""cpu_pct"":""19.9"",""rss_kib"":""145072"",""command"":""/Users/hozzy/Library/Application Support/ML-Experiments/progressive-diffusion-lm/m1-256/env/bin/python -m src.train --config configs/ptq/ptq_baseline_s7.json""}]"
2026-07-18T23:38:51.023193+00:00,running,22,vm.swapusage: total = 3072.00M  used = 2011.62M  free = 1060.38M  (encrypted),"[{""pid"":""28864"",""cpu_pct"":""0.0"",""rss_kib"":""6512"",""command"":""/Users/hozzy/Library/Application Support/ML-Experiments/progressive-diffusion-lm/m1-256/env/bin/python scripts/ptq_study.py --include-ternary""},{""pid"":""36563"",""cpu_pct"":""17.0"",""rss_kib"":""365520"",""command"":""/Users/hozzy/Library/Application Support/ML-Experiments/progressive-diffusion-lm/m1-256/env/bin/python -m src.train --config configs/ptq/ptq_baseline_s7.json""}]"
2026-07-18T23:39:51.242010+00:00,running,22,vm.swapusage: total = 3072.00M  used = 1995.62M  free = 1076.38M  (encrypted),"[{""pid"":""28864"",""cpu_pct"":""0.0"",""rss_kib"":""6512"",""command"":""/Users/hozzy/Library/Application Support/ML-Experiments/progressive-diffusion-lm/m1-256/env/bin/python scripts/ptq_study.py --include-ternary""},{""pid"":""36563"",""cpu_pct"":""21.4"",""rss_kib"":""365408"",""command"":""/Users/hozzy/Library/Application Support/ML-Experiments/progressive-diffusion-lm/m1-256/env/bin/python -m src.train --config configs/ptq/ptq_baseline_s7.json""}]"
2026-07-18T23:40:51.508437+00:00,running,19,vm.swapusage: total = 3072.00M  used = 1987.62M  free = 1084.38M  (encrypted),"[{""pid"":""28864"",""cpu_pct"":""0.0"",""rss_kib"":""6512"",""command"":""/Users/hozzy/Library/Application Support/ML-Experiments/progressive-diffusion-lm/m1-256/env/bin/python scripts/ptq_study.py --include-ternary""},{""pid"":""36563"",""cpu_pct"":""18.7"",""rss_kib"":""364976"",""command"":""/Users/hozzy/Library/Application Support/ML-Experiments/progressive-diffusion-lm/m1-256/env/bin/python -m src.train --config configs/ptq/ptq_baseline_s7.json""}]"
2026-07-18T23:41:51.647860+00:00,running,20,vm.swapusage: total = 3072.00M  used = 1989.25M  free = 1082.75M  (encrypted),"[{""pid"":""28864"",""cpu_pct"":""0.0"",""rss_kib"":""6512"",""command"":""/Users/hozzy/Library/Application Support/ML-Experiments/progressive-diffusion-lm/m1-256/env/bin/python scripts/ptq_study.py --include-ternary""},{""pid"":""36563"",""cpu_pct"":""14.9"",""rss_kib"":""365312"",""command"":""/Users/hozzy/Library/Application Support/ML-Experiments/progressive-diffusion-lm/m1-256/env/bin/python -m src.train --config configs/ptq/ptq_baseline_s7.json""}]"
2026-07-18T23:42:51.726500+00:00,running,23,vm.swapusage: total = 3072.00M  used = 2043.19M  free = 1028.81M  (encrypted),"[{""pid"":""28864"",""cpu_pct"":""0.0"",""rss_kib"":""6512"",""command"":""/Users/hozzy/Library/Application Support/ML-Experiments/progressive-diffusion-lm/m1-256/env/bin/python scripts/ptq_study.py --include-ternary""},{""pid"":""36563"",""cpu_pct"":""12.3"",""rss_kib"":""145120"",""command"":""/Users/hozzy/Library/Application Support/ML-Experiments/progressive-diffusion-lm/m1-256/env/bin/python -m src.train --config configs/ptq/ptq_baseline_s7.json""}]"
2026-07-18T23:43:51.798553+00:00,running,22,vm.swapusage: total = 3072.00M  used = 2035.19M  free = 1036.81M  (encrypted),"[{""pid"":""28864"",""cpu_pct"":""0.0"",""rss_kib"":""6512"",""command"":""/Users/hozzy/Library/Application Support/ML-Experiments/progressive-diffusion-lm/m1-256/env/bin/python scripts/ptq_study.py --include-ternary""},{""pid"":""36563"",""cpu_pct"":""14.1"",""rss_kib"":""144640"",""command"":""/Users/hozzy/Library/Application Support/ML-Experiments/progressive-diffusion-lm/m1-256/env/bin/python -m src.train --config configs/ptq/ptq_baseline_s7.json""}]"
2026-07-18T23:44:51.866659+00:00,running,23,vm.swapusage: total = 3072.00M  used = 2019.19M  free = 1052.81M  (encrypted),"[{""pid"":""28864"",""cpu_pct"":""0.0"",""rss_kib"":""6512"",""command"":""/Users/hozzy/Library/Application Support/ML-Experiments/progressive-diffusion-lm/m1-256/env/bin/python scripts/ptq_study.py --include-ternary""},{""pid"":""36563"",""cpu_pct"":""15.8"",""rss_kib"":""145680"",""command"":""/Users/hozzy/Library/Application Support/ML-Experiments/progressive-diffusion-lm/m1-256/env/bin/python -m src.train --config configs/ptq/ptq_baseline_s7.json""}]"
2026-07-18T23:45:51.958154+00:00,running,22,vm.swapusage: total = 3072.00M  used = 2011.19M  free = 1060.81M  (encrypted),"[{""pid"":""28864"",""cpu_pct"":""0.0"",""rss_kib"":""6512"",""command"":""/Users/hozzy/Library/Application Support/ML-Experiments/progressive-diffusion-lm/m1-256/env/bin/python scripts/ptq_study.py --include-ternary""},{""pid"":""36563"",""cpu_pct"":""18.3"",""rss_kib"":""145264"",""command"":""/Users/hozzy/Library/Application Support/ML-Experiments/progressive-diffusion-lm/m1-256/env/bin/python -m src.train --config configs/ptq/ptq_baseline_s7.json""}]"
2026-07-18T23:46:52.119063+00:00,running,23,vm.swapusage: total = 3072.00M  used = 2005.25M  free = 1066.75M  (encrypted),"[{""pid"":""28864"",""cpu_pct"":""0.0"",""rss_kib"":""6512"",""command"":""/Users/hozzy/Library/Application Support/ML-Experiments/progressive-diffusion-lm/m1-256/env/bin/python scripts/ptq_study.py --include-ternary""},{""pid"":""36563"",""cpu_pct"":""12.9"",""rss_kib"":""364416"",""command"":""/Users/hozzy/Library/Application Support/ML-Experiments/progressive-diffusion-lm/m1-256/env/bin/python -m src.train --config configs/ptq/ptq_baseline_s7.json""}]"
2026-07-18T23:47:52.249027+00:00,running,22,vm.swapusage: total = 3072.00M  used = 1997.25M  free = 1074.75M  (encrypted),"[{""pid"":""28864"",""cpu_pct"":""0.0"",""rss_kib"":""6512"",""command"":""/Users/hozzy/Library/Application Support/ML-Experiments/progressive-diffusion-lm/m1-256/env/bin/python scripts/ptq_study.py --include-ternary""},{""pid"":""36563"",""cpu_pct"":""16.4"",""rss_kib"":""364176"",""command"":""/Users/hozzy/Library/Application Support/ML-Experiments/progressive-diffusion-lm/m1-256/env/bin/python -m src.train --config configs/ptq/ptq_baseline_s7.json""}]"
2026-07-18T23:48:52.314056+00:00,running,22,vm.swapusage: total = 3072.00M  used = 1989.25M  free = 1082.75M  (encrypted),"[{""pid"":""28864"",""cpu_pct"":""0.0"",""rss_kib"":""6496"",""command"":""/Users/hozzy/Library/Application Support/ML-Experiments/progressive-diffusion-lm/m1-256/env/bin/python scripts/ptq_study.py --include-ternary""},{""pid"":""36563"",""cpu_pct"":""13.7"",""rss_kib"":""365184"",""command"":""/Users/hozzy/Library/Application Support/ML-Experiments/progressive-diffusion-lm/m1-256/env/bin/python -m src.train --config configs/ptq/ptq_baseline_s7.json""}]"
2026-07-18T23:49:52.379641+00:00,running,22,vm.swapusage: total = 3072.00M  used = 1981.25M  free = 1090.75M  (encrypted),"[{""pid"":""28864"",""cpu_pct"":""0.0"",""rss_kib"":""6496"",""command"":""/Users/hozzy/Library/Application Support/ML-Experiments/progressive-diffusion-lm/m1-256/env/bin/python scripts/ptq_study.py --include-ternary""},{""pid"":""36563"",""cpu_pct"":""6.8"",""rss_kib"":""145824"",""command"":""/Users/hozzy/Library/Application Support/ML-Experiments/progressive-diffusion-lm/m1-256/env/bin/python -m src.train --config configs/ptq/ptq_baseline_s7.json""}]"
2026-07-18T23:50:52.471350+00:00,running,22,vm.swapusage: total = 3072.00M  used = 1986.69M  free = 1085.31M  (encrypted),"[{""pid"":""28864"",""cpu_pct"":""0.0"",""rss_kib"":""6512"",""command"":""/Users/hozzy/Library/Application Support/ML-Experiments/progressive-diffusion-lm/m1-256/env/bin/python scripts/ptq_study.py --include-ternary""},{""pid"":""36563"",""cpu_pct"":""14.6"",""rss_kib"":""139728"",""command"":""/Users/hozzy/Library/Application Support/ML-Experiments/progressive-diffusion-lm/m1-256/env/bin/python -m src.train --config configs/ptq/ptq_baseline_s7.json""}]"
2026-07-18T23:51:52.606740+00:00,running,21,vm.swapusage: total = 3072.00M  used = 1986.69M  free = 1085.31M  (encrypted),"[{""pid"":""28864"",""cpu_pct"":""0.0"",""rss_kib"":""6512"",""command"":""/Users/hozzy/Library/Application Support/ML-Experiments/progressive-diffusion-lm/m1-256/env/bin/python scripts/ptq_study.py --include-ternary""},{""pid"":""36563"",""cpu_pct"":""13.6"",""rss_kib"":""140688"",""command"":""/Users/hozzy/Library/Application Support/ML-Experiments/progressive-diffusion-lm/m1-256/env/bin/python -m src.train --config configs/ptq/ptq_baseline_s7.json""}]"
2026-07-18T23:52:52.809078+00:00,running,21,vm.swapusage: total = 3072.00M  used = 1978.69M  free = 1093.31M  (encrypted),"[{""pid"":""28864"",""cpu_pct"":""0.0"",""rss_kib"":""6512"",""command"":""/Users/hozzy/Library/Application Support/ML-Experiments/progressive-diffusion-lm/m1-256/env/bin/python scripts/ptq_study.py --include-ternary""},{""pid"":""36563"",""cpu_pct"":""14.8"",""rss_kib"":""144240"",""command"":""/Users/hozzy/Library/Application Support/ML-Experiments/progressive-diffusion-lm/m1-256/env/bin/python -m src.train --config configs/ptq/ptq_baseline_s7.json""}]"
2026-07-18T23:53:52.951454+00:00,running,22,vm.swapusage: total = 3072.00M  used = 1985.75M  free = 1086.25M  (encrypted),"[{""pid"":""28864"",""cpu_pct"":""0.0"",""rss_kib"":""6512"",""command"":""/Users/hozzy/Library/Application Support/ML-Experiments/progressive-diffusion-lm/m1-256/env/bin/python scripts/ptq_study.py --include-ternary""},{""pid"":""36563"",""cpu_pct"":""7.3"",""rss_kib"":""140304"",""command"":""/Users/hozzy/Library/Application Support/ML-Experiments/progressive-diffusion-lm/m1-256/env/bin/python -m src.train --config configs/ptq/ptq_baseline_s7.json""}]"
2026-07-18T23:54:53.128468+00:00,running,22,vm.swapusage: total = 3072.00M  used = 1985.75M  free = 1086.25M  (encrypted),"[{""pid"":""28864"",""cpu_pct"":""0.0"",""rss_kib"":""6512"",""command"":""/Users/hozzy/Library/Application Support/ML-Experiments/progressive-diffusion-lm/m1-256/env/bin/python scripts/ptq_study.py --include-ternary""},{""pid"":""36563"",""cpu_pct"":""15.7"",""rss_kib"":""144912"",""command"":""/Users/hozzy/Library/Application Support/ML-Experiments/progressive-diffusion-lm/m1-256/env/bin/python -m src.train --config configs/ptq/ptq_baseline_s7.json""}]"
2026-07-18T23:55:53.440801+00:00,running,21,vm.swapusage: total = 3072.00M  used = 1969.75M  free = 1102.25M  (encrypted),"[{""pid"":""28864"",""cpu_pct"":""0.0"",""rss_kib"":""6512"",""command"":""/Users/hozzy/Library/Application Support/ML-Experiments/progressive-diffusion-lm/m1-256/env/bin/python scripts/ptq_study.py --include-ternary""},{""pid"":""36563"",""cpu_pct"":""16.9"",""rss_kib"":""143024"",""command"":""/Users/hozzy/Library/Application Support/ML-Experiments/progressive-diffusion-lm/m1-256/env/bin/python -m src.train --config configs/ptq/ptq_baseline_s7.json""}]"
2026-07-18T23:56:53.634901+00:00,running,19,vm.swapusage: total = 3072.00M  used = 1963.00M  free = 1109.00M  (encrypted),"[{""pid"":""28864"",""cpu_pct"":""0.0"",""rss_kib"":""6512"",""command"":""/Users/hozzy/Library/Application Support/ML-Experiments/progressive-diffusion-lm/m1-256/env/bin/python scripts/ptq_study.py --include-ternary""},{""pid"":""36563"",""cpu_pct"":""14.1"",""rss_kib"":""137232"",""command"":""/Users/hozzy/Library/Application Support/ML-Experiments/progressive-diffusion-lm/m1-256/env/bin/python -m src.train --config configs/ptq/ptq_baseline_s7.json""}]"
2026-07-18T23:57:53.829118+00:00,running,23,vm.swapusage: total = 3072.00M  used = 2019.19M  free = 1052.81M  (encrypted),"[{""pid"":""28864"",""cpu_pct"":""0.0"",""rss_kib"":""6512"",""command"":""/Users/hozzy/Library/Application Support/ML-Experiments/progressive-diffusion-lm/m1-256/env/bin/python scripts/ptq_study.py --include-ternary""},{""pid"":""36563"",""cpu_pct"":""11.5"",""rss_kib"":""142944"",""command"":""/Users/hozzy/Library/Application Support/ML-Experiments/progressive-diffusion-lm/m1-256/env/bin/python -m src.train --config configs/ptq/ptq_baseline_s7.json""}]"
2026-07-18T23:58:54.006412+00:00,running,23,vm.swapusage: total = 3072.00M  used = 2019.19M  free = 1052.81M  (encrypted),"[{""pid"":""28864"",""cpu_pct"":""0.0"",""rss_kib"":""6512"",""command"":""/Users/hozzy/Library/Application Support/ML-Experiments/progressive-diffusion-lm/m1-256/env/bin/python scripts/ptq_study.py --include-ternary""},{""pid"":""36563"",""cpu_pct"":""18.4"",""rss_kib"":""144720"",""command"":""/Users/hozzy/Library/Application Support/ML-Experiments/progressive-diffusion-lm/m1-256/env/bin/python -m src.train --config configs/ptq/ptq_baseline_s7.json""}]"
2026-07-18T23:59:54.172649+00:00,running,23,vm.swapusage: total = 3072.00M  used = 2011.19M  free = 1060.81M  (encrypted),"[{""pid"":""28864"",""cpu_pct"":""0.0"",""rss_kib"":""6512"",""command"":""/Users/hozzy/Library/Application Support/ML-Experiments/progressive-diffusion-lm/m1-256/env/bin/python scripts/ptq_study.py --include-ternary""},{""pid"":""36563"",""cpu_pct"":""17.4"",""rss_kib"":""144288"",""command"":""/Users/hozzy/Library/Application Support/ML-Experiments/progressive-diffusion-lm/m1-256/env/bin/python -m src.train --config configs/ptq/ptq_baseline_s7.json""}]"
2026-07-19T00:00:54.406342+00:00,running,21,vm.swapusage: total = 3072.00M  used = 1979.19M  free = 1092.81M  (encrypted),"[{""pid"":""28864"",""cpu_pct"":""0.0"",""rss_kib"":""6512"",""command"":""/Users/hozzy/Library/Application Support/ML-Experiments/progressive-diffusion-lm/m1-256/env/bin/python scripts/ptq_study.py --include-ternary""},{""pid"":""36563"",""cpu_pct"":""17.6"",""rss_kib"":""144304"",""command"":""/Users/hozzy/Library/Application Support/ML-Experiments/progressive-diffusion-lm/m1-256/env/bin/python -m src.train --config configs/ptq/ptq_baseline_s7.json""}]"
2026-07-19T00:01:54.528606+00:00,running,23,vm.swapusage: total = 3072.00M  used = 1995.50M  free = 1076.50M  (encrypted),"[{""pid"":""28864"",""cpu_pct"":""0.0"",""rss_kib"":""6512"",""command"":""/Users/hozzy/Library/Application Support/ML-Experiments/progressive-diffusion-lm/m1-256/env/bin/python scripts/ptq_study.py --include-ternary""},{""pid"":""36563"",""cpu_pct"":""13.1"",""rss_kib"":""144912"",""command"":""/Users/hozzy/Library/Application Support/ML-Experiments/progressive-diffusion-lm/m1-256/env/bin/python -m src.train --config configs/ptq/ptq_baseline_s7.json""}]"
2026-07-19T00:02:54.629235+00:00,running,19,vm.swapusage: total = 3072.00M  used = 2015.88M  free = 1056.12M  (encrypted),"[{""pid"":""28864"",""cpu_pct"":""0.0"",""rss_kib"":""6512"",""command"":""/Users/hozzy/Library/Application Support/ML-Experiments/progressive-diffusion-lm/m1-256/env/bin/python scripts/ptq_study.py --include-ternary""},{""pid"":""36563"",""cpu_pct"":""14.9"",""rss_kib"":""143264"",""command"":""/Users/hozzy/Library/Application Support/ML-Experiments/progressive-diffusion-lm/m1-256/env/bin/python -m src.train --config configs/ptq/ptq_baseline_s7.json""}]"
2026-07-19T00:03:54.813972+00:00,running,21,vm.swapusage: total = 3072.00M  used = 1999.88M  free = 1072.12M  (encrypted),"[{""pid"":""28864"",""cpu_pct"":""0.0"",""rss_kib"":""6512"",""command"":""/Users/hozzy/Library/Application Support/ML-Experiments/progressive-diffusion-lm/m1-256/env/bin/python scripts/ptq_study.py --include-ternary""},{""pid"":""36563"",""cpu_pct"":""17.3"",""rss_kib"":""144592"",""command"":""/Users/hozzy/Library/Application Support/ML-Experiments/progressive-diffusion-lm/m1-256/env/bin/python -m src.train --config configs/ptq/ptq_baseline_s7.json""}]"
2026-07-19T00:04:55.031640+00:00,running,20,vm.swapusage: total = 3072.00M  used = 1999.88M  free = 1072.12M  (encrypted),"[{""pid"":""28864"",""cpu_pct"":""0.0"",""rss_kib"":""6496"",""command"":""/Users/hozzy/Library/Application Support/ML-Experiments/progressive-diffusion-lm/m1-256/env/bin/python scripts/ptq_study.py --include-ternary""},{""pid"":""36563"",""cpu_pct"":""13.3"",""rss_kib"":""143632"",""command"":""/Users/hozzy/Library/Application Support/ML-Experiments/progressive-diffusion-lm/m1-256/env/bin/python -m src.train --config configs/ptq/ptq_baseline_s7.json""}]"
2026-07-19T00:05:55.259822+00:00,running,22,vm.swapusage: total = 3072.00M  used = 2045.75M  free = 1026.25M  (encrypted),"[{""pid"":""28864"",""cpu_pct"":""0.0"",""rss_kib"":""6512"",""command"":""/Users/hozzy/Library/Application Support/ML-Experiments/progressive-diffusion-lm/m1-256/env/bin/python scripts/ptq_study.py --include-ternary""},{""pid"":""36563"",""cpu_pct"":""19.4"",""rss_kib"":""144960"",""command"":""/Users/hozzy/Library/Application Support/ML-Experiments/progressive-diffusion-lm/m1-256/env/bin/python -m src.train --config configs/ptq/ptq_baseline_s7.json""}]"
2026-07-19T00:06:55.503537+00:00,running,19,vm.swapusage: total = 3072.00M  used = 2005.75M  free = 1066.25M  (encrypted),"[{""pid"":""28864"",""cpu_pct"":""0.0"",""rss_kib"":""6512"",""command"":""/Users/hozzy/Library/Application Support/ML-Experiments/progressive-diffusion-lm/m1-256/env/bin/python scripts/ptq_study.py --include-ternary""},{""pid"":""36563"",""cpu_pct"":""14.2"",""rss_kib"":""144032"",""command"":""/Users/hozzy/Library/Application Support/ML-Experiments/progressive-diffusion-lm/m1-256/env/bin/python -m src.train --config configs/ptq/ptq_baseline_s7.json""}]"
2026-07-19T00:07:55.613392+00:00,running,20,vm.swapusage: total = 3072.00M  used = 2000.69M  free = 1071.31M  (encrypted),"[{""pid"":""28864"",""cpu_pct"":""0.0"",""rss_kib"":""6496"",""command"":""/Users/hozzy/Library/Application Support/ML-Experiments/progressive-diffusion-lm/m1-256/env/bin/python scripts/ptq_study.py --include-ternary""},{""pid"":""36563"",""cpu_pct"":""14.2"",""rss_kib"":""144208"",""command"":""/Users/hozzy/Library/Application Support/ML-Experiments/progressive-diffusion-lm/m1-256/env/bin/python -m src.train --config configs/ptq/ptq_baseline_s7.json""}]"
2026-07-19T00:08:55.771975+00:00,running,20,vm.swapusage: total = 3072.00M  used = 1992.69M  free = 1079.31M  (encrypted),"[{""pid"":""28864"",""cpu_pct"":""0.0"",""rss_kib"":""6512"",""command"":""/Users/hozzy/Library/Application Support/ML-Experiments/progressive-diffusion-lm/m1-256/env/bin/python scripts/ptq_study.py --include-ternary""},{""pid"":""36563"",""cpu_pct"":""14.5"",""rss_kib"":""144912"",""command"":""/Users/hozzy/Library/Application Support/ML-Experiments/progressive-diffusion-lm/m1-256/env/bin/python -m src.train --config configs/ptq/ptq_baseline_s7.json""}]"
2026-07-19T00:09:55.957979+00:00,running,21,vm.swapusage: total = 3072.00M  used = 2023.88M  free = 1048.12M  (encrypted),"[{""pid"":""28864"",""cpu_pct"":""0.0"",""rss_kib"":""6512"",""command"":""/Users/hozzy/Library/Application Support/ML-Experiments/progressive-diffusion-lm/m1-256/env/bin/python scripts/ptq_study.py --include-ternary""},{""pid"":""36563"",""cpu_pct"":""16.2"",""rss_kib"":""145136"",""command"":""/Users/hozzy/Library/Application Support/ML-Experiments/progressive-diffusion-lm/m1-256/env/bin/python -m src.train --config configs/ptq/ptq_baseline_s7.json""}]"
2026-07-19T00:10:56.122470+00:00,running,21,vm.swapusage: total = 3072.00M  used = 2015.88M  free = 1056.12M  (encrypted),"[{""pid"":""28864"",""cpu_pct"":""0.0"",""rss_kib"":""6512"",""command"":""/Users/hozzy/Library/Application Support/ML-Experiments/progressive-diffusion-lm/m1-256/env/bin/python scripts/ptq_study.py --include-ternary""},{""pid"":""36563"",""cpu_pct"":""12.3"",""rss_kib"":""144464"",""command"":""/Users/hozzy/Library/Application Support/ML-Experiments/progressive-diffusion-lm/m1-256/env/bin/python -m src.train --config configs/ptq/ptq_baseline_s7.json""}]"
2026-07-19T00:11:56.352458+00:00,running,21,vm.swapusage: total = 3072.00M  used = 2015.88M  free = 1056.12M  (encrypted),"[{""pid"":""28864"",""cpu_pct"":""0.0"",""rss_kib"":""6512"",""command"":""/Users/hozzy/Library/Application Support/ML-Experiments/progressive-diffusion-lm/m1-256/env/bin/python scripts/ptq_study.py --include-ternary""},{""pid"":""36563"",""cpu_pct"":""17.4"",""rss_kib"":""145616"",""command"":""/Users/hozzy/Library/Application Support/ML-Experiments/progressive-diffusion-lm/m1-256/env/bin/python -m src.train --config configs/ptq/ptq_baseline_s7.json""}]"
2026-07-19T00:12:56.584993+00:00,running,21,vm.swapusage: total = 3072.00M  used = 1991.88M  free = 1080.12M  (encrypted),"[{""pid"":""28864"",""cpu_pct"":""0.0"",""rss_kib"":""6512"",""command"":""/Users/hozzy/Library/Application Support/ML-Experiments/progressive-diffusion-lm/m1-256/env/bin/python scripts/ptq_study.py --include-ternary""},{""pid"":""36563"",""cpu_pct"":""20.1"",""rss_kib"":""145968"",""command"":""/Users/hozzy/Library/Application Support/ML-Experiments/progressive-diffusion-lm/m1-256/env/bin/python -m src.train --config configs/ptq/ptq_baseline_s7.json""}]"
2026-07-19T00:13:56.746778+00:00,running,21,vm.swapusage: total = 3072.00M  used = 2029.25M  free = 1042.75M  (encrypted),"[{""pid"":""40100"",""cpu_pct"":""13.6"",""rss_kib"":""41264"",""command"":""/Users/hozzy/Library/Application Support/ML-Experiments/progressive-diffusion-lm/m1-256/env/bin/python -m src.train --config configs/campaign/generated/native-q3-s31415.json""}]"
2026-07-19T00:14:56.843521+00:00,running,20,vm.swapusage: total = 3072.00M  used = 2021.25M  free = 1050.75M  (encrypted),"[{""pid"":""40100"",""cpu_pct"":""17.1"",""rss_kib"":""34816"",""command"":""/Users/hozzy/Library/Application Support/ML-Experiments/progressive-diffusion-lm/m1-256/env/bin/python -m src.train --config configs/campaign/generated/native-q3-s31415.json""}]"
2026-07-19T00:15:56.992674+00:00,running,20,vm.swapusage: total = 3072.00M  used = 2013.25M  free = 1058.75M  (encrypted),"[{""pid"":""40100"",""cpu_pct"":""21.5"",""rss_kib"":""34224"",""command"":""/Users/hozzy/Library/Application Support/ML-Experiments/progressive-diffusion-lm/m1-256/env/bin/python -m src.train --config configs/campaign/generated/native-q3-s31415.json""}]"
2026-07-19T00:16:57.095808+00:00,running,19,vm.swapusage: total = 3072.00M  used = 1997.25M  free = 1074.75M  (encrypted),"[{""pid"":""40100"",""cpu_pct"":""14.0"",""rss_kib"":""34032"",""command"":""/Users/hozzy/Library/Application Support/ML-Experiments/progressive-diffusion-lm/m1-256/env/bin/python -m src.train --config configs/campaign/generated/native-q3-s31415.json""}]"
2026-07-19T00:17:57.187312+00:00,running,22,vm.swapusage: total = 3072.00M  used = 2094.06M  free = 977.94M  (encrypted),"[{""pid"":""40100"",""cpu_pct"":""18.7"",""rss_kib"":""33040"",""command"":""/Users/hozzy/Library/Application Support/ML-Experiments/progressive-diffusion-lm/m1-256/env/bin/python -m src.train --config configs/campaign/generated/native-q3-s31415.json""}]"
2026-07-19T00:18:57.344954+00:00,running,23,vm.swapusage: total = 3072.00M  used = 2094.06M  free = 977.94M  (encrypted),"[{""pid"":""40100"",""cpu_pct"":""14.7"",""rss_kib"":""37104"",""command"":""/Users/hozzy/Library/Application Support/ML-Experiments/progressive-diffusion-lm/m1-256/env/bin/python -m src.train --config configs/campaign/generated/native-q3-s31415.json""}]"
2026-07-19T00:19:57.503294+00:00,running,23,vm.swapusage: total = 3072.00M  used = 2086.06M  free = 985.94M  (encrypted),"[{""pid"":""40100"",""cpu_pct"":""23.0"",""rss_kib"":""37328"",""command"":""/Users/hozzy/Library/Application Support/ML-Experiments/progressive-diffusion-lm/m1-256/env/bin/python -m src.train --config configs/campaign/generated/native-q3-s31415.json""}]"
2026-07-19T00:20:57.617395+00:00,running,23,vm.swapusage: total = 3072.00M  used = 2094.88M  free = 977.12M  (encrypted),"[{""pid"":""40100"",""cpu_pct"":""15.5"",""rss_kib"":""36928"",""command"":""/Users/hozzy/Library/Application Support/ML-Experiments/progressive-diffusion-lm/m1-256/env/bin/python -m src.train --config configs/campaign/generated/native-q3-s31415.json""}]"
2026-07-19T00:21:57.778684+00:00,running,19,vm.swapusage: total = 3072.00M  used = 1967.06M  free = 1104.94M  (encrypted),"[{""pid"":""40100"",""cpu_pct"":""22.4"",""rss_kib"":""37296"",""command"":""/Users/hozzy/Library/Application Support/ML-Experiments/progressive-diffusion-lm/m1-256/env/bin/python -m src.train --config configs/campaign/generated/native-q3-s31415.json""}]"
2026-07-19T00:22:57.965860+00:00,running,23,vm.swapusage: total = 3072.00M  used = 2100.69M  free = 971.31M  (encrypted),"[{""pid"":""40100"",""cpu_pct"":""17.6"",""rss_kib"":""37520"",""command"":""/Users/hozzy/Library/Application Support/ML-Experiments/progressive-diffusion-lm/m1-256/env/bin/python -m src.train --config configs/campaign/generated/native-q3-s31415.json""}]"
2026-07-19T00:23:58.167463+00:00,running,23,vm.swapusage: total = 3072.00M  used = 2100.69M  free = 971.31M  (encrypted),"[{""pid"":""40100"",""cpu_pct"":""23.0"",""rss_kib"":""37792"",""command"":""/Users/hozzy/Library/Application Support/ML-Experiments/progressive-diffusion-lm/m1-256/env/bin/python -m src.train --config configs/campaign/generated/native-q3-s31415.json""}]"
2026-07-19T00:24:58.342574+00:00,running,22,vm.swapusage: total = 3072.00M  used = 2076.69M  free = 995.31M  (encrypted),"[{""pid"":""40100"",""cpu_pct"":""22.6"",""rss_kib"":""37984"",""command"":""/Users/hozzy/Library/Application Support/ML-Experiments/progressive-diffusion-lm/m1-256/env/bin/python -m src.train --config configs/campaign/generated/native-q3-s31415.json""}]"
2026-07-19T00:25:58.552987+00:00,running,21,vm.swapusage: total = 3072.00M  used = 2060.69M  free = 1011.31M  (encrypted),"[{""pid"":""40100"",""cpu_pct"":""14.1"",""rss_kib"":""37856"",""command"":""/Users/hozzy/Library/Application Support/ML-Experiments/progressive-diffusion-lm/m1-256/env/bin/python -m src.train --config configs/campaign/generated/native-q3-s31415.json""}]"
2026-07-19T00:26:58.807835+00:00,running,22,vm.swapusage: total = 3072.00M  used = 2067.12M  free = 1004.88M  (encrypted),"[{""pid"":""40100"",""cpu_pct"":""13.3"",""rss_kib"":""37376"",""command"":""/Users/hozzy/Library/Application Support/ML-Experiments/progressive-diffusion-lm/m1-256/env/bin/python -m src.train --config configs/campaign/generated/native-q3-s31415.json""}]"
2026-07-19T00:27:59.078591+00:00,running,22,vm.swapusage: total = 3072.00M  used = 2059.12M  free = 1012.88M  (encrypted),"[{""pid"":""40100"",""cpu_pct"":""20.6"",""rss_kib"":""38480"",""command"":""/Users/hozzy/Library/Application Support/ML-Experiments/progressive-diffusion-lm/m1-256/env/bin/python -m src.train --config configs/campaign/generated/native-q3-s31415.json""}]"
2026-07-19T00:28:59.323105+00:00,running,22,vm.swapusage: total = 3072.00M  used = 2059.12M  free = 1012.88M  (encrypted),"[{""pid"":""40100"",""cpu_pct"":""14.7"",""rss_kib"":""38288"",""command"":""/Users/hozzy/Library/Application Support/ML-Experiments/progressive-diffusion-lm/m1-256/env/bin/python -m src.train --config configs/campaign/generated/native-q3-s31415.json""}]"
2026-07-19T00:29:59.543767+00:00,running,21,vm.swapusage: total = 3072.00M  used = 2059.12M  free = 1012.88M  (encrypted),"[{""pid"":""40100"",""cpu_pct"":""24.2"",""rss_kib"":""38512"",""command"":""/Users/hozzy/Library/Application Support/ML-Experiments/progressive-diffusion-lm/m1-256/env/bin/python -m src.train --config configs/campaign/generated/native-q3-s31415.json""}]"
2026-07-19T00:30:59.671514+00:00,running,22,vm.swapusage: total = 3072.00M  used = 2065.56M  free = 1006.44M  (encrypted),"[{""pid"":""40100"",""cpu_pct"":""19.6"",""rss_kib"":""39136"",""command"":""/Users/hozzy/Library/Application Support/ML-Experiments/progressive-diffusion-lm/m1-256/env/bin/python -m src.train --config configs/campaign/generated/native-q3-s31415.json""}]"
2026-07-19T00:31:59.763626+00:00,running,23,vm.swapusage: total = 3072.00M  used = 2060.75M  free = 1011.25M  (encrypted),"[{""pid"":""40100"",""cpu_pct"":""17.5"",""rss_kib"":""39040"",""command"":""/Users/hozzy/Library/Application Support/ML-Experiments/progressive-diffusion-lm/m1-256/env/bin/python -m src.train --config configs/campaign/generated/native-q3-s31415.json""}]"
2026-07-19T00:32:59.845244+00:00,running,22,vm.swapusage: total = 3072.00M  used = 2060.75M  free = 1011.25M  (encrypted),"[{""pid"":""40100"",""cpu_pct"":""16.7"",""rss_kib"":""39328"",""command"":""/Users/hozzy/Library/Application Support/ML-Experiments/progressive-diffusion-lm/m1-256/env/bin/python -m src.train --config configs/campaign/generated/native-q3-s31415.json""}]"
2026-07-19T00:33:59.955714+00:00,running,22,vm.swapusage: total = 3072.00M  used = 2065.06M  free = 1006.94M  (encrypted),"[{""pid"":""40100"",""cpu_pct"":""14.4"",""rss_kib"":""39488"",""command"":""/Users/hozzy/Library/Application Support/ML-Experiments/progressive-diffusion-lm/m1-256/env/bin/python -m src.train --config configs/campaign/generated/native-q3-s31415.json""}]"
2026-07-19T00:35:00.076383+00:00,running,22,vm.swapusage: total = 3072.00M  used = 2065.06M  free = 1006.94M  (encrypted),"[{""pid"":""40100"",""cpu_pct"":""17.6"",""rss_kib"":""39728"",""command"":""/Users/hozzy/Library/Application Support/ML-Experiments/progressive-diffusion-lm/m1-256/env/bin/python -m src.train --config configs/campaign/generated/native-q3-s31415.json""}]"
2026-07-19T00:36:00.160835+00:00,running,23,vm.swapusage: total = 3072.00M  used = 2087.56M  free = 984.44M  (encrypted),"[{""pid"":""40100"",""cpu_pct"":""23.6"",""rss_kib"":""39664"",""command"":""/Users/hozzy/Library/Application Support/ML-Experiments/progressive-diffusion-lm/m1-256/env/bin/python -m src.train --config configs/campaign/generated/native-q3-s31415.json""}]"
2026-07-19T00:37:00.267173+00:00,running,22,vm.swapusage: total = 3072.00M  used = 2079.56M  free = 992.44M  (encrypted),"[{""pid"":""40100"",""cpu_pct"":""15.5"",""rss_kib"":""39392"",""command"":""/Users/hozzy/Library/Application Support/ML-Experiments/progressive-diffusion-lm/m1-256/env/bin/python -m src.train --config configs/campaign/generated/native-q3-s31415.json""}]"
2026-07-19T00:38:00.363135+00:00,running,23,vm.swapusage: total = 3072.00M  used = 2071.56M  free = 1000.44M  (encrypted),"[{""pid"":""40100"",""cpu_pct"":""21.3"",""rss_kib"":""39856"",""command"":""/Users/hozzy/Library/Application Support/ML-Experiments/progressive-diffusion-lm/m1-256/env/bin/python -m src.train --config configs/campaign/generated/native-q3-s31415.json""}]"
2026-07-19T00:39:00.444757+00:00,running,22,vm.swapusage: total = 3072.00M  used = 2071.56M  free = 1000.44M  (encrypted),"[{""pid"":""40100"",""cpu_pct"":""20.6"",""rss_kib"":""39776"",""command"":""/Users/hozzy/Library/Application Support/ML-Experiments/progressive-diffusion-lm/m1-256/env/bin/python -m src.train --config configs/campaign/generated/native-q3-s31415.json""}]"
2026-07-19T00:40:00.706046+00:00,running,22,vm.swapusage: total = 3072.00M  used = 2072.56M  free = 999.44M  (encrypted),"[{""pid"":""40100"",""cpu_pct"":""14.0"",""rss_kib"":""35488"",""command"":""/Users/hozzy/Library/Application Support/ML-Experiments/progressive-diffusion-lm/m1-256/env/bin/python -m src.train --config configs/campaign/generated/native-q3-s31415.json""}]"
2026-07-19T00:41:00.829535+00:00,running,22,vm.swapusage: total = 3072.00M  used = 2074.50M  free = 997.50M  (encrypted),"[{""pid"":""40100"",""cpu_pct"":""18.3"",""rss_kib"":""40016"",""command"":""/Users/hozzy/Library/Application Support/ML-Experiments/progressive-diffusion-lm/m1-256/env/bin/python -m src.train --config configs/campaign/generated/native-q3-s31415.json""}]"
2026-07-19T00:42:01.033011+00:00,running,22,vm.swapusage: total = 3072.00M  used = 2066.50M  free = 1005.50M  (encrypted),"[{""pid"":""40100"",""cpu_pct"":""13.0"",""rss_kib"":""39056"",""command"":""/Users/hozzy/Library/Application Support/ML-Experiments/progressive-diffusion-lm/m1-256/env/bin/python -m src.train --config configs/campaign/generated/native-q3-s31415.json""}]"
2026-07-19T00:43:01.201764+00:00,running,22,vm.swapusage: total = 3072.00M  used = 2058.50M  free = 1013.50M  (encrypted),"[{""pid"":""40100"",""cpu_pct"":""16.6"",""rss_kib"":""39888"",""command"":""/Users/hozzy/Library/Application Support/ML-Experiments/progressive-diffusion-lm/m1-256/env/bin/python -m src.train --config configs/campaign/generated/native-q3-s31415.json""}]"
2026-07-19T00:44:01.387548+00:00,running,20,vm.swapusage: total = 3072.00M  used = 2042.50M  free = 1029.50M  (encrypted),"[{""pid"":""40100"",""cpu_pct"":""12.6"",""rss_kib"":""39712"",""command"":""/Users/hozzy/Library/Application Support/ML-Experiments/progressive-diffusion-lm/m1-256/env/bin/python -m src.train --config configs/campaign/generated/native-q3-s31415.json""}]"
2026-07-19T00:45:01.586887+00:00,running,20,vm.swapusage: total = 3072.00M  used = 2047.06M  free = 1024.94M  (encrypted),"[{""pid"":""40100"",""cpu_pct"":""14.2"",""rss_kib"":""37616"",""command"":""/Users/hozzy/Library/Application Support/ML-Experiments/progressive-diffusion-lm/m1-256/env/bin/python -m src.train --config configs/campaign/generated/native-q3-s31415.json""}]"
2026-07-19T00:46:01.671414+00:00,running,21,vm.swapusage: total = 3072.00M  used = 2023.06M  free = 1048.94M  (encrypted),"[{""pid"":""40100"",""cpu_pct"":""13.3"",""rss_kib"":""38304"",""command"":""/Users/hozzy/Library/Application Support/ML-Experiments/progressive-diffusion-lm/m1-256/env/bin/python -m src.train --config configs/campaign/generated/native-q3-s31415.json""}]"
2026-07-19T00:47:01.758693+00:00,running,20,vm.swapusage: total = 3072.00M  used = 2015.06M  free = 1056.94M  (encrypted),"[{""pid"":""40100"",""cpu_pct"":""14.3"",""rss_kib"":""37472"",""command"":""/Users/hozzy/Library/Application Support/ML-Experiments/progressive-diffusion-lm/m1-256/env/bin/python -m src.train --config configs/campaign/generated/native-q3-s31415.json""}]"
2026-07-19T00:48:01.924117+00:00,running,22,vm.swapusage: total = 3072.00M  used = 2007.06M  free = 1064.94M  (encrypted),"[{""pid"":""40100"",""cpu_pct"":""12.3"",""rss_kib"":""38688"",""command"":""/Users/hozzy/Library/Application Support/ML-Experiments/progressive-diffusion-lm/m1-256/env/bin/python -m src.train --config configs/campaign/generated/native-q3-s31415.json""}]"
2026-07-19T00:49:02.105972+00:00,running,22,vm.swapusage: total = 3072.00M  used = 2010.69M  free = 1061.31M  (encrypted),"[{""pid"":""40100"",""cpu_pct"":""12.4"",""rss_kib"":""40288"",""command"":""/Users/hozzy/Library/Application Support/ML-Experiments/progressive-diffusion-lm/m1-256/env/bin/python -m src.train --config configs/campaign/generated/native-q3-s31415.json""}]"
2026-07-19T00:50:02.226953+00:00,running,22,vm.swapusage: total = 3072.00M  used = 1994.69M  free = 1077.31M  (encrypted),"[{""pid"":""40100"",""cpu_pct"":""12.0"",""rss_kib"":""38496"",""command"":""/Users/hozzy/Library/Application Support/ML-Experiments/progressive-diffusion-lm/m1-256/env/bin/python -m src.train --config configs/campaign/generated/native-q3-s31415.json""}]"
2026-07-19T00:51:02.397905+00:00,running,19,vm.swapusage: total = 3072.00M  used = 1994.69M  free = 1077.31M  (encrypted),"[{""pid"":""40100"",""cpu_pct"":""14.9"",""rss_kib"":""37392"",""command"":""/Users/hozzy/Library/Application Support/ML-Experiments/progressive-diffusion-lm/m1-256/env/bin/python -m src.train --config configs/campaign/generated/native-q3-s31415.json""}]"
2026-07-19T00:52:02.611406+00:00,running,21,vm.swapusage: total = 3072.00M  used = 1986.69M  free = 1085.31M  (encrypted),"[{""pid"":""40100"",""cpu_pct"":""18.1"",""rss_kib"":""39040"",""command"":""/Users/hozzy/Library/Application Support/ML-Experiments/progressive-diffusion-lm/m1-256/env/bin/python -m src.train --config configs/campaign/generated/native-q3-s31415.json""}]"
2026-07-19T00:53:02.823106+00:00,running,19,vm.swapusage: total = 3072.00M  used = 2007.38M  free = 1064.62M  (encrypted),"[{""pid"":""40100"",""cpu_pct"":""21.1"",""rss_kib"":""37456"",""command"":""/Users/hozzy/Library/Application Support/ML-Experiments/progressive-diffusion-lm/m1-256/env/bin/python -m src.train --config configs/campaign/generated/native-q3-s31415.json""}]"
2026-07-19T00:54:03.017182+00:00,running,22,vm.swapusage: total = 3072.00M  used = 2035.69M  free = 1036.31M  (encrypted),"[{""pid"":""40100"",""cpu_pct"":""24.4"",""rss_kib"":""39376"",""command"":""/Users/hozzy/Library/Application Support/ML-Experiments/progressive-diffusion-lm/m1-256/env/bin/python -m src.train --config configs/campaign/generated/native-q3-s31415.json""}]"
2026-07-19T00:55:03.211424+00:00,running,21,vm.swapusage: total = 3072.00M  used = 2035.69M  free = 1036.31M  (encrypted),"[{""pid"":""40100"",""cpu_pct"":""15.7"",""rss_kib"":""37056"",""command"":""/Users/hozzy/Library/Application Support/ML-Experiments/progressive-diffusion-lm/m1-256/env/bin/python -m src.train --config configs/campaign/generated/native-q3-s31415.json""}]"
2026-07-19T00:56:03.278904+00:00,running,21,vm.swapusage: total = 3072.00M  used = 2027.69M  free = 1044.31M  (encrypted),"[{""pid"":""40100"",""cpu_pct"":""19.0"",""rss_kib"":""33104"",""command"":""/Users/hozzy/Library/Application Support/ML-Experiments/progressive-diffusion-lm/m1-256/env/bin/python -m src.train --config configs/campaign/generated/native-q3-s31415.json""}]"
2026-07-19T00:57:03.403944+00:00,running,20,vm.swapusage: total = 3072.00M  used = 2019.69M  free = 1052.31M  (encrypted),"[{""pid"":""40100"",""cpu_pct"":""13.7"",""rss_kib"":""37216"",""command"":""/Users/hozzy/Library/Application Support/ML-Experiments/progressive-diffusion-lm/m1-256/env/bin/python -m src.train --config configs/campaign/generated/native-q3-s31415.json""}]"
2026-07-19T00:58:03.477885+00:00,running,22,vm.swapusage: total = 3072.00M  used = 2036.00M  free = 1036.00M  (encrypted),"[{""pid"":""40100"",""cpu_pct"":""16.3"",""rss_kib"":""38544"",""command"":""/Users/hozzy/Library/Application Support/ML-Experiments/progressive-diffusion-lm/m1-256/env/bin/python -m src.train --config configs/campaign/generated/native-q3-s31415.json""}]"
2026-07-19T00:59:03.623152+00:00,running,21,vm.swapusage: total = 3072.00M  used = 2028.00M  free = 1044.00M  (encrypted),"[{""pid"":""40100"",""cpu_pct"":""23.1"",""rss_kib"":""38240"",""command"":""/Users/hozzy/Library/Application Support/ML-Experiments/progressive-diffusion-lm/m1-256/env/bin/python -m src.train --config configs/campaign/generated/native-q3-s31415.json""}]"
2026-07-19T01:00:03.850762+00:00,running,19,vm.swapusage: total = 3072.00M  used = 2012.00M  free = 1060.00M  (encrypted),"[{""pid"":""40100"",""cpu_pct"":""12.9"",""rss_kib"":""36944"",""command"":""/Users/hozzy/Library/Application Support/ML-Experiments/progressive-diffusion-lm/m1-256/env/bin/python -m src.train --config configs/campaign/generated/native-q3-s31415.json""}]"
2026-07-19T01:01:03.917929+00:00,running,19,vm.swapusage: total = 3072.00M  used = 1988.00M  free = 1084.00M  (encrypted),"[{""pid"":""40100"",""cpu_pct"":""23.6"",""rss_kib"":""37568"",""command"":""/Users/hozzy/Library/Application Support/ML-Experiments/progressive-diffusion-lm/m1-256/env/bin/python -m src.train --config configs/campaign/generated/native-q3-s31415.json""}]"
2026-07-19T01:02:04.144152+00:00,running,22,vm.swapusage: total = 3072.00M  used = 2025.25M  free = 1046.75M  (encrypted),"[{""pid"":""40100"",""cpu_pct"":""18.3"",""rss_kib"":""39328"",""command"":""/Users/hozzy/Library/Application Support/ML-Experiments/progressive-diffusion-lm/m1-256/env/bin/python -m src.train --config configs/campaign/generated/native-q3-s31415.json""}]"
2026-07-19T01:03:04.336984+00:00,running,21,vm.swapusage: total = 3072.00M  used = 2017.25M  free = 1054.75M  (encrypted),"[{""pid"":""40100"",""cpu_pct"":""14.7"",""rss_kib"":""37680"",""command"":""/Users/hozzy/Library/Application Support/ML-Experiments/progressive-diffusion-lm/m1-256/env/bin/python -m src.train --config configs/campaign/generated/native-q3-s31415.json""}]"
2026-07-19T01:04:04.433832+00:00,running,21,vm.swapusage: total = 3072.00M  used = 1993.25M  free = 1078.75M  (encrypted),"[{""pid"":""40100"",""cpu_pct"":""19.8"",""rss_kib"":""38096"",""command"":""/Users/hozzy/Library/Application Support/ML-Experiments/progressive-diffusion-lm/m1-256/env/bin/python -m src.train --config configs/campaign/generated/native-q3-s31415.json""}]"
2026-07-19T01:05:04.518444+00:00,running,19,vm.swapusage: total = 3072.00M  used = 1985.25M  free = 1086.75M  (encrypted),"[{""pid"":""40100"",""cpu_pct"":""14.1"",""rss_kib"":""37152"",""command"":""/Users/hozzy/Library/Application Support/ML-Experiments/progressive-diffusion-lm/m1-256/env/bin/python -m src.train --config configs/campaign/generated/native-q3-s31415.json""}]"
2026-07-19T01:06:04.686249+00:00,running,20,vm.swapusage: total = 3072.00M  used = 2009.06M  free = 1062.94M  (encrypted),"[{""pid"":""40100"",""cpu_pct"":""25.3"",""rss_kib"":""37168"",""command"":""/Users/hozzy/Library/Application Support/ML-Experiments/progressive-diffusion-lm/m1-256/env/bin/python -m src.train --config configs/campaign/generated/native-q3-s31415.json""}]"
2026-07-19T01:07:04.808833+00:00,running,19,vm.swapusage: total = 3072.00M  used = 2093.75M  free = 978.25M  (encrypted),"[{""pid"":""40100"",""cpu_pct"":""23.5"",""rss_kib"":""35872"",""command"":""/Users/hozzy/Library/Application Support/ML-Experiments/progressive-diffusion-lm/m1-256/env/bin/python -m src.train --config configs/campaign/generated/native-q3-s31415.json""}]"
2026-07-19T01:08:05.035994+00:00,running,20,vm.swapusage: total = 3072.00M  used = 2085.75M  free = 986.25M  (encrypted),"[{""pid"":""40100"",""cpu_pct"":""15.8"",""rss_kib"":""36416"",""command"":""/Users/hozzy/Library/Application Support/ML-Experiments/progressive-diffusion-lm/m1-256/env/bin/python -m src.train --config configs/campaign/generated/native-q3-s31415.json""}]"
2026-07-19T01:09:05.241251+00:00,running,20,vm.swapusage: total = 3072.00M  used = 2062.38M  free = 1009.62M  (encrypted),"[{""pid"":""40100"",""cpu_pct"":""25.3"",""rss_kib"":""36064"",""command"":""/Users/hozzy/Library/Application Support/ML-Experiments/progressive-diffusion-lm/m1-256/env/bin/python -m src.train --config configs/campaign/generated/native-q3-s31415.json""}]"
2026-07-19T01:10:05.372144+00:00,running,19,vm.swapusage: total = 3072.00M  used = 2054.38M  free = 1017.62M  (encrypted),"[{""pid"":""40100"",""cpu_pct"":""20.2"",""rss_kib"":""36240"",""command"":""/Users/hozzy/Library/Application Support/ML-Experiments/progressive-diffusion-lm/m1-256/env/bin/python -m src.train --config configs/campaign/generated/native-q3-s31415.json""}]"
2026-07-19T01:11:05.543400+00:00,running,21,vm.swapusage: total = 3072.00M  used = 2060.81M  free = 1011.19M  (encrypted),"[{""pid"":""40100"",""cpu_pct"":""19.7"",""rss_kib"":""30800"",""command"":""/Users/hozzy/Library/Application Support/ML-Experiments/progressive-diffusion-lm/m1-256/env/bin/python -m src.train --config configs/campaign/generated/native-q3-s31415.json""}]"
2026-07-19T01:12:05.666725+00:00,running,20,vm.swapusage: total = 3072.00M  used = 2052.81M  free = 1019.19M  (encrypted),"[{""pid"":""40100"",""cpu_pct"":""14.6"",""rss_kib"":""35568"",""command"":""/Users/hozzy/Library/Application Support/ML-Experiments/progressive-diffusion-lm/m1-256/env/bin/python -m src.train --config configs/campaign/generated/native-q3-s31415.json""}]"
2026-07-19T01:13:05.790044+00:00,running,21,vm.swapusage: total = 3072.00M  used = 2036.81M  free = 1035.19M  (encrypted),"[{""pid"":""40100"",""cpu_pct"":""17.8"",""rss_kib"":""35600"",""command"":""/Users/hozzy/Library/Application Support/ML-Experiments/progressive-diffusion-lm/m1-256/env/bin/python -m src.train --config configs/campaign/generated/native-q3-s31415.json""}]"
2026-07-19T01:14:05.917124+00:00,running,20,vm.swapusage: total = 3072.00M  used = 2028.81M  free = 1043.19M  (encrypted),"[{""pid"":""40100"",""cpu_pct"":""23.0"",""rss_kib"":""35872"",""command"":""/Users/hozzy/Library/Application Support/ML-Experiments/progressive-diffusion-lm/m1-256/env/bin/python -m src.train --config configs/campaign/generated/native-q3-s31415.json""}]"
2026-07-19T01:15:06.151833+00:00,running,21,vm.swapusage: total = 3072.00M  used = 1988.81M  free = 1083.19M  (encrypted),"[{""pid"":""40100"",""cpu_pct"":""24.2"",""rss_kib"":""35856"",""command"":""/Users/hozzy/Library/Application Support/ML-Experiments/progressive-diffusion-lm/m1-256/env/bin/python -m src.train --config configs/campaign/generated/native-q3-s31415.json""}]"
2026-07-19T01:16:06.412123+00:00,running,21,vm.swapusage: total = 3072.00M  used = 2166.12M  free = 905.88M  (encrypted),"[{""pid"":""40100"",""cpu_pct"":""15.7"",""rss_kib"":""36368"",""command"":""/Users/hozzy/Library/Application Support/ML-Experiments/progressive-diffusion-lm/m1-256/env/bin/python -m src.train --config configs/campaign/generated/native-q3-s31415.json""}]"
2026-07-19T01:17:06.474515+00:00,running,23,vm.swapusage: total = 3072.00M  used = 2142.12M  free = 929.88M  (encrypted),"[{""pid"":""40100"",""cpu_pct"":""15.9"",""rss_kib"":""37184"",""command"":""/Users/hozzy/Library/Application Support/ML-Experiments/progressive-diffusion-lm/m1-256/env/bin/python -m src.train --config configs/campaign/generated/native-q3-s31415.json""}]"
2026-07-19T01:18:06.636465+00:00,running,22,vm.swapusage: total = 3072.00M  used = 2118.12M  free = 953.88M  (encrypted),"[{""pid"":""40100"",""cpu_pct"":""15.4"",""rss_kib"":""36464"",""command"":""/Users/hozzy/Library/Application Support/ML-Experiments/progressive-diffusion-lm/m1-256/env/bin/python -m src.train --config configs/campaign/generated/native-q3-s31415.json""}]"
2026-07-19T01:19:06.794399+00:00,running,22,vm.swapusage: total = 3072.00M  used = 2094.12M  free = 977.88M  (encrypted),"[{""pid"":""40100"",""cpu_pct"":""19.1"",""rss_kib"":""36848"",""command"":""/Users/hozzy/Library/Application Support/ML-Experiments/progressive-diffusion-lm/m1-256/env/bin/python -m src.train --config configs/campaign/generated/native-q3-s31415.json""}]"
2026-07-19T01:20:06.892103+00:00,running,22,vm.swapusage: total = 3072.00M  used = 2089.50M  free = 982.50M  (encrypted),"[{""pid"":""40100"",""cpu_pct"":""36.3"",""rss_kib"":""33680"",""command"":""/Users/hozzy/Library/Application Support/ML-Experiments/progressive-diffusion-lm/m1-256/env/bin/python -m src.train --config configs/campaign/generated/native-q3-s31415.json""}]"
2026-07-19T01:21:07.074265+00:00,running,21,vm.swapusage: total = 3072.00M  used = 2081.50M  free = 990.50M  (encrypted),"[{""pid"":""40100"",""cpu_pct"":""23.6"",""rss_kib"":""36624"",""command"":""/Users/hozzy/Library/Application Support/ML-Experiments/progressive-diffusion-lm/m1-256/env/bin/python -m src.train --config configs/campaign/generated/native-q3-s31415.json""}]"
2026-07-19T01:22:07.196263+00:00,running,21,vm.swapusage: total = 3072.00M  used = 2065.50M  free = 1006.50M  (encrypted),"[{""pid"":""40100"",""cpu_pct"":""20.9"",""rss_kib"":""36928"",""command"":""/Users/hozzy/Library/Application Support/ML-Experiments/progressive-diffusion-lm/m1-256/env/bin/python -m src.train --config configs/campaign/generated/native-q3-s31415.json""}]"
2026-07-19T01:23:07.283226+00:00,running,22,vm.swapusage: total = 3072.00M  used = 2049.50M  free = 1022.50M  (encrypted),"[{""pid"":""40100"",""cpu_pct"":""22.1"",""rss_kib"":""35824"",""command"":""/Users/hozzy/Library/Application Support/ML-Experiments/progressive-diffusion-lm/m1-256/env/bin/python -m src.train --config configs/campaign/generated/native-q3-s31415.json""}]"
2026-07-19T01:24:07.446648+00:00,running,20,vm.swapusage: total = 3072.00M  used = 2049.50M  free = 1022.50M  (encrypted),"[{""pid"":""40100"",""cpu_pct"":""20.4"",""rss_kib"":""35920"",""command"":""/Users/hozzy/Library/Application Support/ML-Experiments/progressive-diffusion-lm/m1-256/env/bin/python -m src.train --config configs/campaign/generated/native-q3-s31415.json""}]"
2026-07-19T01:25:07.671507+00:00,running,21,vm.swapusage: total = 3072.00M  used = 2071.50M  free = 1000.50M  (encrypted),"[{""pid"":""40100"",""cpu_pct"":""14.8"",""rss_kib"":""36656"",""command"":""/Users/hozzy/Library/Application Support/ML-Experiments/progressive-diffusion-lm/m1-256/env/bin/python -m src.train --config configs/campaign/generated/native-q3-s31415.json""}]"
2026-07-19T01:26:07.832099+00:00,running,20,vm.swapusage: total = 3072.00M  used = 2063.50M  free = 1008.50M  (encrypted),"[{""pid"":""40100"",""cpu_pct"":""20.9"",""rss_kib"":""35744"",""command"":""/Users/hozzy/Library/Application Support/ML-Experiments/progressive-diffusion-lm/m1-256/env/bin/python -m src.train --config configs/campaign/generated/native-q3-s31415.json""}]"
2026-07-19T01:27:07.968265+00:00,running,19,vm.swapusage: total = 3072.00M  used = 2055.50M  free = 1016.50M  (encrypted),"[{""pid"":""40100"",""cpu_pct"":""24.5"",""rss_kib"":""35648"",""command"":""/Users/hozzy/Library/Application Support/ML-Experiments/progressive-diffusion-lm/m1-256/env/bin/python -m src.train --config configs/campaign/generated/native-q3-s31415.json""}]"
2026-07-19T01:28:08.100987+00:00,running,20,vm.swapusage: total = 3072.00M  used = 2047.50M  free = 1024.50M  (encrypted),"[{""pid"":""40100"",""cpu_pct"":""17.5"",""rss_kib"":""35952"",""command"":""/Users/hozzy/Library/Application Support/ML-Experiments/progressive-diffusion-lm/m1-256/env/bin/python -m src.train --config configs/campaign/generated/native-q3-s31415.json""}]"
2026-07-19T01:29:08.306562+00:00,running,23,vm.swapusage: total = 3072.00M  used = 2090.00M  free = 982.00M  (encrypted),"[{""pid"":""40100"",""cpu_pct"":""20.1"",""rss_kib"":""36272"",""command"":""/Users/hozzy/Library/Application Support/ML-Experiments/progressive-diffusion-lm/m1-256/env/bin/python -m src.train --config configs/campaign/generated/native-q3-s31415.json""}]"
2026-07-19T01:30:08.443414+00:00,running,21,vm.swapusage: total = 3072.00M  used = 2082.00M  free = 990.00M  (encrypted),"[{""pid"":""40100"",""cpu_pct"":""23.5"",""rss_kib"":""36160"",""command"":""/Users/hozzy/Library/Application Support/ML-Experiments/progressive-diffusion-lm/m1-256/env/bin/python -m src.train --config configs/campaign/generated/native-q3-s31415.json""}]"
2026-07-19T01:31:08.668066+00:00,running,21,vm.swapusage: total = 3072.00M  used = 2026.00M  free = 1046.00M  (encrypted),"[{""pid"":""40100"",""cpu_pct"":""23.7"",""rss_kib"":""35856"",""command"":""/Users/hozzy/Library/Application Support/ML-Experiments/progressive-diffusion-lm/m1-256/env/bin/python -m src.train --config configs/campaign/generated/native-q3-s31415.json""}]"
2026-07-19T01:32:08.903295+00:00,running,19,vm.swapusage: total = 3072.00M  used = 2023.94M  free = 1048.06M  (encrypted),"[{""pid"":""40100"",""cpu_pct"":""20.0"",""rss_kib"":""35360"",""command"":""/Users/hozzy/Library/Application Support/ML-Experiments/progressive-diffusion-lm/m1-256/env/bin/python -m src.train --config configs/campaign/generated/native-q3-s31415.json""}]"
2026-07-19T01:33:09.086006+00:00,running,19,vm.swapusage: total = 3072.00M  used = 2015.94M  free = 1056.06M  (encrypted),"[{""pid"":""40100"",""cpu_pct"":""21.1"",""rss_kib"":""35680"",""command"":""/Users/hozzy/Library/Application Support/ML-Experiments/progressive-diffusion-lm/m1-256/env/bin/python -m src.train --config configs/campaign/generated/native-q3-s31415.json""}]"
2026-07-19T01:34:09.172683+00:00,running,21,vm.swapusage: total = 3072.00M  used = 2056.69M  free = 1015.31M  (encrypted),"[{""pid"":""40100"",""cpu_pct"":""14.7"",""rss_kib"":""36608"",""command"":""/Users/hozzy/Library/Application Support/ML-Experiments/progressive-diffusion-lm/m1-256/env/bin/python -m src.train --config configs/campaign/generated/native-q3-s31415.json""}]"
2026-07-19T01:35:09.348841+00:00,running,21,vm.swapusage: total = 3072.00M  used = 2048.69M  free = 1023.31M  (encrypted),"[{""pid"":""40100"",""cpu_pct"":""23.5"",""rss_kib"":""36016"",""command"":""/Users/hozzy/Library/Application Support/ML-Experiments/progressive-diffusion-lm/m1-256/env/bin/python -m src.train --config configs/campaign/generated/native-q3-s31415.json""}]"
2026-07-19T01:36:09.429601+00:00,running,21,vm.swapusage: total = 3072.00M  used = 2040.69M  free = 1031.31M  (encrypted),"[{""pid"":""40100"",""cpu_pct"":""20.5"",""rss_kib"":""35936"",""command"":""/Users/hozzy/Library/Application Support/ML-Experiments/progressive-diffusion-lm/m1-256/env/bin/python -m src.train --config configs/campaign/generated/native-q3-s31415.json""}]"
2026-07-19T01:37:09.601810+00:00,running,21,vm.swapusage: total = 3072.00M  used = 2032.69M  free = 1039.31M  (encrypted),"[{""pid"":""40100"",""cpu_pct"":""20.2"",""rss_kib"":""36736"",""command"":""/Users/hozzy/Library/Application Support/ML-Experiments/progressive-diffusion-lm/m1-256/env/bin/python -m src.train --config configs/campaign/generated/native-q3-s31415.json""}]"
2026-07-19T01:38:09.837773+00:00,running,23,vm.swapusage: total = 3072.00M  used = 2072.50M  free = 999.50M  (encrypted),"[{""pid"":""40100"",""cpu_pct"":""14.8"",""rss_kib"":""37296"",""command"":""/Users/hozzy/Library/Application Support/ML-Experiments/progressive-diffusion-lm/m1-256/env/bin/python -m src.train --config configs/campaign/generated/native-q3-s31415.json""}]"
2026-07-19T01:39:09.993164+00:00,running,23,vm.swapusage: total = 3072.00M  used = 2056.50M  free = 1015.50M  (encrypted),"[{""pid"":""40100"",""cpu_pct"":""17.0"",""rss_kib"":""36976"",""command"":""/Users/hozzy/Library/Application Support/ML-Experiments/progressive-diffusion-lm/m1-256/env/bin/python -m src.train --config configs/campaign/generated/native-q3-s31415.json""}]"
2026-07-19T01:40:10.099035+00:00,running,21,vm.swapusage: total = 3072.00M  used = 2048.50M  free = 1023.50M  (encrypted),"[{""pid"":""40100"",""cpu_pct"":""24.4"",""rss_kib"":""36736"",""command"":""/Users/hozzy/Library/Application Support/ML-Experiments/progressive-diffusion-lm/m1-256/env/bin/python -m src.train --config configs/campaign/generated/native-q3-s31415.json""}]"
2026-07-19T01:41:10.289373+00:00,running,22,vm.swapusage: total = 3072.00M  used = 2040.50M  free = 1031.50M  (encrypted),"[{""pid"":""40100"",""cpu_pct"":""19.2"",""rss_kib"":""37264"",""command"":""/Users/hozzy/Library/Application Support/ML-Experiments/progressive-diffusion-lm/m1-256/env/bin/python -m src.train --config configs/campaign/generated/native-q3-s31415.json""}]"
2026-07-19T01:42:10.375856+00:00,running,22,vm.swapusage: total = 3072.00M  used = 2072.06M  free = 999.94M  (encrypted),"[{""pid"":""40100"",""cpu_pct"":""18.1"",""rss_kib"":""32560"",""command"":""/Users/hozzy/Library/Application Support/ML-Experiments/progressive-diffusion-lm/m1-256/env/bin/python -m src.train --config configs/campaign/generated/native-q3-s31415.json""}]"
2026-07-19T01:43:10.448511+00:00,running,23,vm.swapusage: total = 3072.00M  used = 2100.88M  free = 971.12M  (encrypted),"[{""pid"":""44038"",""cpu_pct"":""12.6"",""rss_kib"":""40912"",""command"":""/Users/hozzy/Library/Application Support/ML-Experiments/progressive-diffusion-lm/m1-256/env/bin/python -m src.train --config configs/campaign/generated/native-ternary-s31415.json""}]"
2026-07-19T01:44:10.632963+00:00,running,22,vm.swapusage: total = 3072.00M  used = 2092.88M  free = 979.12M  (encrypted),"[{""pid"":""44038"",""cpu_pct"":""14.4"",""rss_kib"":""36976"",""command"":""/Users/hozzy/Library/Application Support/ML-Experiments/progressive-diffusion-lm/m1-256/env/bin/python -m src.train --config configs/campaign/generated/native-ternary-s31415.json""}]"
2026-07-19T01:45:10.858231+00:00,running,22,vm.swapusage: total = 3072.00M  used = 2092.88M  free = 979.12M  (encrypted),"[{""pid"":""44038"",""cpu_pct"":""19.5"",""rss_kib"":""33392"",""command"":""/Users/hozzy/Library/Application Support/ML-Experiments/progressive-diffusion-lm/m1-256/env/bin/python -m src.train --config configs/campaign/generated/native-ternary-s31415.json""}]"
2026-07-19T01:46:10.982073+00:00,running,21,vm.swapusage: total = 3072.00M  used = 2076.88M  free = 995.12M  (encrypted),"[{""pid"":""44038"",""cpu_pct"":""12.2"",""rss_kib"":""33696"",""command"":""/Users/hozzy/Library/Application Support/ML-Experiments/progressive-diffusion-lm/m1-256/env/bin/python -m src.train --config configs/campaign/generated/native-ternary-s31415.json""}]"
2026-07-19T01:47:11.206372+00:00,running,21,vm.swapusage: total = 3072.00M  used = 2076.88M  free = 995.12M  (encrypted),"[{""pid"":""44038"",""cpu_pct"":""14.1"",""rss_kib"":""35184"",""command"":""/Users/hozzy/Library/Application Support/ML-Experiments/progressive-diffusion-lm/m1-256/env/bin/python -m src.train --config configs/campaign/generated/native-ternary-s31415.json""}]"
2026-07-19T01:48:11.302369+00:00,running,21,vm.swapusage: total = 3072.00M  used = 2068.88M  free = 1003.12M  (encrypted),"[{""pid"":""44038"",""cpu_pct"":""14.4"",""rss_kib"":""35808"",""command"":""/Users/hozzy/Library/Application Support/ML-Experiments/progressive-diffusion-lm/m1-256/env/bin/python -m src.train --config configs/campaign/generated/native-ternary-s31415.json""}]"
2026-07-19T01:49:11.366495+00:00,running,22,vm.swapusage: total = 3072.00M  used = 2068.88M  free = 1003.12M  (encrypted),"[{""pid"":""44038"",""cpu_pct"":""14.1"",""rss_kib"":""36432"",""command"":""/Users/hozzy/Library/Application Support/ML-Experiments/progressive-diffusion-lm/m1-256/env/bin/python -m src.train --config configs/campaign/generated/native-ternary-s31415.json""}]"
2026-07-19T01:50:11.535865+00:00,running,21,vm.swapusage: total = 3072.00M  used = 2060.88M  free = 1011.12M  (encrypted),"[{""pid"":""44038"",""cpu_pct"":""14.4"",""rss_kib"":""35472"",""command"":""/Users/hozzy/Library/Application Support/ML-Experiments/progressive-diffusion-lm/m1-256/env/bin/python -m src.train --config configs/campaign/generated/native-ternary-s31415.json""}]"
2026-07-19T01:51:11.621248+00:00,running,22,vm.swapusage: total = 3072.00M  used = 2071.06M  free = 1000.94M  (encrypted),"[{""pid"":""44038"",""cpu_pct"":""19.1"",""rss_kib"":""36304"",""command"":""/Users/hozzy/Library/Application Support/ML-Experiments/progressive-diffusion-lm/m1-256/env/bin/python -m src.train --config configs/campaign/generated/native-ternary-s31415.json""}]"
2026-07-19T01:52:11.776539+00:00,running,22,vm.swapusage: total = 3072.00M  used = 2071.06M  free = 1000.94M  (encrypted),"[{""pid"":""44038"",""cpu_pct"":""17.5"",""rss_kib"":""35824"",""command"":""/Users/hozzy/Library/Application Support/ML-Experiments/progressive-diffusion-lm/m1-256/env/bin/python -m src.train --config configs/campaign/generated/native-ternary-s31415.json""}]"
2026-07-19T01:53:11.892861+00:00,running,21,vm.swapusage: total = 3072.00M  used = 2063.06M  free = 1008.94M  (encrypted),"[{""pid"":""44038"",""cpu_pct"":""25.4"",""rss_kib"":""36096"",""command"":""/Users/hozzy/Library/Application Support/ML-Experiments/progressive-diffusion-lm/m1-256/env/bin/python -m src.train --config configs/campaign/generated/native-ternary-s31415.json""}]"
2026-07-19T01:54:12.127873+00:00,running,20,vm.swapusage: total = 3072.00M  used = 2100.88M  free = 971.12M  (encrypted),"[{""pid"":""44038"",""cpu_pct"":""19.0"",""rss_kib"":""33472"",""command"":""/Users/hozzy/Library/Application Support/ML-Experiments/progressive-diffusion-lm/m1-256/env/bin/python -m src.train --config configs/campaign/generated/native-ternary-s31415.json""}]"
2026-07-19T01:55:12.347788+00:00,running,21,vm.swapusage: total = 3072.00M  used = 2080.31M  free = 991.69M  (encrypted),"[{""pid"":""44038"",""cpu_pct"":""15.4"",""rss_kib"":""34176"",""command"":""/Users/hozzy/Library/Application Support/ML-Experiments/progressive-diffusion-lm/m1-256/env/bin/python -m src.train --config configs/campaign/generated/native-ternary-s31415.json""}]"
2026-07-19T01:56:12.570699+00:00,running,20,vm.swapusage: total = 3072.00M  used = 2072.31M  free = 999.69M  (encrypted),"[{""pid"":""44038"",""cpu_pct"":""18.2"",""rss_kib"":""33120"",""command"":""/Users/hozzy/Library/Application Support/ML-Experiments/progressive-diffusion-lm/m1-256/env/bin/python -m src.train --config configs/campaign/generated/native-ternary-s31415.json""}]"
2026-07-19T01:57:12.732424+00:00,running,20,vm.swapusage: total = 3072.00M  used = 2048.31M  free = 1023.69M  (encrypted),"[{""pid"":""44038"",""cpu_pct"":""24.2"",""rss_kib"":""34496"",""command"":""/Users/hozzy/Library/Application Support/ML-Experiments/progressive-diffusion-lm/m1-256/env/bin/python -m src.train --config configs/campaign/generated/native-ternary-s31415.json""}]"
2026-07-19T01:58:12.836406+00:00,running,18,vm.swapusage: total = 3072.00M  used = 2048.19M  free = 1023.81M  (encrypted),"[{""pid"":""44038"",""cpu_pct"":""12.6"",""rss_kib"":""33952"",""command"":""/Users/hozzy/Library/Application Support/ML-Experiments/progressive-diffusion-lm/m1-256/env/bin/python -m src.train --config configs/campaign/generated/native-ternary-s31415.json""}]"
2026-07-19T01:59:13.046879+00:00,running,22,vm.swapusage: total = 3072.00M  used = 2104.44M  free = 967.56M  (encrypted),"[{""pid"":""44038"",""cpu_pct"":""15.2"",""rss_kib"":""34800"",""command"":""/Users/hozzy/Library/Application Support/ML-Experiments/progressive-diffusion-lm/m1-256/env/bin/python -m src.train --config configs/campaign/generated/native-ternary-s31415.json""}]"
2026-07-19T02:00:13.139089+00:00,running,21,vm.swapusage: total = 3072.00M  used = 2088.44M  free = 983.56M  (encrypted),"[{""pid"":""44038"",""cpu_pct"":""24.0"",""rss_kib"":""34864"",""command"":""/Users/hozzy/Library/Application Support/ML-Experiments/progressive-diffusion-lm/m1-256/env/bin/python -m src.train --config configs/campaign/generated/native-ternary-s31415.json""}]"
2026-07-19T02:01:13.239799+00:00,running,21,vm.swapusage: total = 3072.00M  used = 2072.44M  free = 999.56M  (encrypted),"[{""pid"":""44038"",""cpu_pct"":""19.8"",""rss_kib"":""35056"",""command"":""/Users/hozzy/Library/Application Support/ML-Experiments/progressive-diffusion-lm/m1-256/env/bin/python -m src.train --config configs/campaign/generated/native-ternary-s31415.json""}]"
2026-07-19T02:02:13.317356+00:00,running,21,vm.swapusage: total = 3072.00M  used = 2098.62M  free = 973.38M  (encrypted),"[{""pid"":""44038"",""cpu_pct"":""18.2"",""rss_kib"":""34976"",""command"":""/Users/hozzy/Library/Application Support/ML-Experiments/progressive-diffusion-lm/m1-256/env/bin/python -m src.train --config configs/campaign/generated/native-ternary-s31415.json""}]"
2026-07-19T02:03:13.392113+00:00,running,21,vm.swapusage: total = 3072.00M  used = 2092.00M  free = 980.00M  (encrypted),"[{""pid"":""44038"",""cpu_pct"":""19.0"",""rss_kib"":""36944"",""command"":""/Users/hozzy/Library/Application Support/ML-Experiments/progressive-diffusion-lm/m1-256/env/bin/python -m src.train --config configs/campaign/generated/native-ternary-s31415.json""}]"
2026-07-19T02:04:13.504069+00:00,running,21,vm.swapusage: total = 3072.00M  used = 2084.00M  free = 988.00M  (encrypted),"[{""pid"":""44038"",""cpu_pct"":""12.8"",""rss_kib"":""34720"",""command"":""/Users/hozzy/Library/Application Support/ML-Experiments/progressive-diffusion-lm/m1-256/env/bin/python -m src.train --config configs/campaign/generated/native-ternary-s31415.json""}]"
2026-07-19T02:05:13.694882+00:00,running,19,vm.swapusage: total = 3072.00M  used = 2102.75M  free = 969.25M  (encrypted),"[{""pid"":""44038"",""cpu_pct"":""12.3"",""rss_kib"":""33200"",""command"":""/Users/hozzy/Library/Application Support/ML-Experiments/progressive-diffusion-lm/m1-256/env/bin/python -m src.train --config configs/campaign/generated/native-ternary-s31415.json""}]"
2026-07-19T02:06:13.828687+00:00,running,20,vm.swapusage: total = 3072.00M  used = 2160.69M  free = 911.31M  (encrypted),"[{""pid"":""44038"",""cpu_pct"":""20.9"",""rss_kib"":""34688"",""command"":""/Users/hozzy/Library/Application Support/ML-Experiments/progressive-diffusion-lm/m1-256/env/bin/python -m src.train --config configs/campaign/generated/native-ternary-s31415.json""}]"
2026-07-19T02:07:14.071209+00:00,running,21,vm.swapusage: total = 3072.00M  used = 2182.69M  free = 889.31M  (encrypted),"[{""pid"":""44038"",""cpu_pct"":""9.5"",""rss_kib"":""30224"",""command"":""/Users/hozzy/Library/Application Support/ML-Experiments/progressive-diffusion-lm/m1-256/env/bin/python -m src.train --config configs/campaign/generated/native-ternary-s31415.json""}]"
2026-07-19T02:08:14.203319+00:00,running,21,vm.swapusage: total = 3072.00M  used = 2150.69M  free = 921.31M  (encrypted),"[{""pid"":""44038"",""cpu_pct"":""18.4"",""rss_kib"":""33392"",""command"":""/Users/hozzy/Library/Application Support/ML-Experiments/progressive-diffusion-lm/m1-256/env/bin/python -m src.train --config configs/campaign/generated/native-ternary-s31415.json""}]"
2026-07-19T02:09:14.299999+00:00,running,21,vm.swapusage: total = 3072.00M  used = 2150.69M  free = 921.31M  (encrypted),"[{""pid"":""44038"",""cpu_pct"":""14.4"",""rss_kib"":""33552"",""command"":""/Users/hozzy/Library/Application Support/ML-Experiments/progressive-diffusion-lm/m1-256/env/bin/python -m src.train --config configs/campaign/generated/native-ternary-s31415.json""}]"
2026-07-19T02:10:14.468195+00:00,running,20,vm.swapusage: total = 3072.00M  used = 2134.69M  free = 937.31M  (encrypted),"[{""pid"":""44038"",""cpu_pct"":""12.4"",""rss_kib"":""34544"",""command"":""/Users/hozzy/Library/Application Support/ML-Experiments/progressive-diffusion-lm/m1-256/env/bin/python -m src.train --config configs/campaign/generated/native-ternary-s31415.json""}]"
2026-07-19T02:11:14.547864+00:00,running,20,vm.swapusage: total = 3072.00M  used = 2126.69M  free = 945.31M  (encrypted),"[{""pid"":""44038"",""cpu_pct"":""23.6"",""rss_kib"":""35120"",""command"":""/Users/hozzy/Library/Application Support/ML-Experiments/progressive-diffusion-lm/m1-256/env/bin/python -m src.train --config configs/campaign/generated/native-ternary-s31415.json""}]"
2026-07-19T02:12:14.658044+00:00,running,21,vm.swapusage: total = 3072.00M  used = 2105.50M  free = 966.50M  (encrypted),"[{""pid"":""44038"",""cpu_pct"":""11.4"",""rss_kib"":""34400"",""command"":""/Users/hozzy/Library/Application Support/ML-Experiments/progressive-diffusion-lm/m1-256/env/bin/python -m src.train --config configs/campaign/generated/native-ternary-s31415.json""}]"
2026-07-19T02:13:14.880091+00:00,running,21,vm.swapusage: total = 3072.00M  used = 2098.81M  free = 973.19M  (encrypted),"[{""pid"":""44038"",""cpu_pct"":""17.3"",""rss_kib"":""35568"",""command"":""/Users/hozzy/Library/Application Support/ML-Experiments/progressive-diffusion-lm/m1-256/env/bin/python -m src.train --config configs/campaign/generated/native-ternary-s31415.json""}]"
2026-07-19T02:14:15.106308+00:00,running,21,vm.swapusage: total = 3072.00M  used = 2074.81M  free = 997.19M  (encrypted),"[{""pid"":""44038"",""cpu_pct"":""12.8"",""rss_kib"":""33200"",""command"":""/Users/hozzy/Library/Application Support/ML-Experiments/progressive-diffusion-lm/m1-256/env/bin/python -m src.train --config configs/campaign/generated/native-ternary-s31415.json""}]"
2026-07-19T02:15:15.342348+00:00,running,22,vm.swapusage: total = 3072.00M  used = 2066.81M  free = 1005.19M  (encrypted),"[{""pid"":""44038"",""cpu_pct"":""16.1"",""rss_kib"":""34640"",""command"":""/Users/hozzy/Library/Application Support/ML-Experiments/progressive-diffusion-lm/m1-256/env/bin/python -m src.train --config configs/campaign/generated/native-ternary-s31415.json""}]"
2026-07-19T02:16:15.445344+00:00,running,22,vm.swapusage: total = 3072.00M  used = 2062.44M  free = 1009.56M  (encrypted),"[{""pid"":""44038"",""cpu_pct"":""15.9"",""rss_kib"":""34064"",""command"":""/Users/hozzy/Library/Application Support/ML-Experiments/progressive-diffusion-lm/m1-256/env/bin/python -m src.train --config configs/campaign/generated/native-ternary-s31415.json""}]"
2026-07-19T02:17:15.617888+00:00,running,21,vm.swapusage: total = 3072.00M  used = 2062.44M  free = 1009.56M  (encrypted),"[{""pid"":""44038"",""cpu_pct"":""20.6"",""rss_kib"":""35024"",""command"":""/Users/hozzy/Library/Application Support/ML-Experiments/progressive-diffusion-lm/m1-256/env/bin/python -m src.train --config configs/campaign/generated/native-ternary-s31415.json""}]"
2026-07-19T02:18:15.721292+00:00,running,21,vm.swapusage: total = 3072.00M  used = 2062.44M  free = 1009.56M  (encrypted),"[{""pid"":""44038"",""cpu_pct"":""12.6"",""rss_kib"":""34640"",""command"":""/Users/hozzy/Library/Application Support/ML-Experiments/progressive-diffusion-lm/m1-256/env/bin/python -m src.train --config configs/campaign/generated/native-ternary-s31415.json""}]"
2026-07-19T02:19:15.868373+00:00,running,22,vm.swapusage: total = 3072.00M  used = 2054.38M  free = 1017.62M  (encrypted),"[{""pid"":""44038"",""cpu_pct"":""16.4"",""rss_kib"":""35424"",""command"":""/Users/hozzy/Library/Application Support/ML-Experiments/progressive-diffusion-lm/m1-256/env/bin/python -m src.train --config configs/campaign/generated/native-ternary-s31415.json""}]"
2026-07-19T02:20:15.986944+00:00,running,21,vm.swapusage: total = 3072.00M  used = 2038.38M  free = 1033.62M  (encrypted),"[{""pid"":""44038"",""cpu_pct"":""15.7"",""rss_kib"":""33984"",""command"":""/Users/hozzy/Library/Application Support/ML-Experiments/progressive-diffusion-lm/m1-256/env/bin/python -m src.train --config configs/campaign/generated/native-ternary-s31415.json""}]"
2026-07-19T02:21:16.095449+00:00,running,21,vm.swapusage: total = 3072.00M  used = 2022.38M  free = 1049.62M  (encrypted),"[{""pid"":""44038"",""cpu_pct"":""14.5"",""rss_kib"":""36096"",""command"":""/Users/hozzy/Library/Application Support/ML-Experiments/progressive-diffusion-lm/m1-256/env/bin/python -m src.train --config configs/campaign/generated/native-ternary-s31415.json""}]"
2026-07-19T02:22:16.266153+00:00,running,19,vm.swapusage: total = 3072.00M  used = 2021.19M  free = 1050.81M  (encrypted),"[{""pid"":""44038"",""cpu_pct"":""23.8"",""rss_kib"":""34368"",""command"":""/Users/hozzy/Library/Application Support/ML-Experiments/progressive-diffusion-lm/m1-256/env/bin/python -m src.train --config configs/campaign/generated/native-ternary-s31415.json""}]"
2026-07-19T02:23:16.341128+00:00,running,20,vm.swapusage: total = 3072.00M  used = 2013.19M  free = 1058.81M  (encrypted),"[{""pid"":""44038"",""cpu_pct"":""21.7"",""rss_kib"":""35584"",""command"":""/Users/hozzy/Library/Application Support/ML-Experiments/progressive-diffusion-lm/m1-256/env/bin/python -m src.train --config configs/campaign/generated/native-ternary-s31415.json""}]"
2026-07-19T02:24:16.484725+00:00,running,21,vm.swapusage: total = 3072.00M  used = 2035.06M  free = 1036.94M  (encrypted),"[{""pid"":""44038"",""cpu_pct"":""16.3"",""rss_kib"":""35792"",""command"":""/Users/hozzy/Library/Application Support/ML-Experiments/progressive-diffusion-lm/m1-256/env/bin/python -m src.train --config configs/campaign/generated/native-ternary-s31415.json""}]"
2026-07-19T02:25:16.624848+00:00,running,21,vm.swapusage: total = 3072.00M  used = 2035.06M  free = 1036.94M  (encrypted),"[{""pid"":""44038"",""cpu_pct"":""13.9"",""rss_kib"":""34880"",""command"":""/Users/hozzy/Library/Application Support/ML-Experiments/progressive-diffusion-lm/m1-256/env/bin/python -m src.train --config configs/campaign/generated/native-ternary-s31415.json""}]"
2026-07-19T02:26:16.755321+00:00,running,22,vm.swapusage: total = 3072.00M  used = 2027.06M  free = 1044.94M  (encrypted),"[{""pid"":""44038"",""cpu_pct"":""21.7"",""rss_kib"":""34656"",""command"":""/Users/hozzy/Library/Application Support/ML-Experiments/progressive-diffusion-lm/m1-256/env/bin/python -m src.train --config configs/campaign/generated/native-ternary-s31415.json""}]"
2026-07-19T02:27:16.921987+00:00,running,22,vm.swapusage: total = 3072.00M  used = 2019.06M  free = 1052.94M  (encrypted),"[{""pid"":""44038"",""cpu_pct"":""19.7"",""rss_kib"":""35520"",""command"":""/Users/hozzy/Library/Application Support/ML-Experiments/progressive-diffusion-lm/m1-256/env/bin/python -m src.train --config configs/campaign/generated/native-ternary-s31415.json""}]"
2026-07-19T02:28:17.037888+00:00,running,22,vm.swapusage: total = 3072.00M  used = 2019.06M  free = 1052.94M  (encrypted),"[{""pid"":""44038"",""cpu_pct"":""16.1"",""rss_kib"":""35952"",""command"":""/Users/hozzy/Library/Application Support/ML-Experiments/progressive-diffusion-lm/m1-256/env/bin/python -m src.train --config configs/campaign/generated/native-ternary-s31415.json""}]"
2026-07-19T02:29:17.263015+00:00,running,22,vm.swapusage: total = 3072.00M  used = 2019.06M  free = 1052.94M  (encrypted),"[{""pid"":""44038"",""cpu_pct"":""17.3"",""rss_kib"":""36160"",""command"":""/Users/hozzy/Library/Application Support/ML-Experiments/progressive-diffusion-lm/m1-256/env/bin/python -m src.train --config configs/campaign/generated/native-ternary-s31415.json""}]"
2026-07-19T02:30:17.432244+00:00,running,19,vm.swapusage: total = 3072.00M  used = 1971.06M  free = 1100.94M  (encrypted),"[{""pid"":""44038"",""cpu_pct"":""15.2"",""rss_kib"":""35008"",""command"":""/Users/hozzy/Library/Application Support/ML-Experiments/progressive-diffusion-lm/m1-256/env/bin/python -m src.train --config configs/campaign/generated/native-ternary-s31415.json""}]"
2026-07-19T02:31:17.572340+00:00,running,21,vm.swapusage: total = 3072.00M  used = 2019.38M  free = 1052.62M  (encrypted),"[{""pid"":""44038"",""cpu_pct"":""13.9"",""rss_kib"":""35024"",""command"":""/Users/hozzy/Library/Application Support/ML-Experiments/progressive-diffusion-lm/m1-256/env/bin/python -m src.train --config configs/campaign/generated/native-ternary-s31415.json""}]"
2026-07-19T02:32:17.635096+00:00,running,22,vm.swapusage: total = 3072.00M  used = 2032.00M  free = 1040.00M  (encrypted),"[{""pid"":""44038"",""cpu_pct"":""13.9"",""rss_kib"":""29600"",""command"":""/Users/hozzy/Library/Application Support/ML-Experiments/progressive-diffusion-lm/m1-256/env/bin/python -m src.train --config configs/campaign/generated/native-ternary-s31415.json""}]"
2026-07-19T02:33:17.857570+00:00,running,21,vm.swapusage: total = 3072.00M  used = 2032.00M  free = 1040.00M  (encrypted),"[{""pid"":""44038"",""cpu_pct"":""13.6"",""rss_kib"":""35536"",""command"":""/Users/hozzy/Library/Application Support/ML-Experiments/progressive-diffusion-lm/m1-256/env/bin/python -m src.train --config configs/campaign/generated/native-ternary-s31415.json""}]"
2026-07-19T02:34:18.068538+00:00,running,20,vm.swapusage: total = 3072.00M  used = 1976.00M  free = 1096.00M  (encrypted),"[{""pid"":""44038"",""cpu_pct"":""16.1"",""rss_kib"":""35152"",""command"":""/Users/hozzy/Library/Application Support/ML-Experiments/progressive-diffusion-lm/m1-256/env/bin/python -m src.train --config configs/campaign/generated/native-ternary-s31415.json""}]"
2026-07-19T02:35:18.223816+00:00,running,20,vm.swapusage: total = 3072.00M  used = 1987.06M  free = 1084.94M  (encrypted),"[{""pid"":""44038"",""cpu_pct"":""18.1"",""rss_kib"":""35152"",""command"":""/Users/hozzy/Library/Application Support/ML-Experiments/progressive-diffusion-lm/m1-256/env/bin/python -m src.train --config configs/campaign/generated/native-ternary-s31415.json""}]"
2026-07-19T02:36:18.321803+00:00,running,19,vm.swapusage: total = 3072.00M  used = 2014.31M  free = 1057.69M  (encrypted),"[{""pid"":""44038"",""cpu_pct"":""15.2"",""rss_kib"":""35840"",""command"":""/Users/hozzy/Library/Application Support/ML-Experiments/progressive-diffusion-lm/m1-256/env/bin/python -m src.train --config configs/campaign/generated/native-ternary-s31415.json""}]"
2026-07-19T02:37:18.549338+00:00,running,20,vm.swapusage: total = 3072.00M  used = 2018.94M  free = 1053.06M  (encrypted),"[{""pid"":""44038"",""cpu_pct"":""22.6"",""rss_kib"":""35856"",""command"":""/Users/hozzy/Library/Application Support/ML-Experiments/progressive-diffusion-lm/m1-256/env/bin/python -m src.train --config configs/campaign/generated/native-ternary-s31415.json""}]"
2026-07-19T02:38:18.693874+00:00,running,21,vm.swapusage: total = 3072.00M  used = 2037.69M  free = 1034.31M  (encrypted),"[{""pid"":""44038"",""cpu_pct"":""17.3"",""rss_kib"":""35648"",""command"":""/Users/hozzy/Library/Application Support/ML-Experiments/progressive-diffusion-lm/m1-256/env/bin/python -m src.train --config configs/campaign/generated/native-ternary-s31415.json""}]"
2026-07-19T02:39:18.836259+00:00,running,22,vm.swapusage: total = 3072.00M  used = 2029.69M  free = 1042.31M  (encrypted),"[{""pid"":""44038"",""cpu_pct"":""21.3"",""rss_kib"":""36928"",""command"":""/Users/hozzy/Library/Application Support/ML-Experiments/progressive-diffusion-lm/m1-256/env/bin/python -m src.train --config configs/campaign/generated/native-ternary-s31415.json""}]"
2026-07-19T02:40:19.023996+00:00,running,20,vm.swapusage: total = 3072.00M  used = 2021.69M  free = 1050.31M  (encrypted),"[{""pid"":""44038"",""cpu_pct"":""14.6"",""rss_kib"":""36432"",""command"":""/Users/hozzy/Library/Application Support/ML-Experiments/progressive-diffusion-lm/m1-256/env/bin/python -m src.train --config configs/campaign/generated/native-ternary-s31415.json""}]"
2026-07-19T02:41:19.101779+00:00,running,22,vm.swapusage: total = 3072.00M  used = 2045.00M  free = 1027.00M  (encrypted),"[{""pid"":""44038"",""cpu_pct"":""17.7"",""rss_kib"":""35856"",""command"":""/Users/hozzy/Library/Application Support/ML-Experiments/progressive-diffusion-lm/m1-256/env/bin/python -m src.train --config configs/campaign/generated/native-ternary-s31415.json""}]"
2026-07-19T02:42:19.342191+00:00,running,20,vm.swapusage: total = 3072.00M  used = 2037.00M  free = 1035.00M  (encrypted),"[{""pid"":""44038"",""cpu_pct"":""12.6"",""rss_kib"":""35824"",""command"":""/Users/hozzy/Library/Application Support/ML-Experiments/progressive-diffusion-lm/m1-256/env/bin/python -m src.train --config configs/campaign/generated/native-ternary-s31415.json""}]"
2026-07-19T02:43:19.579232+00:00,running,23,vm.swapusage: total = 3072.00M  used = 2039.06M  free = 1032.94M  (encrypted),"[{""pid"":""44038"",""cpu_pct"":""16.3"",""rss_kib"":""37248"",""command"":""/Users/hozzy/Library/Application Support/ML-Experiments/progressive-diffusion-lm/m1-256/env/bin/python -m src.train --config configs/campaign/generated/native-ternary-s31415.json""}]"
2026-07-19T02:44:19.793912+00:00,running,21,vm.swapusage: total = 3072.00M  used = 2075.12M  free = 996.88M  (encrypted),"[{""pid"":""44038"",""cpu_pct"":""18.4"",""rss_kib"":""35680"",""command"":""/Users/hozzy/Library/Application Support/ML-Experiments/progressive-diffusion-lm/m1-256/env/bin/python -m src.train --config configs/campaign/generated/native-ternary-s31415.json""}]"
2026-07-19T02:45:20.026034+00:00,running,22,vm.swapusage: total = 3072.00M  used = 2059.12M  free = 1012.88M  (encrypted),"[{""pid"":""44038"",""cpu_pct"":""19.1"",""rss_kib"":""36768"",""command"":""/Users/hozzy/Library/Application Support/ML-Experiments/progressive-diffusion-lm/m1-256/env/bin/python -m src.train --config configs/campaign/generated/native-ternary-s31415.json""}]"
2026-07-19T02:46:20.163284+00:00,running,21,vm.swapusage: total = 3072.00M  used = 2027.12M  free = 1044.88M  (encrypted),"[{""pid"":""44038"",""cpu_pct"":""14.0"",""rss_kib"":""36800"",""command"":""/Users/hozzy/Library/Application Support/ML-Experiments/progressive-diffusion-lm/m1-256/env/bin/python -m src.train --config configs/campaign/generated/native-ternary-s31415.json""}]"
2026-07-19T02:47:20.307705+00:00,running,20,vm.swapusage: total = 3072.00M  used = 2025.31M  free = 1046.69M  (encrypted),"[{""pid"":""44038"",""cpu_pct"":""18.0"",""rss_kib"":""35696"",""command"":""/Users/hozzy/Library/Application Support/ML-Experiments/progressive-diffusion-lm/m1-256/env/bin/python -m src.train --config configs/campaign/generated/native-ternary-s31415.json""}]"
2026-07-19T02:48:20.532874+00:00,running,20,vm.swapusage: total = 3072.00M  used = 2017.31M  free = 1054.69M  (encrypted),"[{""pid"":""44038"",""cpu_pct"":""24.1"",""rss_kib"":""36144"",""command"":""/Users/hozzy/Library/Application Support/ML-Experiments/progressive-diffusion-lm/m1-256/env/bin/python -m src.train --config configs/campaign/generated/native-ternary-s31415.json""}]"
2026-07-19T02:49:20.636775+00:00,running,22,vm.swapusage: total = 3072.00M  used = 2033.62M  free = 1038.38M  (encrypted),"[{""pid"":""44038"",""cpu_pct"":""17.1"",""rss_kib"":""37360"",""command"":""/Users/hozzy/Library/Application Support/ML-Experiments/progressive-diffusion-lm/m1-256/env/bin/python -m src.train --config configs/campaign/generated/native-ternary-s31415.json""}]"
2026-07-19T02:50:20.807098+00:00,running,21,vm.swapusage: total = 3072.00M  used = 2033.62M  free = 1038.38M  (encrypted),"[{""pid"":""44038"",""cpu_pct"":""19.0"",""rss_kib"":""37088"",""command"":""/Users/hozzy/Library/Application Support/ML-Experiments/progressive-diffusion-lm/m1-256/env/bin/python -m src.train --config configs/campaign/generated/native-ternary-s31415.json""}]"
2026-07-19T02:51:21.027767+00:00,running,20,vm.swapusage: total = 3072.00M  used = 2017.62M  free = 1054.38M  (encrypted),"[{""pid"":""44038"",""cpu_pct"":""23.8"",""rss_kib"":""36384"",""command"":""/Users/hozzy/Library/Application Support/ML-Experiments/progressive-diffusion-lm/m1-256/env/bin/python -m src.train --config configs/campaign/generated/native-ternary-s31415.json""}]"
2026-07-19T02:52:21.218701+00:00,running,20,vm.swapusage: total = 3072.00M  used = 2009.62M  free = 1062.38M  (encrypted),"[{""pid"":""44038"",""cpu_pct"":""14.4"",""rss_kib"":""37536"",""command"":""/Users/hozzy/Library/Application Support/ML-Experiments/progressive-diffusion-lm/m1-256/env/bin/python -m src.train --config configs/campaign/generated/native-ternary-s31415.json""}]"
2026-07-19T02:53:21.370323+00:00,running,21,vm.swapusage: total = 3072.00M  used = 2184.62M  free = 887.38M  (encrypted),"[{""pid"":""44038"",""cpu_pct"":""13.5"",""rss_kib"":""37616"",""command"":""/Users/hozzy/Library/Application Support/ML-Experiments/progressive-diffusion-lm/m1-256/env/bin/python -m src.train --config configs/campaign/generated/native-ternary-s31415.json""}]"
2026-07-19T02:54:21.565963+00:00,running,21,vm.swapusage: total = 3072.00M  used = 2152.62M  free = 919.38M  (encrypted),"[{""pid"":""44038"",""cpu_pct"":""21.1"",""rss_kib"":""37088"",""command"":""/Users/hozzy/Library/Application Support/ML-Experiments/progressive-diffusion-lm/m1-256/env/bin/python -m src.train --config configs/campaign/generated/native-ternary-s31415.json""}]"
2026-07-19T02:55:21.795944+00:00,running,23,vm.swapusage: total = 3072.00M  used = 2136.62M  free = 935.38M  (encrypted),"[{""pid"":""44038"",""cpu_pct"":""17.6"",""rss_kib"":""37424"",""command"":""/Users/hozzy/Library/Application Support/ML-Experiments/progressive-diffusion-lm/m1-256/env/bin/python -m src.train --config configs/campaign/generated/native-ternary-s31415.json""}]"
2026-07-19T02:56:22.027880+00:00,running,22,vm.swapusage: total = 3072.00M  used = 2120.62M  free = 951.38M  (encrypted),"[{""pid"":""44038"",""cpu_pct"":""18.0"",""rss_kib"":""37104"",""command"":""/Users/hozzy/Library/Application Support/ML-Experiments/progressive-diffusion-lm/m1-256/env/bin/python -m src.train --config configs/campaign/generated/native-ternary-s31415.json""}]"
2026-07-19T02:57:22.148230+00:00,running,23,vm.swapusage: total = 3072.00M  used = 2112.62M  free = 959.38M  (encrypted),"[{""pid"":""44038"",""cpu_pct"":""15.0"",""rss_kib"":""32512"",""command"":""/Users/hozzy/Library/Application Support/ML-Experiments/progressive-diffusion-lm/m1-256/env/bin/python -m src.train --config configs/campaign/generated/native-ternary-s31415.json""}]"
2026-07-19T02:58:22.292603+00:00,running,20,vm.swapusage: total = 3072.00M  used = 2088.62M  free = 983.38M  (encrypted),"[{""pid"":""44038"",""cpu_pct"":""16.9"",""rss_kib"":""37456"",""command"":""/Users/hozzy/Library/Application Support/ML-Experiments/progressive-diffusion-lm/m1-256/env/bin/python -m src.train --config configs/campaign/generated/native-ternary-s31415.json""}]"
2026-07-19T02:59:22.381734+00:00,running,21,vm.swapusage: total = 3072.00M  used = 2080.62M  free = 991.38M  (encrypted),"[{""pid"":""44038"",""cpu_pct"":""14.7"",""rss_kib"":""37216"",""command"":""/Users/hozzy/Library/Application Support/ML-Experiments/progressive-diffusion-lm/m1-256/env/bin/python -m src.train --config configs/campaign/generated/native-ternary-s31415.json""}]"
2026-07-19T03:00:22.561914+00:00,running,21,vm.swapusage: total = 3072.00M  used = 2100.56M  free = 971.44M  (encrypted),"[{""pid"":""44038"",""cpu_pct"":""16.8"",""rss_kib"":""36400"",""command"":""/Users/hozzy/Library/Application Support/ML-Experiments/progressive-diffusion-lm/m1-256/env/bin/python -m src.train --config configs/campaign/generated/native-ternary-s31415.json""}]"
2026-07-19T03:01:22.745629+00:00,running,19,vm.swapusage: total = 3072.00M  used = 2068.56M  free = 1003.44M  (encrypted),"[{""pid"":""44038"",""cpu_pct"":""18.5"",""rss_kib"":""37152"",""command"":""/Users/hozzy/Library/Application Support/ML-Experiments/progressive-diffusion-lm/m1-256/env/bin/python -m src.train --config configs/campaign/generated/native-ternary-s31415.json""}]"
2026-07-19T03:02:22.848765+00:00,running,20,vm.swapusage: total = 3072.00M  used = 2061.50M  free = 1010.50M  (encrypted),"[{""pid"":""44038"",""cpu_pct"":""17.2"",""rss_kib"":""37664"",""command"":""/Users/hozzy/Library/Application Support/ML-Experiments/progressive-diffusion-lm/m1-256/env/bin/python -m src.train --config configs/campaign/generated/native-ternary-s31415.json""}]"
2026-07-19T03:03:22.945405+00:00,running,20,vm.swapusage: total = 3072.00M  used = 2037.50M  free = 1034.50M  (encrypted),"[{""pid"":""44038"",""cpu_pct"":""13.8"",""rss_kib"":""37968"",""command"":""/Users/hozzy/Library/Application Support/ML-Experiments/progressive-diffusion-lm/m1-256/env/bin/python -m src.train --config configs/campaign/generated/native-ternary-s31415.json""}]"
2026-07-19T03:04:23.123851+00:00,running,20,vm.swapusage: total = 3072.00M  used = 2029.50M  free = 1042.50M  (encrypted),"[{""pid"":""44038"",""cpu_pct"":""17.7"",""rss_kib"":""37728"",""command"":""/Users/hozzy/Library/Application Support/ML-Experiments/progressive-diffusion-lm/m1-256/env/bin/python -m src.train --config configs/campaign/generated/native-ternary-s31415.json""}]"
2026-07-19T03:05:23.322744+00:00,running,19,vm.swapusage: total = 3072.00M  used = 2029.50M  free = 1042.50M  (encrypted),"[{""pid"":""44038"",""cpu_pct"":""19.2"",""rss_kib"":""37616"",""command"":""/Users/hozzy/Library/Application Support/ML-Experiments/progressive-diffusion-lm/m1-256/env/bin/python -m src.train --config configs/campaign/generated/native-ternary-s31415.json""}]"
