timestamp_utc,campaign_status,memory_free_pct,swapusage,processes_json
2026-07-18T20:20:49.363002+00:00,running,22,vm.swapusage: total = 2048.00M  used = 611.19M  free = 1436.81M  (encrypted),"[{""pid"":""6585"",""cpu_pct"":""12.1"",""rss_kib"":""371088"",""command"":""/Users/hozzy/Library/Application Support/ML-Experiments/progressive-diffusion-lm/m1-512/env/bin/python -m src.train --config configs/campaign/generated/baseline-s31415.json""}]"
2026-07-18T20:21:49.438260+00:00,running,25,vm.swapusage: total = 2048.00M  used = 611.19M  free = 1436.81M  (encrypted),"[{""pid"":""6585"",""cpu_pct"":""21.4"",""rss_kib"":""384480"",""command"":""/Users/hozzy/Library/Application Support/ML-Experiments/progressive-diffusion-lm/m1-512/env/bin/python -m src.train --config configs/campaign/generated/baseline-s31415.json""}]"
2026-07-18T20:22:49.514756+00:00,running,24,vm.swapusage: total = 2048.00M  used = 603.19M  free = 1444.81M  (encrypted),"[{""pid"":""6585"",""cpu_pct"":""15.8"",""rss_kib"":""216080"",""command"":""/Users/hozzy/Library/Application Support/ML-Experiments/progressive-diffusion-lm/m1-512/env/bin/python -m src.train --config configs/campaign/generated/baseline-s31415.json""}]"
2026-07-18T20:23:49.587771+00:00,running,24,vm.swapusage: total = 2048.00M  used = 603.19M  free = 1444.81M  (encrypted),"[{""pid"":""6585"",""cpu_pct"":""13.8"",""rss_kib"":""239824"",""command"":""/Users/hozzy/Library/Application Support/ML-Experiments/progressive-diffusion-lm/m1-512/env/bin/python -m src.train --config configs/campaign/generated/baseline-s31415.json""}]"
2026-07-18T20:24:49.668682+00:00,running,24,vm.swapusage: total = 2048.00M  used = 603.19M  free = 1444.81M  (encrypted),"[{""pid"":""6585"",""cpu_pct"":""17.5"",""rss_kib"":""253248"",""command"":""/Users/hozzy/Library/Application Support/ML-Experiments/progressive-diffusion-lm/m1-512/env/bin/python -m src.train --config configs/campaign/generated/baseline-s31415.json""}]"
2026-07-18T20:25:49.746500+00:00,running,25,vm.swapusage: total = 2048.00M  used = 603.19M  free = 1444.81M  (encrypted),"[{""pid"":""6585"",""cpu_pct"":""16.9"",""rss_kib"":""242736"",""command"":""/Users/hozzy/Library/Application Support/ML-Experiments/progressive-diffusion-lm/m1-512/env/bin/python -m src.train --config configs/campaign/generated/baseline-s31415.json""}]"
2026-07-18T20:26:49.827859+00:00,running,25,vm.swapusage: total = 2048.00M  used = 603.19M  free = 1444.81M  (encrypted),"[{""pid"":""6585"",""cpu_pct"":""15.0"",""rss_kib"":""206544"",""command"":""/Users/hozzy/Library/Application Support/ML-Experiments/progressive-diffusion-lm/m1-512/env/bin/python -m src.train --config configs/campaign/generated/baseline-s31415.json""}]"
2026-07-18T20:27:49.905472+00:00,running,25,vm.swapusage: total = 2048.00M  used = 603.19M  free = 1444.81M  (encrypted),"[{""pid"":""6585"",""cpu_pct"":""14.4"",""rss_kib"":""219696"",""command"":""/Users/hozzy/Library/Application Support/ML-Experiments/progressive-diffusion-lm/m1-512/env/bin/python -m src.train --config configs/campaign/generated/baseline-s31415.json""}]"
2026-07-18T20:28:49.986492+00:00,running,25,vm.swapusage: total = 2048.00M  used = 603.19M  free = 1444.81M  (encrypted),"[{""pid"":""6585"",""cpu_pct"":""13.9"",""rss_kib"":""230464"",""command"":""/Users/hozzy/Library/Application Support/ML-Experiments/progressive-diffusion-lm/m1-512/env/bin/python -m src.train --config configs/campaign/generated/baseline-s31415.json""}]"
2026-07-18T20:29:50.063421+00:00,running,25,vm.swapusage: total = 2048.00M  used = 603.19M  free = 1444.81M  (encrypted),"[{""pid"":""6585"",""cpu_pct"":""17.5"",""rss_kib"":""241056"",""command"":""/Users/hozzy/Library/Application Support/ML-Experiments/progressive-diffusion-lm/m1-512/env/bin/python -m src.train --config configs/campaign/generated/baseline-s31415.json""}]"
2026-07-18T20:30:50.144066+00:00,running,25,vm.swapusage: total = 2048.00M  used = 603.19M  free = 1444.81M  (encrypted),"[{""pid"":""6585"",""cpu_pct"":""16.1"",""rss_kib"":""250880"",""command"":""/Users/hozzy/Library/Application Support/ML-Experiments/progressive-diffusion-lm/m1-512/env/bin/python -m src.train --config configs/campaign/generated/baseline-s31415.json""}]"
2026-07-18T20:31:50.224926+00:00,running,25,vm.swapusage: total = 2048.00M  used = 603.19M  free = 1444.81M  (encrypted),"[{""pid"":""6585"",""cpu_pct"":""18.9"",""rss_kib"":""209296"",""command"":""/Users/hozzy/Library/Application Support/ML-Experiments/progressive-diffusion-lm/m1-512/env/bin/python -m src.train --config configs/campaign/generated/baseline-s31415.json""}]"
2026-07-18T20:32:50.283705+00:00,running,25,vm.swapusage: total = 2048.00M  used = 603.19M  free = 1444.81M  (encrypted),"[{""pid"":""6585"",""cpu_pct"":""20.3"",""rss_kib"":""217936"",""command"":""/Users/hozzy/Library/Application Support/ML-Experiments/progressive-diffusion-lm/m1-512/env/bin/python -m src.train --config configs/campaign/generated/baseline-s31415.json""}]"
2026-07-18T20:33:50.354662+00:00,running,25,vm.swapusage: total = 2048.00M  used = 603.19M  free = 1444.81M  (encrypted),"[{""pid"":""6585"",""cpu_pct"":""19.9"",""rss_kib"":""226576"",""command"":""/Users/hozzy/Library/Application Support/ML-Experiments/progressive-diffusion-lm/m1-512/env/bin/python -m src.train --config configs/campaign/generated/baseline-s31415.json""}]"
2026-07-18T20:34:50.435067+00:00,running,25,vm.swapusage: total = 2048.00M  used = 603.19M  free = 1444.81M  (encrypted),"[{""pid"":""6585"",""cpu_pct"":""17.9"",""rss_kib"":""233520"",""command"":""/Users/hozzy/Library/Application Support/ML-Experiments/progressive-diffusion-lm/m1-512/env/bin/python -m src.train --config configs/campaign/generated/baseline-s31415.json""}]"
2026-07-18T20:35:50.513956+00:00,running,25,vm.swapusage: total = 2048.00M  used = 603.19M  free = 1444.81M  (encrypted),"[{""pid"":""6585"",""cpu_pct"":""16.5"",""rss_kib"":""240016"",""command"":""/Users/hozzy/Library/Application Support/ML-Experiments/progressive-diffusion-lm/m1-512/env/bin/python -m src.train --config configs/campaign/generated/baseline-s31415.json""}]"
2026-07-18T20:36:50.594787+00:00,running,25,vm.swapusage: total = 2048.00M  used = 603.19M  free = 1444.81M  (encrypted),"[{""pid"":""6585"",""cpu_pct"":""22.2"",""rss_kib"":""238320"",""command"":""/Users/hozzy/Library/Application Support/ML-Experiments/progressive-diffusion-lm/m1-512/env/bin/python -m src.train --config configs/campaign/generated/baseline-s31415.json""}]"
2026-07-18T20:37:50.671515+00:00,running,25,vm.swapusage: total = 2048.00M  used = 603.19M  free = 1444.81M  (encrypted),"[{""pid"":""6585"",""cpu_pct"":""20.1"",""rss_kib"":""244896"",""command"":""/Users/hozzy/Library/Application Support/ML-Experiments/progressive-diffusion-lm/m1-512/env/bin/python -m src.train --config configs/campaign/generated/baseline-s31415.json""}]"
2026-07-18T20:38:50.750477+00:00,running,25,vm.swapusage: total = 2048.00M  used = 603.19M  free = 1444.81M  (encrypted),"[{""pid"":""6585"",""cpu_pct"":""15.8"",""rss_kib"":""250480"",""command"":""/Users/hozzy/Library/Application Support/ML-Experiments/progressive-diffusion-lm/m1-512/env/bin/python -m src.train --config configs/campaign/generated/baseline-s31415.json""}]"
2026-07-18T20:39:50.828800+00:00,running,25,vm.swapusage: total = 2048.00M  used = 603.19M  free = 1444.81M  (encrypted),"[{""pid"":""6585"",""cpu_pct"":""22.5"",""rss_kib"":""256608"",""command"":""/Users/hozzy/Library/Application Support/ML-Experiments/progressive-diffusion-lm/m1-512/env/bin/python -m src.train --config configs/campaign/generated/baseline-s31415.json""}]"
2026-07-18T20:40:50.906745+00:00,running,25,vm.swapusage: total = 2048.00M  used = 603.19M  free = 1444.81M  (encrypted),"[{""pid"":""6585"",""cpu_pct"":""19.8"",""rss_kib"":""262224"",""command"":""/Users/hozzy/Library/Application Support/ML-Experiments/progressive-diffusion-lm/m1-512/env/bin/python -m src.train --config configs/campaign/generated/baseline-s31415.json""}]"
2026-07-18T20:41:50.984668+00:00,running,25,vm.swapusage: total = 2048.00M  used = 603.19M  free = 1444.81M  (encrypted),"[{""pid"":""6585"",""cpu_pct"":""23.6"",""rss_kib"":""266352"",""command"":""/Users/hozzy/Library/Application Support/ML-Experiments/progressive-diffusion-lm/m1-512/env/bin/python -m src.train --config configs/campaign/generated/baseline-s31415.json""}]"
2026-07-18T20:42:51.059781+00:00,running,25,vm.swapusage: total = 2048.00M  used = 603.19M  free = 1444.81M  (encrypted),"[{""pid"":""6585"",""cpu_pct"":""22.7"",""rss_kib"":""270448"",""command"":""/Users/hozzy/Library/Application Support/ML-Experiments/progressive-diffusion-lm/m1-512/env/bin/python -m src.train --config configs/campaign/generated/baseline-s31415.json""}]"
2026-07-18T20:43:51.135702+00:00,running,25,vm.swapusage: total = 2048.00M  used = 603.19M  free = 1444.81M  (encrypted),"[{""pid"":""6585"",""cpu_pct"":""23.5"",""rss_kib"":""275184"",""command"":""/Users/hozzy/Library/Application Support/ML-Experiments/progressive-diffusion-lm/m1-512/env/bin/python -m src.train --config configs/campaign/generated/baseline-s31415.json""}]"
2026-07-18T20:44:51.212816+00:00,running,25,vm.swapusage: total = 2048.00M  used = 603.19M  free = 1444.81M  (encrypted),"[{""pid"":""6585"",""cpu_pct"":""24.2"",""rss_kib"":""279904"",""command"":""/Users/hozzy/Library/Application Support/ML-Experiments/progressive-diffusion-lm/m1-512/env/bin/python -m src.train --config configs/campaign/generated/baseline-s31415.json""}]"
2026-07-18T20:45:51.288482+00:00,running,25,vm.swapusage: total = 2048.00M  used = 603.19M  free = 1444.81M  (encrypted),"[{""pid"":""6585"",""cpu_pct"":""22.1"",""rss_kib"":""284064"",""command"":""/Users/hozzy/Library/Application Support/ML-Experiments/progressive-diffusion-lm/m1-512/env/bin/python -m src.train --config configs/campaign/generated/baseline-s31415.json""}]"
2026-07-18T20:46:51.367253+00:00,running,25,vm.swapusage: total = 2048.00M  used = 603.19M  free = 1444.81M  (encrypted),"[{""pid"":""6585"",""cpu_pct"":""20.5"",""rss_kib"":""286432"",""command"":""/Users/hozzy/Library/Application Support/ML-Experiments/progressive-diffusion-lm/m1-512/env/bin/python -m src.train --config configs/campaign/generated/baseline-s31415.json""}]"
2026-07-18T20:47:51.443194+00:00,running,25,vm.swapusage: total = 2048.00M  used = 603.19M  free = 1444.81M  (encrypted),"[{""pid"":""6585"",""cpu_pct"":""22.3"",""rss_kib"":""290272"",""command"":""/Users/hozzy/Library/Application Support/ML-Experiments/progressive-diffusion-lm/m1-512/env/bin/python -m src.train --config configs/campaign/generated/baseline-s31415.json""}]"
2026-07-18T20:48:51.521006+00:00,running,25,vm.swapusage: total = 2048.00M  used = 603.19M  free = 1444.81M  (encrypted),"[{""pid"":""6585"",""cpu_pct"":""15.0"",""rss_kib"":""293840"",""command"":""/Users/hozzy/Library/Application Support/ML-Experiments/progressive-diffusion-lm/m1-512/env/bin/python -m src.train --config configs/campaign/generated/baseline-s31415.json""}]"
2026-07-18T20:49:51.595469+00:00,running,25,vm.swapusage: total = 2048.00M  used = 603.19M  free = 1444.81M  (encrypted),"[{""pid"":""6585"",""cpu_pct"":""22.6"",""rss_kib"":""296944"",""command"":""/Users/hozzy/Library/Application Support/ML-Experiments/progressive-diffusion-lm/m1-512/env/bin/python -m src.train --config configs/campaign/generated/baseline-s31415.json""}]"
2026-07-18T20:50:51.672086+00:00,running,25,vm.swapusage: total = 2048.00M  used = 603.19M  free = 1444.81M  (encrypted),"[{""pid"":""6585"",""cpu_pct"":""14.2"",""rss_kib"":""299216"",""command"":""/Users/hozzy/Library/Application Support/ML-Experiments/progressive-diffusion-lm/m1-512/env/bin/python -m src.train --config configs/campaign/generated/baseline-s31415.json""}]"
2026-07-18T20:51:51.750548+00:00,running,25,vm.swapusage: total = 2048.00M  used = 603.19M  free = 1444.81M  (encrypted),"[{""pid"":""6585"",""cpu_pct"":""14.3"",""rss_kib"":""300896"",""command"":""/Users/hozzy/Library/Application Support/ML-Experiments/progressive-diffusion-lm/m1-512/env/bin/python -m src.train --config configs/campaign/generated/baseline-s31415.json""}]"
2026-07-18T20:52:51.831134+00:00,running,25,vm.swapusage: total = 2048.00M  used = 603.19M  free = 1444.81M  (encrypted),"[{""pid"":""6585"",""cpu_pct"":""14.6"",""rss_kib"":""280192"",""command"":""/Users/hozzy/Library/Application Support/ML-Experiments/progressive-diffusion-lm/m1-512/env/bin/python -m src.train --config configs/campaign/generated/baseline-s31415.json""}]"
2026-07-18T20:53:51.909609+00:00,running,25,vm.swapusage: total = 2048.00M  used = 603.19M  free = 1444.81M  (encrypted),"[{""pid"":""6585"",""cpu_pct"":""19.9"",""rss_kib"":""275520"",""command"":""/Users/hozzy/Library/Application Support/ML-Experiments/progressive-diffusion-lm/m1-512/env/bin/python -m src.train --config configs/campaign/generated/baseline-s31415.json""}]"
2026-07-18T20:54:51.986319+00:00,running,25,vm.swapusage: total = 2048.00M  used = 603.19M  free = 1444.81M  (encrypted),"[{""pid"":""6585"",""cpu_pct"":""16.0"",""rss_kib"":""279488"",""command"":""/Users/hozzy/Library/Application Support/ML-Experiments/progressive-diffusion-lm/m1-512/env/bin/python -m src.train --config configs/campaign/generated/baseline-s31415.json""}]"
2026-07-18T20:55:52.063148+00:00,running,25,vm.swapusage: total = 2048.00M  used = 603.19M  free = 1444.81M  (encrypted),"[{""pid"":""6585"",""cpu_pct"":""14.5"",""rss_kib"":""283584"",""command"":""/Users/hozzy/Library/Application Support/ML-Experiments/progressive-diffusion-lm/m1-512/env/bin/python -m src.train --config configs/campaign/generated/baseline-s31415.json""}]"
2026-07-18T20:56:52.142181+00:00,running,25,vm.swapusage: total = 2048.00M  used = 603.19M  free = 1444.81M  (encrypted),"[{""pid"":""6585"",""cpu_pct"":""17.7"",""rss_kib"":""283296"",""command"":""/Users/hozzy/Library/Application Support/ML-Experiments/progressive-diffusion-lm/m1-512/env/bin/python -m src.train --config configs/campaign/generated/baseline-s31415.json""}]"
2026-07-18T20:57:52.218944+00:00,running,25,vm.swapusage: total = 2048.00M  used = 603.19M  free = 1444.81M  (encrypted),"[{""pid"":""6585"",""cpu_pct"":""17.8"",""rss_kib"":""286352"",""command"":""/Users/hozzy/Library/Application Support/ML-Experiments/progressive-diffusion-lm/m1-512/env/bin/python -m src.train --config configs/campaign/generated/baseline-s31415.json""}]"
2026-07-18T20:58:52.294676+00:00,running,25,vm.swapusage: total = 2048.00M  used = 603.19M  free = 1444.81M  (encrypted),"[{""pid"":""6585"",""cpu_pct"":""19.9"",""rss_kib"":""289840"",""command"":""/Users/hozzy/Library/Application Support/ML-Experiments/progressive-diffusion-lm/m1-512/env/bin/python -m src.train --config configs/campaign/generated/baseline-s31415.json""}]"
2026-07-18T20:59:52.368300+00:00,running,25,vm.swapusage: total = 2048.00M  used = 603.19M  free = 1444.81M  (encrypted),"[{""pid"":""6585"",""cpu_pct"":""21.0"",""rss_kib"":""293232"",""command"":""/Users/hozzy/Library/Application Support/ML-Experiments/progressive-diffusion-lm/m1-512/env/bin/python -m src.train --config configs/campaign/generated/baseline-s31415.json""}]"
2026-07-18T21:00:52.444114+00:00,running,25,vm.swapusage: total = 2048.00M  used = 603.19M  free = 1444.81M  (encrypted),"[{""pid"":""6585"",""cpu_pct"":""21.4"",""rss_kib"":""295984"",""command"":""/Users/hozzy/Library/Application Support/ML-Experiments/progressive-diffusion-lm/m1-512/env/bin/python -m src.train --config configs/campaign/generated/baseline-s31415.json""}]"
2026-07-18T21:01:52.520409+00:00,running,25,vm.swapusage: total = 2048.00M  used = 603.19M  free = 1444.81M  (encrypted),"[{""pid"":""6585"",""cpu_pct"":""18.8"",""rss_kib"":""268608"",""command"":""/Users/hozzy/Library/Application Support/ML-Experiments/progressive-diffusion-lm/m1-512/env/bin/python -m src.train --config configs/campaign/generated/baseline-s31415.json""}]"
2026-07-18T21:02:52.597779+00:00,running,25,vm.swapusage: total = 2048.00M  used = 603.19M  free = 1444.81M  (encrypted),"[{""pid"":""6585"",""cpu_pct"":""22.6"",""rss_kib"":""272864"",""command"":""/Users/hozzy/Library/Application Support/ML-Experiments/progressive-diffusion-lm/m1-512/env/bin/python -m src.train --config configs/campaign/generated/baseline-s31415.json""}]"
2026-07-18T21:03:52.673727+00:00,running,25,vm.swapusage: total = 2048.00M  used = 603.19M  free = 1444.81M  (encrypted),"[{""pid"":""6585"",""cpu_pct"":""23.5"",""rss_kib"":""277056"",""command"":""/Users/hozzy/Library/Application Support/ML-Experiments/progressive-diffusion-lm/m1-512/env/bin/python -m src.train --config configs/campaign/generated/baseline-s31415.json""}]"
2026-07-18T21:04:52.818417+00:00,running,25,vm.swapusage: total = 2048.00M  used = 603.19M  free = 1444.81M  (encrypted),"[{""pid"":""6585"",""cpu_pct"":""18.3"",""rss_kib"":""256944"",""command"":""/Users/hozzy/Library/Application Support/ML-Experiments/progressive-diffusion-lm/m1-512/env/bin/python -m src.train --config configs/campaign/generated/baseline-s31415.json""}]"
2026-07-18T21:05:52.894339+00:00,running,25,vm.swapusage: total = 2048.00M  used = 603.19M  free = 1444.81M  (encrypted),"[{""pid"":""6585"",""cpu_pct"":""17.9"",""rss_kib"":""260592"",""command"":""/Users/hozzy/Library/Application Support/ML-Experiments/progressive-diffusion-lm/m1-512/env/bin/python -m src.train --config configs/campaign/generated/baseline-s31415.json""}]"
2026-07-18T21:06:52.973050+00:00,running,25,vm.swapusage: total = 2048.00M  used = 603.19M  free = 1444.81M  (encrypted),"[{""pid"":""6585"",""cpu_pct"":""22.3"",""rss_kib"":""238400"",""command"":""/Users/hozzy/Library/Application Support/ML-Experiments/progressive-diffusion-lm/m1-512/env/bin/python -m src.train --config configs/campaign/generated/baseline-s31415.json""}]"
2026-07-18T21:07:53.051436+00:00,running,25,vm.swapusage: total = 2048.00M  used = 603.19M  free = 1444.81M  (encrypted),"[{""pid"":""6585"",""cpu_pct"":""18.0"",""rss_kib"":""243888"",""command"":""/Users/hozzy/Library/Application Support/ML-Experiments/progressive-diffusion-lm/m1-512/env/bin/python -m src.train --config configs/campaign/generated/baseline-s31415.json""}]"
2026-07-18T21:08:53.131341+00:00,running,25,vm.swapusage: total = 2048.00M  used = 603.19M  free = 1444.81M  (encrypted),"[{""pid"":""6585"",""cpu_pct"":""14.4"",""rss_kib"":""249152"",""command"":""/Users/hozzy/Library/Application Support/ML-Experiments/progressive-diffusion-lm/m1-512/env/bin/python -m src.train --config configs/campaign/generated/baseline-s31415.json""}]"
2026-07-18T21:09:53.208070+00:00,running,25,vm.swapusage: total = 2048.00M  used = 603.19M  free = 1444.81M  (encrypted),"[{""pid"":""6585"",""cpu_pct"":""15.6"",""rss_kib"":""254384"",""command"":""/Users/hozzy/Library/Application Support/ML-Experiments/progressive-diffusion-lm/m1-512/env/bin/python -m src.train --config configs/campaign/generated/baseline-s31415.json""}]"
2026-07-18T21:10:53.285830+00:00,running,25,vm.swapusage: total = 2048.00M  used = 603.19M  free = 1444.81M  (encrypted),"[{""pid"":""6585"",""cpu_pct"":""15.5"",""rss_kib"":""244928"",""command"":""/Users/hozzy/Library/Application Support/ML-Experiments/progressive-diffusion-lm/m1-512/env/bin/python -m src.train --config configs/campaign/generated/baseline-s31415.json""}]"
2026-07-18T21:11:53.368095+00:00,running,24,vm.swapusage: total = 2048.00M  used = 603.19M  free = 1444.81M  (encrypted),"[{""pid"":""6585"",""cpu_pct"":""15.0"",""rss_kib"":""192864"",""command"":""/Users/hozzy/Library/Application Support/ML-Experiments/progressive-diffusion-lm/m1-512/env/bin/python -m src.train --config configs/campaign/generated/baseline-s31415.json""}]"
2026-07-18T21:12:53.447044+00:00,running,24,vm.swapusage: total = 2048.00M  used = 603.19M  free = 1444.81M  (encrypted),"[{""pid"":""6585"",""cpu_pct"":""20.3"",""rss_kib"":""168992"",""command"":""/Users/hozzy/Library/Application Support/ML-Experiments/progressive-diffusion-lm/m1-512/env/bin/python -m src.train --config configs/campaign/generated/baseline-s31415.json""}]"
2026-07-18T21:13:53.528017+00:00,running,24,vm.swapusage: total = 2048.00M  used = 603.19M  free = 1444.81M  (encrypted),"[{""pid"":""6585"",""cpu_pct"":""23.3"",""rss_kib"":""178624"",""command"":""/Users/hozzy/Library/Application Support/ML-Experiments/progressive-diffusion-lm/m1-512/env/bin/python -m src.train --config configs/campaign/generated/baseline-s31415.json""}]"
2026-07-18T21:14:53.606132+00:00,running,25,vm.swapusage: total = 2048.00M  used = 603.19M  free = 1444.81M  (encrypted),"[{""pid"":""6585"",""cpu_pct"":""19.5"",""rss_kib"":""188288"",""command"":""/Users/hozzy/Library/Application Support/ML-Experiments/progressive-diffusion-lm/m1-512/env/bin/python -m src.train --config configs/campaign/generated/baseline-s31415.json""}]"
2026-07-18T21:15:53.686488+00:00,running,25,vm.swapusage: total = 2048.00M  used = 603.19M  free = 1444.81M  (encrypted),"[{""pid"":""6585"",""cpu_pct"":""19.0"",""rss_kib"":""197168"",""command"":""/Users/hozzy/Library/Application Support/ML-Experiments/progressive-diffusion-lm/m1-512/env/bin/python -m src.train --config configs/campaign/generated/baseline-s31415.json""}]"
2026-07-18T21:16:53.767901+00:00,running,24,vm.swapusage: total = 2048.00M  used = 603.19M  free = 1444.81M  (encrypted),"[{""pid"":""6585"",""cpu_pct"":""18.7"",""rss_kib"":""167200"",""command"":""/Users/hozzy/Library/Application Support/ML-Experiments/progressive-diffusion-lm/m1-512/env/bin/python -m src.train --config configs/campaign/generated/baseline-s31415.json""}]"
2026-07-18T21:17:53.845184+00:00,running,24,vm.swapusage: total = 2048.00M  used = 603.19M  free = 1444.81M  (encrypted),"[{""pid"":""6585"",""cpu_pct"":""14.3"",""rss_kib"":""177120"",""command"":""/Users/hozzy/Library/Application Support/ML-Experiments/progressive-diffusion-lm/m1-512/env/bin/python -m src.train --config configs/campaign/generated/baseline-s31415.json""}]"
2026-07-18T21:18:53.923732+00:00,running,24,vm.swapusage: total = 2048.00M  used = 603.19M  free = 1444.81M  (encrypted),"[{""pid"":""6585"",""cpu_pct"":""15.6"",""rss_kib"":""187424"",""command"":""/Users/hozzy/Library/Application Support/ML-Experiments/progressive-diffusion-lm/m1-512/env/bin/python -m src.train --config configs/campaign/generated/baseline-s31415.json""}]"
2026-07-18T21:19:53.999497+00:00,running,24,vm.swapusage: total = 2048.00M  used = 603.19M  free = 1444.81M  (encrypted),"[{""pid"":""6585"",""cpu_pct"":""14.8"",""rss_kib"":""196624"",""command"":""/Users/hozzy/Library/Application Support/ML-Experiments/progressive-diffusion-lm/m1-512/env/bin/python -m src.train --config configs/campaign/generated/baseline-s31415.json""}]"
2026-07-18T21:20:54.076408+00:00,running,24,vm.swapusage: total = 2048.00M  used = 603.19M  free = 1444.81M  (encrypted),"[{""pid"":""6585"",""cpu_pct"":""15.5"",""rss_kib"":""204240"",""command"":""/Users/hozzy/Library/Application Support/ML-Experiments/progressive-diffusion-lm/m1-512/env/bin/python -m src.train --config configs/campaign/generated/baseline-s31415.json""}]"
2026-07-18T21:21:54.156196+00:00,running,25,vm.swapusage: total = 2048.00M  used = 603.19M  free = 1444.81M  (encrypted),"[{""pid"":""6585"",""cpu_pct"":""20.4"",""rss_kib"":""172256"",""command"":""/Users/hozzy/Library/Application Support/ML-Experiments/progressive-diffusion-lm/m1-512/env/bin/python -m src.train --config configs/campaign/generated/baseline-s31415.json""}]"
2026-07-18T21:22:54.231786+00:00,running,27,vm.swapusage: total = 2048.00M  used = 603.19M  free = 1444.81M  (encrypted),"[{""pid"":""6585"",""cpu_pct"":""20.9"",""rss_kib"":""182304"",""command"":""/Users/hozzy/Library/Application Support/ML-Experiments/progressive-diffusion-lm/m1-512/env/bin/python -m src.train --config configs/campaign/generated/baseline-s31415.json""}]"
2026-07-18T21:23:54.304184+00:00,running,27,vm.swapusage: total = 2048.00M  used = 603.19M  free = 1444.81M  (encrypted),"[{""pid"":""6585"",""cpu_pct"":""14.1"",""rss_kib"":""193744"",""command"":""/Users/hozzy/Library/Application Support/ML-Experiments/progressive-diffusion-lm/m1-512/env/bin/python -m src.train --config configs/campaign/generated/baseline-s31415.json""}]"
2026-07-18T21:24:54.379771+00:00,running,27,vm.swapusage: total = 2048.00M  used = 603.19M  free = 1444.81M  (encrypted),"[{""pid"":""6585"",""cpu_pct"":""16.7"",""rss_kib"":""200992"",""command"":""/Users/hozzy/Library/Application Support/ML-Experiments/progressive-diffusion-lm/m1-512/env/bin/python -m src.train --config configs/campaign/generated/baseline-s31415.json""}]"
2026-07-18T21:25:54.453306+00:00,running,27,vm.swapusage: total = 2048.00M  used = 603.19M  free = 1444.81M  (encrypted),"[{""pid"":""6585"",""cpu_pct"":""21.5"",""rss_kib"":""209600"",""command"":""/Users/hozzy/Library/Application Support/ML-Experiments/progressive-diffusion-lm/m1-512/env/bin/python -m src.train --config configs/campaign/generated/baseline-s31415.json""}]"
2026-07-18T21:26:54.527029+00:00,running,27,vm.swapusage: total = 2048.00M  used = 603.19M  free = 1444.81M  (encrypted),"[{""pid"":""6585"",""cpu_pct"":""16.9"",""rss_kib"":""216992"",""command"":""/Users/hozzy/Library/Application Support/ML-Experiments/progressive-diffusion-lm/m1-512/env/bin/python -m src.train --config configs/campaign/generated/baseline-s31415.json""}]"
2026-07-18T21:27:54.600785+00:00,running,27,vm.swapusage: total = 2048.00M  used = 603.19M  free = 1444.81M  (encrypted),"[{""pid"":""6585"",""cpu_pct"":""17.2"",""rss_kib"":""224496"",""command"":""/Users/hozzy/Library/Application Support/ML-Experiments/progressive-diffusion-lm/m1-512/env/bin/python -m src.train --config configs/campaign/generated/baseline-s31415.json""}]"
2026-07-18T21:28:54.673205+00:00,running,27,vm.swapusage: total = 2048.00M  used = 603.19M  free = 1444.81M  (encrypted),"[{""pid"":""6585"",""cpu_pct"":""16.7"",""rss_kib"":""231376"",""command"":""/Users/hozzy/Library/Application Support/ML-Experiments/progressive-diffusion-lm/m1-512/env/bin/python -m src.train --config configs/campaign/generated/baseline-s31415.json""}]"
2026-07-18T21:29:54.746681+00:00,running,27,vm.swapusage: total = 2048.00M  used = 603.19M  free = 1444.81M  (encrypted),"[{""pid"":""6585"",""cpu_pct"":""19.3"",""rss_kib"":""237616"",""command"":""/Users/hozzy/Library/Application Support/ML-Experiments/progressive-diffusion-lm/m1-512/env/bin/python -m src.train --config configs/campaign/generated/baseline-s31415.json""}]"
2026-07-18T21:30:54.817797+00:00,running,27,vm.swapusage: total = 2048.00M  used = 603.19M  free = 1444.81M  (encrypted),"[{""pid"":""6585"",""cpu_pct"":""17.8"",""rss_kib"":""243616"",""command"":""/Users/hozzy/Library/Application Support/ML-Experiments/progressive-diffusion-lm/m1-512/env/bin/python -m src.train --config configs/campaign/generated/baseline-s31415.json""}]"
2026-07-18T21:31:54.892764+00:00,running,27,vm.swapusage: total = 2048.00M  used = 603.19M  free = 1444.81M  (encrypted),"[{""pid"":""6585"",""cpu_pct"":""14.4"",""rss_kib"":""205104"",""command"":""/Users/hozzy/Library/Application Support/ML-Experiments/progressive-diffusion-lm/m1-512/env/bin/python -m src.train --config configs/campaign/generated/baseline-s31415.json""}]"
2026-07-18T21:32:54.967256+00:00,running,27,vm.swapusage: total = 2048.00M  used = 603.19M  free = 1444.81M  (encrypted),"[{""pid"":""6585"",""cpu_pct"":""16.5"",""rss_kib"":""213008"",""command"":""/Users/hozzy/Library/Application Support/ML-Experiments/progressive-diffusion-lm/m1-512/env/bin/python -m src.train --config configs/campaign/generated/baseline-s31415.json""}]"
2026-07-18T21:33:55.038397+00:00,running,27,vm.swapusage: total = 2048.00M  used = 603.19M  free = 1444.81M  (encrypted),"[{""pid"":""6585"",""cpu_pct"":""16.5"",""rss_kib"":""220640"",""command"":""/Users/hozzy/Library/Application Support/ML-Experiments/progressive-diffusion-lm/m1-512/env/bin/python -m src.train --config configs/campaign/generated/baseline-s31415.json""}]"
2026-07-18T21:34:55.110753+00:00,running,27,vm.swapusage: total = 2048.00M  used = 603.19M  free = 1444.81M  (encrypted),"[{""pid"":""6585"",""cpu_pct"":""15.9"",""rss_kib"":""227440"",""command"":""/Users/hozzy/Library/Application Support/ML-Experiments/progressive-diffusion-lm/m1-512/env/bin/python -m src.train --config configs/campaign/generated/baseline-s31415.json""}]"
2026-07-18T21:35:55.172016+00:00,running,36,vm.swapusage: total = 2048.00M  used = 603.19M  free = 1444.81M  (encrypted),"[{""pid"":""8414"",""cpu_pct"":""20.1"",""rss_kib"":""334336"",""command"":""/Users/hozzy/Library/Application Support/ML-Experiments/progressive-diffusion-lm/m1-512/env/bin/python -m src.train --config configs/campaign/generated/const-1bit-s31415.json""}]"
2026-07-18T21:36:55.245089+00:00,running,37,vm.swapusage: total = 2048.00M  used = 603.19M  free = 1444.81M  (encrypted),"[{""pid"":""8414"",""cpu_pct"":""23.6"",""rss_kib"":""334608"",""command"":""/Users/hozzy/Library/Application Support/ML-Experiments/progressive-diffusion-lm/m1-512/env/bin/python -m src.train --config configs/campaign/generated/const-1bit-s31415.json""}]"
2026-07-18T21:37:55.318050+00:00,running,37,vm.swapusage: total = 2048.00M  used = 603.19M  free = 1444.81M  (encrypted),"[{""pid"":""8414"",""cpu_pct"":""22.3"",""rss_kib"":""334896"",""command"":""/Users/hozzy/Library/Application Support/ML-Experiments/progressive-diffusion-lm/m1-512/env/bin/python -m src.train --config configs/campaign/generated/const-1bit-s31415.json""}]"
2026-07-18T21:38:55.389570+00:00,running,37,vm.swapusage: total = 2048.00M  used = 603.19M  free = 1444.81M  (encrypted),"[{""pid"":""8414"",""cpu_pct"":""21.9"",""rss_kib"":""335200"",""command"":""/Users/hozzy/Library/Application Support/ML-Experiments/progressive-diffusion-lm/m1-512/env/bin/python -m src.train --config configs/campaign/generated/const-1bit-s31415.json""}]"
2026-07-18T21:39:55.459567+00:00,running,36,vm.swapusage: total = 2048.00M  used = 603.19M  free = 1444.81M  (encrypted),"[{""pid"":""8414"",""cpu_pct"":""17.7"",""rss_kib"":""336912"",""command"":""/Users/hozzy/Library/Application Support/ML-Experiments/progressive-diffusion-lm/m1-512/env/bin/python -m src.train --config configs/campaign/generated/const-1bit-s31415.json""}]"
2026-07-18T21:40:55.530154+00:00,running,37,vm.swapusage: total = 2048.00M  used = 603.19M  free = 1444.81M  (encrypted),"[{""pid"":""8414"",""cpu_pct"":""14.9"",""rss_kib"":""337120"",""command"":""/Users/hozzy/Library/Application Support/ML-Experiments/progressive-diffusion-lm/m1-512/env/bin/python -m src.train --config configs/campaign/generated/const-1bit-s31415.json""}]"
2026-07-18T21:41:55.603585+00:00,running,37,vm.swapusage: total = 2048.00M  used = 603.19M  free = 1444.81M  (encrypted),"[{""pid"":""8414"",""cpu_pct"":""17.9"",""rss_kib"":""337424"",""command"":""/Users/hozzy/Library/Application Support/ML-Experiments/progressive-diffusion-lm/m1-512/env/bin/python -m src.train --config configs/campaign/generated/const-1bit-s31415.json""}]"
2026-07-18T21:42:55.676640+00:00,running,37,vm.swapusage: total = 2048.00M  used = 603.19M  free = 1444.81M  (encrypted),"[{""pid"":""8414"",""cpu_pct"":""19.5"",""rss_kib"":""337680"",""command"":""/Users/hozzy/Library/Application Support/ML-Experiments/progressive-diffusion-lm/m1-512/env/bin/python -m src.train --config configs/campaign/generated/const-1bit-s31415.json""}]"
2026-07-18T21:43:55.749422+00:00,running,37,vm.swapusage: total = 2048.00M  used = 603.19M  free = 1444.81M  (encrypted),"[{""pid"":""8414"",""cpu_pct"":""16.0"",""rss_kib"":""338096"",""command"":""/Users/hozzy/Library/Application Support/ML-Experiments/progressive-diffusion-lm/m1-512/env/bin/python -m src.train --config configs/campaign/generated/const-1bit-s31415.json""}]"
2026-07-18T21:44:55.820745+00:00,running,37,vm.swapusage: total = 2048.00M  used = 603.19M  free = 1444.81M  (encrypted),"[{""pid"":""8414"",""cpu_pct"":""14.0"",""rss_kib"":""338384"",""command"":""/Users/hozzy/Library/Application Support/ML-Experiments/progressive-diffusion-lm/m1-512/env/bin/python -m src.train --config configs/campaign/generated/const-1bit-s31415.json""}]"
2026-07-18T21:45:55.890764+00:00,running,37,vm.swapusage: total = 2048.00M  used = 603.19M  free = 1444.81M  (encrypted),"[{""pid"":""8414"",""cpu_pct"":""14.5"",""rss_kib"":""338624"",""command"":""/Users/hozzy/Library/Application Support/ML-Experiments/progressive-diffusion-lm/m1-512/env/bin/python -m src.train --config configs/campaign/generated/const-1bit-s31415.json""}]"
2026-07-18T21:46:55.961839+00:00,running,37,vm.swapusage: total = 2048.00M  used = 603.19M  free = 1444.81M  (encrypted),"[{""pid"":""8414"",""cpu_pct"":""17.4"",""rss_kib"":""338864"",""command"":""/Users/hozzy/Library/Application Support/ML-Experiments/progressive-diffusion-lm/m1-512/env/bin/python -m src.train --config configs/campaign/generated/const-1bit-s31415.json""}]"
2026-07-18T21:47:56.032043+00:00,running,37,vm.swapusage: total = 2048.00M  used = 603.19M  free = 1444.81M  (encrypted),"[{""pid"":""8414"",""cpu_pct"":""14.0"",""rss_kib"":""339056"",""command"":""/Users/hozzy/Library/Application Support/ML-Experiments/progressive-diffusion-lm/m1-512/env/bin/python -m src.train --config configs/campaign/generated/const-1bit-s31415.json""}]"
2026-07-18T21:48:56.101939+00:00,running,37,vm.swapusage: total = 2048.00M  used = 603.19M  free = 1444.81M  (encrypted),"[{""pid"":""8414"",""cpu_pct"":""15.4"",""rss_kib"":""339264"",""command"":""/Users/hozzy/Library/Application Support/ML-Experiments/progressive-diffusion-lm/m1-512/env/bin/python -m src.train --config configs/campaign/generated/const-1bit-s31415.json""}]"
2026-07-18T21:49:56.172468+00:00,running,37,vm.swapusage: total = 2048.00M  used = 603.19M  free = 1444.81M  (encrypted),"[{""pid"":""8414"",""cpu_pct"":""17.4"",""rss_kib"":""339488"",""command"":""/Users/hozzy/Library/Application Support/ML-Experiments/progressive-diffusion-lm/m1-512/env/bin/python -m src.train --config configs/campaign/generated/const-1bit-s31415.json""}]"
2026-07-18T21:50:56.241083+00:00,running,37,vm.swapusage: total = 2048.00M  used = 603.19M  free = 1444.81M  (encrypted),"[{""pid"":""8414"",""cpu_pct"":""14.4"",""rss_kib"":""339744"",""command"":""/Users/hozzy/Library/Application Support/ML-Experiments/progressive-diffusion-lm/m1-512/env/bin/python -m src.train --config configs/campaign/generated/const-1bit-s31415.json""}]"
2026-07-18T21:51:56.312532+00:00,running,37,vm.swapusage: total = 2048.00M  used = 603.19M  free = 1444.81M  (encrypted),"[{""pid"":""8414"",""cpu_pct"":""19.1"",""rss_kib"":""339904"",""command"":""/Users/hozzy/Library/Application Support/ML-Experiments/progressive-diffusion-lm/m1-512/env/bin/python -m src.train --config configs/campaign/generated/const-1bit-s31415.json""}]"
2026-07-18T21:52:56.383519+00:00,running,37,vm.swapusage: total = 2048.00M  used = 603.19M  free = 1444.81M  (encrypted),"[{""pid"":""8414"",""cpu_pct"":""17.3"",""rss_kib"":""340224"",""command"":""/Users/hozzy/Library/Application Support/ML-Experiments/progressive-diffusion-lm/m1-512/env/bin/python -m src.train --config configs/campaign/generated/const-1bit-s31415.json""}]"
2026-07-18T21:53:56.456582+00:00,running,37,vm.swapusage: total = 2048.00M  used = 603.19M  free = 1444.81M  (encrypted),"[{""pid"":""8414"",""cpu_pct"":""15.1"",""rss_kib"":""340512"",""command"":""/Users/hozzy/Library/Application Support/ML-Experiments/progressive-diffusion-lm/m1-512/env/bin/python -m src.train --config configs/campaign/generated/const-1bit-s31415.json""}]"
2026-07-18T21:54:56.527481+00:00,running,37,vm.swapusage: total = 2048.00M  used = 603.19M  free = 1444.81M  (encrypted),"[{""pid"":""8414"",""cpu_pct"":""14.3"",""rss_kib"":""340784"",""command"":""/Users/hozzy/Library/Application Support/ML-Experiments/progressive-diffusion-lm/m1-512/env/bin/python -m src.train --config configs/campaign/generated/const-1bit-s31415.json""}]"
2026-07-18T21:55:56.600497+00:00,running,37,vm.swapusage: total = 2048.00M  used = 603.19M  free = 1444.81M  (encrypted),"[{""pid"":""8414"",""cpu_pct"":""18.2"",""rss_kib"":""340944"",""command"":""/Users/hozzy/Library/Application Support/ML-Experiments/progressive-diffusion-lm/m1-512/env/bin/python -m src.train --config configs/campaign/generated/const-1bit-s31415.json""}]"
2026-07-18T21:56:56.674741+00:00,running,37,vm.swapusage: total = 2048.00M  used = 603.19M  free = 1444.81M  (encrypted),"[{""pid"":""8414"",""cpu_pct"":""15.6"",""rss_kib"":""341152"",""command"":""/Users/hozzy/Library/Application Support/ML-Experiments/progressive-diffusion-lm/m1-512/env/bin/python -m src.train --config configs/campaign/generated/const-1bit-s31415.json""}]"
2026-07-18T21:57:56.811677+00:00,running,37,vm.swapusage: total = 2048.00M  used = 603.19M  free = 1444.81M  (encrypted),"[{""pid"":""8414"",""cpu_pct"":""15.1"",""rss_kib"":""341392"",""command"":""/Users/hozzy/Library/Application Support/ML-Experiments/progressive-diffusion-lm/m1-512/env/bin/python -m src.train --config configs/campaign/generated/const-1bit-s31415.json""}]"
2026-07-18T21:58:56.883314+00:00,running,37,vm.swapusage: total = 2048.00M  used = 603.19M  free = 1444.81M  (encrypted),"[{""pid"":""8414"",""cpu_pct"":""18.9"",""rss_kib"":""341616"",""command"":""/Users/hozzy/Library/Application Support/ML-Experiments/progressive-diffusion-lm/m1-512/env/bin/python -m src.train --config configs/campaign/generated/const-1bit-s31415.json""}]"
2026-07-18T21:59:56.955793+00:00,running,37,vm.swapusage: total = 2048.00M  used = 603.19M  free = 1444.81M  (encrypted),"[{""pid"":""8414"",""cpu_pct"":""15.1"",""rss_kib"":""341808"",""command"":""/Users/hozzy/Library/Application Support/ML-Experiments/progressive-diffusion-lm/m1-512/env/bin/python -m src.train --config configs/campaign/generated/const-1bit-s31415.json""}]"
2026-07-18T22:00:57.030731+00:00,running,37,vm.swapusage: total = 2048.00M  used = 603.19M  free = 1444.81M  (encrypted),"[{""pid"":""8414"",""cpu_pct"":""20.1"",""rss_kib"":""342064"",""command"":""/Users/hozzy/Library/Application Support/ML-Experiments/progressive-diffusion-lm/m1-512/env/bin/python -m src.train --config configs/campaign/generated/const-1bit-s31415.json""}]"
2026-07-18T22:01:57.110707+00:00,running,37,vm.swapusage: total = 2048.00M  used = 603.19M  free = 1444.81M  (encrypted),"[{""pid"":""8414"",""cpu_pct"":""22.2"",""rss_kib"":""342288"",""command"":""/Users/hozzy/Library/Application Support/ML-Experiments/progressive-diffusion-lm/m1-512/env/bin/python -m src.train --config configs/campaign/generated/const-1bit-s31415.json""}]"
2026-07-18T22:02:57.183628+00:00,running,37,vm.swapusage: total = 2048.00M  used = 603.19M  free = 1444.81M  (encrypted),"[{""pid"":""8414"",""cpu_pct"":""19.4"",""rss_kib"":""342560"",""command"":""/Users/hozzy/Library/Application Support/ML-Experiments/progressive-diffusion-lm/m1-512/env/bin/python -m src.train --config configs/campaign/generated/const-1bit-s31415.json""}]"
2026-07-18T22:03:57.255634+00:00,running,37,vm.swapusage: total = 2048.00M  used = 603.19M  free = 1444.81M  (encrypted),"[{""pid"":""8414"",""cpu_pct"":""24.6"",""rss_kib"":""342752"",""command"":""/Users/hozzy/Library/Application Support/ML-Experiments/progressive-diffusion-lm/m1-512/env/bin/python -m src.train --config configs/campaign/generated/const-1bit-s31415.json""}]"
2026-07-18T22:04:57.326481+00:00,running,37,vm.swapusage: total = 2048.00M  used = 603.19M  free = 1444.81M  (encrypted),"[{""pid"":""8414"",""cpu_pct"":""19.1"",""rss_kib"":""343024"",""command"":""/Users/hozzy/Library/Application Support/ML-Experiments/progressive-diffusion-lm/m1-512/env/bin/python -m src.train --config configs/campaign/generated/const-1bit-s31415.json""}]"
2026-07-18T22:05:57.399539+00:00,running,37,vm.swapusage: total = 2048.00M  used = 603.19M  free = 1444.81M  (encrypted),"[{""pid"":""8414"",""cpu_pct"":""14.7"",""rss_kib"":""343280"",""command"":""/Users/hozzy/Library/Application Support/ML-Experiments/progressive-diffusion-lm/m1-512/env/bin/python -m src.train --config configs/campaign/generated/const-1bit-s31415.json""}]"
2026-07-18T22:06:57.470806+00:00,running,37,vm.swapusage: total = 2048.00M  used = 603.19M  free = 1444.81M  (encrypted),"[{""pid"":""8414"",""cpu_pct"":""14.5"",""rss_kib"":""343568"",""command"":""/Users/hozzy/Library/Application Support/ML-Experiments/progressive-diffusion-lm/m1-512/env/bin/python -m src.train --config configs/campaign/generated/const-1bit-s31415.json""}]"
2026-07-18T22:07:57.545084+00:00,running,37,vm.swapusage: total = 2048.00M  used = 603.19M  free = 1444.81M  (encrypted),"[{""pid"":""8414"",""cpu_pct"":""14.3"",""rss_kib"":""343776"",""command"":""/Users/hozzy/Library/Application Support/ML-Experiments/progressive-diffusion-lm/m1-512/env/bin/python -m src.train --config configs/campaign/generated/const-1bit-s31415.json""}]"
2026-07-18T22:08:57.618591+00:00,running,37,vm.swapusage: total = 2048.00M  used = 603.19M  free = 1444.81M  (encrypted),"[{""pid"":""8414"",""cpu_pct"":""17.5"",""rss_kib"":""344048"",""command"":""/Users/hozzy/Library/Application Support/ML-Experiments/progressive-diffusion-lm/m1-512/env/bin/python -m src.train --config configs/campaign/generated/const-1bit-s31415.json""}]"
2026-07-18T22:09:57.691993+00:00,running,38,vm.swapusage: total = 2048.00M  used = 603.19M  free = 1444.81M  (encrypted),"[{""pid"":""8414"",""cpu_pct"":""15.1"",""rss_kib"":""344352"",""command"":""/Users/hozzy/Library/Application Support/ML-Experiments/progressive-diffusion-lm/m1-512/env/bin/python -m src.train --config configs/campaign/generated/const-1bit-s31415.json""}]"
2026-07-18T22:10:57.765670+00:00,running,38,vm.swapusage: total = 2048.00M  used = 603.19M  free = 1444.81M  (encrypted),"[{""pid"":""8414"",""cpu_pct"":""16.5"",""rss_kib"":""344608"",""command"":""/Users/hozzy/Library/Application Support/ML-Experiments/progressive-diffusion-lm/m1-512/env/bin/python -m src.train --config configs/campaign/generated/const-1bit-s31415.json""}]"
2026-07-18T22:11:57.840607+00:00,running,37,vm.swapusage: total = 2048.00M  used = 603.19M  free = 1444.81M  (encrypted),"[{""pid"":""8414"",""cpu_pct"":""15.2"",""rss_kib"":""344928"",""command"":""/Users/hozzy/Library/Application Support/ML-Experiments/progressive-diffusion-lm/m1-512/env/bin/python -m src.train --config configs/campaign/generated/const-1bit-s31415.json""}]"
2026-07-18T22:12:57.915330+00:00,running,37,vm.swapusage: total = 2048.00M  used = 603.19M  free = 1444.81M  (encrypted),"[{""pid"":""8414"",""cpu_pct"":""19.3"",""rss_kib"":""345280"",""command"":""/Users/hozzy/Library/Application Support/ML-Experiments/progressive-diffusion-lm/m1-512/env/bin/python -m src.train --config configs/campaign/generated/const-1bit-s31415.json""}]"
2026-07-18T22:13:57.987551+00:00,running,37,vm.swapusage: total = 2048.00M  used = 603.19M  free = 1444.81M  (encrypted),"[{""pid"":""8414"",""cpu_pct"":""23.4"",""rss_kib"":""345584"",""command"":""/Users/hozzy/Library/Application Support/ML-Experiments/progressive-diffusion-lm/m1-512/env/bin/python -m src.train --config configs/campaign/generated/const-1bit-s31415.json""}]"
2026-07-18T22:14:58.061273+00:00,running,37,vm.swapusage: total = 2048.00M  used = 603.19M  free = 1444.81M  (encrypted),"[{""pid"":""8414"",""cpu_pct"":""16.8"",""rss_kib"":""345856"",""command"":""/Users/hozzy/Library/Application Support/ML-Experiments/progressive-diffusion-lm/m1-512/env/bin/python -m src.train --config configs/campaign/generated/const-1bit-s31415.json""}]"
2026-07-18T22:15:58.133118+00:00,running,37,vm.swapusage: total = 2048.00M  used = 603.19M  free = 1444.81M  (encrypted),"[{""pid"":""8414"",""cpu_pct"":""17.3"",""rss_kib"":""346048"",""command"":""/Users/hozzy/Library/Application Support/ML-Experiments/progressive-diffusion-lm/m1-512/env/bin/python -m src.train --config configs/campaign/generated/const-1bit-s31415.json""}]"
2026-07-18T22:16:58.206551+00:00,running,37,vm.swapusage: total = 2048.00M  used = 603.19M  free = 1444.81M  (encrypted),"[{""pid"":""8414"",""cpu_pct"":""23.5"",""rss_kib"":""345824"",""command"":""/Users/hozzy/Library/Application Support/ML-Experiments/progressive-diffusion-lm/m1-512/env/bin/python -m src.train --config configs/campaign/generated/const-1bit-s31415.json""}]"
2026-07-18T22:17:58.281397+00:00,running,37,vm.swapusage: total = 2048.00M  used = 603.19M  free = 1444.81M  (encrypted),"[{""pid"":""8414"",""cpu_pct"":""15.4"",""rss_kib"":""346064"",""command"":""/Users/hozzy/Library/Application Support/ML-Experiments/progressive-diffusion-lm/m1-512/env/bin/python -m src.train --config configs/campaign/generated/const-1bit-s31415.json""}]"
2026-07-18T22:18:58.355939+00:00,running,37,vm.swapusage: total = 2048.00M  used = 603.19M  free = 1444.81M  (encrypted),"[{""pid"":""8414"",""cpu_pct"":""16.6"",""rss_kib"":""346336"",""command"":""/Users/hozzy/Library/Application Support/ML-Experiments/progressive-diffusion-lm/m1-512/env/bin/python -m src.train --config configs/campaign/generated/const-1bit-s31415.json""}]"
2026-07-18T22:19:58.431379+00:00,running,37,vm.swapusage: total = 2048.00M  used = 603.19M  free = 1444.81M  (encrypted),"[{""pid"":""8414"",""cpu_pct"":""13.5"",""rss_kib"":""346624"",""command"":""/Users/hozzy/Library/Application Support/ML-Experiments/progressive-diffusion-lm/m1-512/env/bin/python -m src.train --config configs/campaign/generated/const-1bit-s31415.json""}]"
2026-07-18T22:20:58.503414+00:00,running,37,vm.swapusage: total = 2048.00M  used = 603.19M  free = 1444.81M  (encrypted),"[{""pid"":""8414"",""cpu_pct"":""16.2"",""rss_kib"":""347040"",""command"":""/Users/hozzy/Library/Application Support/ML-Experiments/progressive-diffusion-lm/m1-512/env/bin/python -m src.train --config configs/campaign/generated/const-1bit-s31415.json""}]"
2026-07-18T22:21:58.578455+00:00,running,37,vm.swapusage: total = 2048.00M  used = 603.19M  free = 1444.81M  (encrypted),"[{""pid"":""8414"",""cpu_pct"":""22.9"",""rss_kib"":""335264"",""command"":""/Users/hozzy/Library/Application Support/ML-Experiments/progressive-diffusion-lm/m1-512/env/bin/python -m src.train --config configs/campaign/generated/const-1bit-s31415.json""}]"
2026-07-18T22:22:58.652286+00:00,running,37,vm.swapusage: total = 2048.00M  used = 603.19M  free = 1444.81M  (encrypted),"[{""pid"":""8414"",""cpu_pct"":""24.8"",""rss_kib"":""335984"",""command"":""/Users/hozzy/Library/Application Support/ML-Experiments/progressive-diffusion-lm/m1-512/env/bin/python -m src.train --config configs/campaign/generated/const-1bit-s31415.json""}]"
2026-07-18T22:23:58.725202+00:00,running,37,vm.swapusage: total = 2048.00M  used = 603.19M  free = 1444.81M  (encrypted),"[{""pid"":""8414"",""cpu_pct"":""18.9"",""rss_kib"":""336528"",""command"":""/Users/hozzy/Library/Application Support/ML-Experiments/progressive-diffusion-lm/m1-512/env/bin/python -m src.train --config configs/campaign/generated/const-1bit-s31415.json""}]"
2026-07-18T22:24:58.798434+00:00,running,37,vm.swapusage: total = 2048.00M  used = 603.19M  free = 1444.81M  (encrypted),"[{""pid"":""8414"",""cpu_pct"":""24.8"",""rss_kib"":""337392"",""command"":""/Users/hozzy/Library/Application Support/ML-Experiments/progressive-diffusion-lm/m1-512/env/bin/python -m src.train --config configs/campaign/generated/const-1bit-s31415.json""}]"
2026-07-18T22:25:58.870023+00:00,running,37,vm.swapusage: total = 2048.00M  used = 603.19M  free = 1444.81M  (encrypted),"[{""pid"":""8414"",""cpu_pct"":""15.7"",""rss_kib"":""338144"",""command"":""/Users/hozzy/Library/Application Support/ML-Experiments/progressive-diffusion-lm/m1-512/env/bin/python -m src.train --config configs/campaign/generated/const-1bit-s31415.json""}]"
2026-07-18T22:26:58.942426+00:00,running,37,vm.swapusage: total = 2048.00M  used = 603.19M  free = 1444.81M  (encrypted),"[{""pid"":""8414"",""cpu_pct"":""19.4"",""rss_kib"":""338688"",""command"":""/Users/hozzy/Library/Application Support/ML-Experiments/progressive-diffusion-lm/m1-512/env/bin/python -m src.train --config configs/campaign/generated/const-1bit-s31415.json""}]"
2026-07-18T22:27:59.016130+00:00,running,37,vm.swapusage: total = 2048.00M  used = 603.19M  free = 1444.81M  (encrypted),"[{""pid"":""8414"",""cpu_pct"":""15.8"",""rss_kib"":""339312"",""command"":""/Users/hozzy/Library/Application Support/ML-Experiments/progressive-diffusion-lm/m1-512/env/bin/python -m src.train --config configs/campaign/generated/const-1bit-s31415.json""}]"
2026-07-18T22:28:59.093726+00:00,running,37,vm.swapusage: total = 2048.00M  used = 603.19M  free = 1444.81M  (encrypted),"[{""pid"":""8414"",""cpu_pct"":""18.7"",""rss_kib"":""340000"",""command"":""/Users/hozzy/Library/Application Support/ML-Experiments/progressive-diffusion-lm/m1-512/env/bin/python -m src.train --config configs/campaign/generated/const-1bit-s31415.json""}]"
2026-07-18T22:29:59.166710+00:00,running,37,vm.swapusage: total = 2048.00M  used = 603.19M  free = 1444.81M  (encrypted),"[{""pid"":""8414"",""cpu_pct"":""24.0"",""rss_kib"":""340608"",""command"":""/Users/hozzy/Library/Application Support/ML-Experiments/progressive-diffusion-lm/m1-512/env/bin/python -m src.train --config configs/campaign/generated/const-1bit-s31415.json""}]"
2026-07-18T22:30:59.245298+00:00,running,37,vm.swapusage: total = 2048.00M  used = 603.19M  free = 1444.81M  (encrypted),"[{""pid"":""8414"",""cpu_pct"":""14.3"",""rss_kib"":""341216"",""command"":""/Users/hozzy/Library/Application Support/ML-Experiments/progressive-diffusion-lm/m1-512/env/bin/python -m src.train --config configs/campaign/generated/const-1bit-s31415.json""}]"
2026-07-18T22:31:59.319388+00:00,running,37,vm.swapusage: total = 2048.00M  used = 603.19M  free = 1444.81M  (encrypted),"[{""pid"":""8414"",""cpu_pct"":""14.7"",""rss_kib"":""341520"",""command"":""/Users/hozzy/Library/Application Support/ML-Experiments/progressive-diffusion-lm/m1-512/env/bin/python -m src.train --config configs/campaign/generated/const-1bit-s31415.json""}]"
2026-07-18T22:32:59.393589+00:00,running,37,vm.swapusage: total = 2048.00M  used = 603.19M  free = 1444.81M  (encrypted),"[{""pid"":""8414"",""cpu_pct"":""16.5"",""rss_kib"":""341984"",""command"":""/Users/hozzy/Library/Application Support/ML-Experiments/progressive-diffusion-lm/m1-512/env/bin/python -m src.train --config configs/campaign/generated/const-1bit-s31415.json""}]"
2026-07-18T22:33:59.466439+00:00,running,37,vm.swapusage: total = 2048.00M  used = 603.19M  free = 1444.81M  (encrypted),"[{""pid"":""8414"",""cpu_pct"":""23.6"",""rss_kib"":""342544"",""command"":""/Users/hozzy/Library/Application Support/ML-Experiments/progressive-diffusion-lm/m1-512/env/bin/python -m src.train --config configs/campaign/generated/const-1bit-s31415.json""}]"
2026-07-18T22:34:59.539617+00:00,running,37,vm.swapusage: total = 2048.00M  used = 603.19M  free = 1444.81M  (encrypted),"[{""pid"":""8414"",""cpu_pct"":""19.1"",""rss_kib"":""343056"",""command"":""/Users/hozzy/Library/Application Support/ML-Experiments/progressive-diffusion-lm/m1-512/env/bin/python -m src.train --config configs/campaign/generated/const-1bit-s31415.json""}]"
2026-07-18T22:35:59.611184+00:00,running,37,vm.swapusage: total = 2048.00M  used = 603.19M  free = 1444.81M  (encrypted),"[{""pid"":""8414"",""cpu_pct"":""18.3"",""rss_kib"":""343408"",""command"":""/Users/hozzy/Library/Application Support/ML-Experiments/progressive-diffusion-lm/m1-512/env/bin/python -m src.train --config configs/campaign/generated/const-1bit-s31415.json""}]"
2026-07-18T22:36:59.682717+00:00,running,37,vm.swapusage: total = 2048.00M  used = 603.19M  free = 1444.81M  (encrypted),"[{""pid"":""8414"",""cpu_pct"":""25.4"",""rss_kib"":""343840"",""command"":""/Users/hozzy/Library/Application Support/ML-Experiments/progressive-diffusion-lm/m1-512/env/bin/python -m src.train --config configs/campaign/generated/const-1bit-s31415.json""}]"
2026-07-18T22:37:59.756798+00:00,running,37,vm.swapusage: total = 2048.00M  used = 603.19M  free = 1444.81M  (encrypted),"[{""pid"":""8414"",""cpu_pct"":""14.6"",""rss_kib"":""344304"",""command"":""/Users/hozzy/Library/Application Support/ML-Experiments/progressive-diffusion-lm/m1-512/env/bin/python -m src.train --config configs/campaign/generated/const-1bit-s31415.json""}]"
2026-07-18T22:38:59.829878+00:00,running,37,vm.swapusage: total = 2048.00M  used = 603.19M  free = 1444.81M  (encrypted),"[{""pid"":""8414"",""cpu_pct"":""19.6"",""rss_kib"":""344752"",""command"":""/Users/hozzy/Library/Application Support/ML-Experiments/progressive-diffusion-lm/m1-512/env/bin/python -m src.train --config configs/campaign/generated/const-1bit-s31415.json""}]"
2026-07-18T22:39:59.914858+00:00,running,30,vm.swapusage: total = 2048.00M  used = 603.19M  free = 1444.81M  (encrypted),"[{""pid"":""8414"",""cpu_pct"":""23.9"",""rss_kib"":""58064"",""command"":""/Users/hozzy/Library/Application Support/ML-Experiments/progressive-diffusion-lm/m1-512/env/bin/python -m src.train --config configs/campaign/generated/const-1bit-s31415.json""}]"
2026-07-18T22:40:59.992772+00:00,running,30,vm.swapusage: total = 2048.00M  used = 603.19M  free = 1444.81M  (encrypted),"[{""pid"":""8414"",""cpu_pct"":""14.5"",""rss_kib"":""74384"",""command"":""/Users/hozzy/Library/Application Support/ML-Experiments/progressive-diffusion-lm/m1-512/env/bin/python -m src.train --config configs/campaign/generated/const-1bit-s31415.json""}]"
2026-07-18T22:42:00.072788+00:00,running,31,vm.swapusage: total = 2048.00M  used = 603.19M  free = 1444.81M  (encrypted),"[{""pid"":""8414"",""cpu_pct"":""19.7"",""rss_kib"":""89776"",""command"":""/Users/hozzy/Library/Application Support/ML-Experiments/progressive-diffusion-lm/m1-512/env/bin/python -m src.train --config configs/campaign/generated/const-1bit-s31415.json""}]"
2026-07-18T22:43:00.153629+00:00,running,31,vm.swapusage: total = 2048.00M  used = 603.19M  free = 1444.81M  (encrypted),"[{""pid"":""8414"",""cpu_pct"":""19.8"",""rss_kib"":""104304"",""command"":""/Users/hozzy/Library/Application Support/ML-Experiments/progressive-diffusion-lm/m1-512/env/bin/python -m src.train --config configs/campaign/generated/const-1bit-s31415.json""}]"
2026-07-18T22:44:00.235292+00:00,running,31,vm.swapusage: total = 2048.00M  used = 603.19M  free = 1444.81M  (encrypted),"[{""pid"":""8414"",""cpu_pct"":""15.4"",""rss_kib"":""123968"",""command"":""/Users/hozzy/Library/Application Support/ML-Experiments/progressive-diffusion-lm/m1-512/env/bin/python -m src.train --config configs/campaign/generated/const-1bit-s31415.json""}]"
2026-07-18T22:45:00.313453+00:00,running,32,vm.swapusage: total = 2048.00M  used = 603.19M  free = 1444.81M  (encrypted),"[{""pid"":""8414"",""cpu_pct"":""18.6"",""rss_kib"":""137136"",""command"":""/Users/hozzy/Library/Application Support/ML-Experiments/progressive-diffusion-lm/m1-512/env/bin/python -m src.train --config configs/campaign/generated/const-1bit-s31415.json""}]"
2026-07-18T22:46:00.391746+00:00,running,32,vm.swapusage: total = 2048.00M  used = 603.19M  free = 1444.81M  (encrypted),"[{""pid"":""8414"",""cpu_pct"":""26.1"",""rss_kib"":""149504"",""command"":""/Users/hozzy/Library/Application Support/ML-Experiments/progressive-diffusion-lm/m1-512/env/bin/python -m src.train --config configs/campaign/generated/const-1bit-s31415.json""}]"
2026-07-18T22:47:00.476181+00:00,running,32,vm.swapusage: total = 2048.00M  used = 603.19M  free = 1444.81M  (encrypted),"[{""pid"":""8414"",""cpu_pct"":""19.2"",""rss_kib"":""160880"",""command"":""/Users/hozzy/Library/Application Support/ML-Experiments/progressive-diffusion-lm/m1-512/env/bin/python -m src.train --config configs/campaign/generated/const-1bit-s31415.json""}]"
2026-07-18T22:48:00.550721+00:00,running,32,vm.swapusage: total = 2048.00M  used = 603.19M  free = 1444.81M  (encrypted),"[{""pid"":""8414"",""cpu_pct"":""17.2"",""rss_kib"":""172144"",""command"":""/Users/hozzy/Library/Application Support/ML-Experiments/progressive-diffusion-lm/m1-512/env/bin/python -m src.train --config configs/campaign/generated/const-1bit-s31415.json""}]"
2026-07-18T22:49:00.628108+00:00,running,32,vm.swapusage: total = 2048.00M  used = 603.19M  free = 1444.81M  (encrypted),"[{""pid"":""8414"",""cpu_pct"":""24.6"",""rss_kib"":""182160"",""command"":""/Users/hozzy/Library/Application Support/ML-Experiments/progressive-diffusion-lm/m1-512/env/bin/python -m src.train --config configs/campaign/generated/const-1bit-s31415.json""}]"
2026-07-18T22:50:00.710475+00:00,running,32,vm.swapusage: total = 2048.00M  used = 603.19M  free = 1444.81M  (encrypted),"[{""pid"":""8414"",""cpu_pct"":""18.8"",""rss_kib"":""191168"",""command"":""/Users/hozzy/Library/Application Support/ML-Experiments/progressive-diffusion-lm/m1-512/env/bin/python -m src.train --config configs/campaign/generated/const-1bit-s31415.json""}]"
2026-07-18T22:51:00.788987+00:00,running,32,vm.swapusage: total = 2048.00M  used = 603.19M  free = 1444.81M  (encrypted),"[{""pid"":""8414"",""cpu_pct"":""19.1"",""rss_kib"":""200304"",""command"":""/Users/hozzy/Library/Application Support/ML-Experiments/progressive-diffusion-lm/m1-512/env/bin/python -m src.train --config configs/campaign/generated/const-1bit-s31415.json""}]"
2026-07-18T22:52:00.871434+00:00,running,33,vm.swapusage: total = 2048.00M  used = 603.19M  free = 1444.81M  (encrypted),"[{""pid"":""8414"",""cpu_pct"":""16.8"",""rss_kib"":""207904"",""command"":""/Users/hozzy/Library/Application Support/ML-Experiments/progressive-diffusion-lm/m1-512/env/bin/python -m src.train --config configs/campaign/generated/const-1bit-s31415.json""}]"
2026-07-18T22:53:00.948336+00:00,running,33,vm.swapusage: total = 2048.00M  used = 603.19M  free = 1444.81M  (encrypted),"[{""pid"":""8414"",""cpu_pct"":""25.5"",""rss_kib"":""216000"",""command"":""/Users/hozzy/Library/Application Support/ML-Experiments/progressive-diffusion-lm/m1-512/env/bin/python -m src.train --config configs/campaign/generated/const-1bit-s31415.json""}]"
2026-07-18T22:54:01.026564+00:00,running,33,vm.swapusage: total = 2048.00M  used = 603.19M  free = 1444.81M  (encrypted),"[{""pid"":""8414"",""cpu_pct"":""17.4"",""rss_kib"":""223424"",""command"":""/Users/hozzy/Library/Application Support/ML-Experiments/progressive-diffusion-lm/m1-512/env/bin/python -m src.train --config configs/campaign/generated/const-1bit-s31415.json""}]"
2026-07-18T22:55:01.101174+00:00,running,33,vm.swapusage: total = 2048.00M  used = 603.19M  free = 1444.81M  (encrypted),"[{""pid"":""8414"",""cpu_pct"":""20.4"",""rss_kib"":""230272"",""command"":""/Users/hozzy/Library/Application Support/ML-Experiments/progressive-diffusion-lm/m1-512/env/bin/python -m src.train --config configs/campaign/generated/const-1bit-s31415.json""}]"
2026-07-18T22:56:01.178187+00:00,running,34,vm.swapusage: total = 2048.00M  used = 603.19M  free = 1444.81M  (encrypted),"[{""pid"":""10318"",""cpu_pct"":""21.4"",""rss_kib"":""334944"",""command"":""/Users/hozzy/Library/Application Support/ML-Experiments/progressive-diffusion-lm/m1-512/env/bin/python -m src.train --config configs/campaign/generated/progressive-s31415.json""}]"
2026-07-18T22:57:01.252492+00:00,running,34,vm.swapusage: total = 2048.00M  used = 603.19M  free = 1444.81M  (encrypted),"[{""pid"":""10318"",""cpu_pct"":""25.9"",""rss_kib"":""335248"",""command"":""/Users/hozzy/Library/Application Support/ML-Experiments/progressive-diffusion-lm/m1-512/env/bin/python -m src.train --config configs/campaign/generated/progressive-s31415.json""}]"
2026-07-18T22:58:01.327702+00:00,running,34,vm.swapusage: total = 2048.00M  used = 603.19M  free = 1444.81M  (encrypted),"[{""pid"":""10318"",""cpu_pct"":""22.2"",""rss_kib"":""335520"",""command"":""/Users/hozzy/Library/Application Support/ML-Experiments/progressive-diffusion-lm/m1-512/env/bin/python -m src.train --config configs/campaign/generated/progressive-s31415.json""}]"
2026-07-18T22:59:01.403325+00:00,running,34,vm.swapusage: total = 2048.00M  used = 603.19M  free = 1444.81M  (encrypted),"[{""pid"":""10318"",""cpu_pct"":""18.3"",""rss_kib"":""335808"",""command"":""/Users/hozzy/Library/Application Support/ML-Experiments/progressive-diffusion-lm/m1-512/env/bin/python -m src.train --config configs/campaign/generated/progressive-s31415.json""}]"
2026-07-18T23:00:01.457222+00:00,running,34,vm.swapusage: total = 2048.00M  used = 603.19M  free = 1444.81M  (encrypted),"[{""pid"":""10318"",""cpu_pct"":""24.4"",""rss_kib"":""337424"",""command"":""/Users/hozzy/Library/Application Support/ML-Experiments/progressive-diffusion-lm/m1-512/env/bin/python -m src.train --config configs/campaign/generated/progressive-s31415.json""}]"
2026-07-18T23:01:01.530795+00:00,running,34,vm.swapusage: total = 2048.00M  used = 603.19M  free = 1444.81M  (encrypted),"[{""pid"":""10318"",""cpu_pct"":""17.8"",""rss_kib"":""337712"",""command"":""/Users/hozzy/Library/Application Support/ML-Experiments/progressive-diffusion-lm/m1-512/env/bin/python -m src.train --config configs/campaign/generated/progressive-s31415.json""}]"
2026-07-18T23:02:01.606341+00:00,running,34,vm.swapusage: total = 2048.00M  used = 603.19M  free = 1444.81M  (encrypted),"[{""pid"":""10318"",""cpu_pct"":""20.2"",""rss_kib"":""338032"",""command"":""/Users/hozzy/Library/Application Support/ML-Experiments/progressive-diffusion-lm/m1-512/env/bin/python -m src.train --config configs/campaign/generated/progressive-s31415.json""}]"
2026-07-18T23:03:01.681629+00:00,running,34,vm.swapusage: total = 2048.00M  used = 603.19M  free = 1444.81M  (encrypted),"[{""pid"":""10318"",""cpu_pct"":""16.2"",""rss_kib"":""338432"",""command"":""/Users/hozzy/Library/Application Support/ML-Experiments/progressive-diffusion-lm/m1-512/env/bin/python -m src.train --config configs/campaign/generated/progressive-s31415.json""}]"
2026-07-18T23:04:01.756441+00:00,running,34,vm.swapusage: total = 2048.00M  used = 603.19M  free = 1444.81M  (encrypted),"[{""pid"":""10318"",""cpu_pct"":""14.9"",""rss_kib"":""338720"",""command"":""/Users/hozzy/Library/Application Support/ML-Experiments/progressive-diffusion-lm/m1-512/env/bin/python -m src.train --config configs/campaign/generated/progressive-s31415.json""}]"
2026-07-18T23:05:01.833368+00:00,running,34,vm.swapusage: total = 2048.00M  used = 603.19M  free = 1444.81M  (encrypted),"[{""pid"":""10318"",""cpu_pct"":""20.1"",""rss_kib"":""338912"",""command"":""/Users/hozzy/Library/Application Support/ML-Experiments/progressive-diffusion-lm/m1-512/env/bin/python -m src.train --config configs/campaign/generated/progressive-s31415.json""}]"
2026-07-18T23:06:01.907383+00:00,running,34,vm.swapusage: total = 2048.00M  used = 603.19M  free = 1444.81M  (encrypted),"[{""pid"":""10318"",""cpu_pct"":""16.7"",""rss_kib"":""339120"",""command"":""/Users/hozzy/Library/Application Support/ML-Experiments/progressive-diffusion-lm/m1-512/env/bin/python -m src.train --config configs/campaign/generated/progressive-s31415.json""}]"
2026-07-18T23:07:01.984762+00:00,running,34,vm.swapusage: total = 2048.00M  used = 603.19M  free = 1444.81M  (encrypted),"[{""pid"":""10318"",""cpu_pct"":""20.5"",""rss_kib"":""339392"",""command"":""/Users/hozzy/Library/Application Support/ML-Experiments/progressive-diffusion-lm/m1-512/env/bin/python -m src.train --config configs/campaign/generated/progressive-s31415.json""}]"
2026-07-18T23:08:02.061328+00:00,running,41,vm.swapusage: total = 2048.00M  used = 603.19M  free = 1444.81M  (encrypted),"[{""pid"":""10318"",""cpu_pct"":""19.9"",""rss_kib"":""339568"",""command"":""/Users/hozzy/Library/Application Support/ML-Experiments/progressive-diffusion-lm/m1-512/env/bin/python -m src.train --config configs/campaign/generated/progressive-s31415.json""}]"
2026-07-18T23:09:02.139061+00:00,running,34,vm.swapusage: total = 2048.00M  used = 603.19M  free = 1444.81M  (encrypted),"[{""pid"":""10318"",""cpu_pct"":""19.6"",""rss_kib"":""339744"",""command"":""/Users/hozzy/Library/Application Support/ML-Experiments/progressive-diffusion-lm/m1-512/env/bin/python -m src.train --config configs/campaign/generated/progressive-s31415.json""}]"
2026-07-18T23:10:02.218342+00:00,running,35,vm.swapusage: total = 2048.00M  used = 603.19M  free = 1444.81M  (encrypted),"[{""pid"":""10318"",""cpu_pct"":""18.8"",""rss_kib"":""339968"",""command"":""/Users/hozzy/Library/Application Support/ML-Experiments/progressive-diffusion-lm/m1-512/env/bin/python -m src.train --config configs/campaign/generated/progressive-s31415.json""}]"
2026-07-18T23:11:02.292296+00:00,running,35,vm.swapusage: total = 2048.00M  used = 603.19M  free = 1444.81M  (encrypted),"[{""pid"":""10318"",""cpu_pct"":""18.3"",""rss_kib"":""340256"",""command"":""/Users/hozzy/Library/Application Support/ML-Experiments/progressive-diffusion-lm/m1-512/env/bin/python -m src.train --config configs/campaign/generated/progressive-s31415.json""}]"
2026-07-18T23:12:02.369310+00:00,running,34,vm.swapusage: total = 2048.00M  used = 603.19M  free = 1444.81M  (encrypted),"[{""pid"":""10318"",""cpu_pct"":""15.1"",""rss_kib"":""299856"",""command"":""/Users/hozzy/Library/Application Support/ML-Experiments/progressive-diffusion-lm/m1-512/env/bin/python -m src.train --config configs/campaign/generated/progressive-s31415.json""}]"
2026-07-18T23:13:02.444380+00:00,running,34,vm.swapusage: total = 2048.00M  used = 603.19M  free = 1444.81M  (encrypted),"[{""pid"":""10318"",""cpu_pct"":""16.2"",""rss_kib"":""302272"",""command"":""/Users/hozzy/Library/Application Support/ML-Experiments/progressive-diffusion-lm/m1-512/env/bin/python -m src.train --config configs/campaign/generated/progressive-s31415.json""}]"
2026-07-18T23:14:02.518801+00:00,running,34,vm.swapusage: total = 2048.00M  used = 603.19M  free = 1444.81M  (encrypted),"[{""pid"":""10318"",""cpu_pct"":""19.5"",""rss_kib"":""304992"",""command"":""/Users/hozzy/Library/Application Support/ML-Experiments/progressive-diffusion-lm/m1-512/env/bin/python -m src.train --config configs/campaign/generated/progressive-s31415.json""}]"
2026-07-18T23:15:02.592705+00:00,running,34,vm.swapusage: total = 2048.00M  used = 603.19M  free = 1444.81M  (encrypted),"[{""pid"":""10318"",""cpu_pct"":""13.8"",""rss_kib"":""307344"",""command"":""/Users/hozzy/Library/Application Support/ML-Experiments/progressive-diffusion-lm/m1-512/env/bin/python -m src.train --config configs/campaign/generated/progressive-s31415.json""}]"
2026-07-18T23:16:02.667689+00:00,running,34,vm.swapusage: total = 2048.00M  used = 603.19M  free = 1444.81M  (encrypted),"[{""pid"":""10318"",""cpu_pct"":""15.1"",""rss_kib"":""309488"",""command"":""/Users/hozzy/Library/Application Support/ML-Experiments/progressive-diffusion-lm/m1-512/env/bin/python -m src.train --config configs/campaign/generated/progressive-s31415.json""}]"
2026-07-18T23:17:02.743675+00:00,running,34,vm.swapusage: total = 2048.00M  used = 603.19M  free = 1444.81M  (encrypted),"[{""pid"":""10318"",""cpu_pct"":""24.0"",""rss_kib"":""286144"",""command"":""/Users/hozzy/Library/Application Support/ML-Experiments/progressive-diffusion-lm/m1-512/env/bin/python -m src.train --config configs/campaign/generated/progressive-s31415.json""}]"
2026-07-18T23:18:02.818207+00:00,running,34,vm.swapusage: total = 2048.00M  used = 603.19M  free = 1444.81M  (encrypted),"[{""pid"":""10318"",""cpu_pct"":""17.3"",""rss_kib"":""289712"",""command"":""/Users/hozzy/Library/Application Support/ML-Experiments/progressive-diffusion-lm/m1-512/env/bin/python -m src.train --config configs/campaign/generated/progressive-s31415.json""}]"
2026-07-18T23:19:02.891952+00:00,running,34,vm.swapusage: total = 2048.00M  used = 603.19M  free = 1444.81M  (encrypted),"[{""pid"":""10318"",""cpu_pct"":""20.2"",""rss_kib"":""293264"",""command"":""/Users/hozzy/Library/Application Support/ML-Experiments/progressive-diffusion-lm/m1-512/env/bin/python -m src.train --config configs/campaign/generated/progressive-s31415.json""}]"
2026-07-18T23:20:02.969888+00:00,running,34,vm.swapusage: total = 2048.00M  used = 603.19M  free = 1444.81M  (encrypted),"[{""pid"":""10318"",""cpu_pct"":""25.0"",""rss_kib"":""296720"",""command"":""/Users/hozzy/Library/Application Support/ML-Experiments/progressive-diffusion-lm/m1-512/env/bin/python -m src.train --config configs/campaign/generated/progressive-s31415.json""}]"
2026-07-18T23:21:03.045779+00:00,running,34,vm.swapusage: total = 2048.00M  used = 603.19M  free = 1444.81M  (encrypted),"[{""pid"":""10318"",""cpu_pct"":""14.5"",""rss_kib"":""299200"",""command"":""/Users/hozzy/Library/Application Support/ML-Experiments/progressive-diffusion-lm/m1-512/env/bin/python -m src.train --config configs/campaign/generated/progressive-s31415.json""}]"
2026-07-18T23:22:03.124784+00:00,running,34,vm.swapusage: total = 2048.00M  used = 603.19M  free = 1444.81M  (encrypted),"[{""pid"":""10318"",""cpu_pct"":""19.2"",""rss_kib"":""302048"",""command"":""/Users/hozzy/Library/Application Support/ML-Experiments/progressive-diffusion-lm/m1-512/env/bin/python -m src.train --config configs/campaign/generated/progressive-s31415.json""}]"
2026-07-18T23:23:03.198711+00:00,running,34,vm.swapusage: total = 2048.00M  used = 603.19M  free = 1444.81M  (encrypted),"[{""pid"":""10318"",""cpu_pct"":""16.5"",""rss_kib"":""305152"",""command"":""/Users/hozzy/Library/Application Support/ML-Experiments/progressive-diffusion-lm/m1-512/env/bin/python -m src.train --config configs/campaign/generated/progressive-s31415.json""}]"
2026-07-18T23:24:03.273787+00:00,running,34,vm.swapusage: total = 2048.00M  used = 603.19M  free = 1444.81M  (encrypted),"[{""pid"":""10318"",""cpu_pct"":""20.3"",""rss_kib"":""302112"",""command"":""/Users/hozzy/Library/Application Support/ML-Experiments/progressive-diffusion-lm/m1-512/env/bin/python -m src.train --config configs/campaign/generated/progressive-s31415.json""}]"
2026-07-18T23:25:03.351431+00:00,running,34,vm.swapusage: total = 2048.00M  used = 603.19M  free = 1444.81M  (encrypted),"[{""pid"":""10318"",""cpu_pct"":""21.1"",""rss_kib"":""299728"",""command"":""/Users/hozzy/Library/Application Support/ML-Experiments/progressive-diffusion-lm/m1-512/env/bin/python -m src.train --config configs/campaign/generated/progressive-s31415.json""}]"
2026-07-18T23:26:03.432582+00:00,running,35,vm.swapusage: total = 2048.00M  used = 603.19M  free = 1444.81M  (encrypted),"[{""pid"":""10318"",""cpu_pct"":""14.2"",""rss_kib"":""302688"",""command"":""/Users/hozzy/Library/Application Support/ML-Experiments/progressive-diffusion-lm/m1-512/env/bin/python -m src.train --config configs/campaign/generated/progressive-s31415.json""}]"
2026-07-18T23:27:03.511419+00:00,running,35,vm.swapusage: total = 2048.00M  used = 603.19M  free = 1444.81M  (encrypted),"[{""pid"":""10318"",""cpu_pct"":""16.5"",""rss_kib"":""305152"",""command"":""/Users/hozzy/Library/Application Support/ML-Experiments/progressive-diffusion-lm/m1-512/env/bin/python -m src.train --config configs/campaign/generated/progressive-s31415.json""}]"
2026-07-18T23:28:03.590235+00:00,running,35,vm.swapusage: total = 2048.00M  used = 603.19M  free = 1444.81M  (encrypted),"[{""pid"":""10318"",""cpu_pct"":""15.0"",""rss_kib"":""307712"",""command"":""/Users/hozzy/Library/Application Support/ML-Experiments/progressive-diffusion-lm/m1-512/env/bin/python -m src.train --config configs/campaign/generated/progressive-s31415.json""}]"
2026-07-18T23:29:03.664346+00:00,running,35,vm.swapusage: total = 2048.00M  used = 603.19M  free = 1444.81M  (encrypted),"[{""pid"":""10318"",""cpu_pct"":""21.6"",""rss_kib"":""309472"",""command"":""/Users/hozzy/Library/Application Support/ML-Experiments/progressive-diffusion-lm/m1-512/env/bin/python -m src.train --config configs/campaign/generated/progressive-s31415.json""}]"
2026-07-18T23:30:03.737625+00:00,running,35,vm.swapusage: total = 2048.00M  used = 603.19M  free = 1444.81M  (encrypted),"[{""pid"":""10318"",""cpu_pct"":""16.7"",""rss_kib"":""311744"",""command"":""/Users/hozzy/Library/Application Support/ML-Experiments/progressive-diffusion-lm/m1-512/env/bin/python -m src.train --config configs/campaign/generated/progressive-s31415.json""}]"
2026-07-18T23:31:03.795206+00:00,running,35,vm.swapusage: total = 2048.00M  used = 603.19M  free = 1444.81M  (encrypted),"[{""pid"":""10318"",""cpu_pct"":""14.3"",""rss_kib"":""313728"",""command"":""/Users/hozzy/Library/Application Support/ML-Experiments/progressive-diffusion-lm/m1-512/env/bin/python -m src.train --config configs/campaign/generated/progressive-s31415.json""}]"
2026-07-18T23:32:03.869998+00:00,running,35,vm.swapusage: total = 2048.00M  used = 603.19M  free = 1444.81M  (encrypted),"[{""pid"":""10318"",""cpu_pct"":""19.0"",""rss_kib"":""310976"",""command"":""/Users/hozzy/Library/Application Support/ML-Experiments/progressive-diffusion-lm/m1-512/env/bin/python -m src.train --config configs/campaign/generated/progressive-s31415.json""}]"
2026-07-18T23:33:03.948130+00:00,running,42,vm.swapusage: total = 2048.00M  used = 603.19M  free = 1444.81M  (encrypted),"[{""pid"":""10318"",""cpu_pct"":""20.2"",""rss_kib"":""312736"",""command"":""/Users/hozzy/Library/Application Support/ML-Experiments/progressive-diffusion-lm/m1-512/env/bin/python -m src.train --config configs/campaign/generated/progressive-s31415.json""}]"
2026-07-18T23:34:04.023382+00:00,running,35,vm.swapusage: total = 2048.00M  used = 603.19M  free = 1444.81M  (encrypted),"[{""pid"":""10318"",""cpu_pct"":""20.5"",""rss_kib"":""314928"",""command"":""/Users/hozzy/Library/Application Support/ML-Experiments/progressive-diffusion-lm/m1-512/env/bin/python -m src.train --config configs/campaign/generated/progressive-s31415.json""}]"
2026-07-18T23:35:04.099994+00:00,running,35,vm.swapusage: total = 2048.00M  used = 603.19M  free = 1444.81M  (encrypted),"[{""pid"":""10318"",""cpu_pct"":""16.0"",""rss_kib"":""317472"",""command"":""/Users/hozzy/Library/Application Support/ML-Experiments/progressive-diffusion-lm/m1-512/env/bin/python -m src.train --config configs/campaign/generated/progressive-s31415.json""}]"
2026-07-18T23:36:04.177425+00:00,running,35,vm.swapusage: total = 2048.00M  used = 603.19M  free = 1444.81M  (encrypted),"[{""pid"":""10318"",""cpu_pct"":""14.7"",""rss_kib"":""319472"",""command"":""/Users/hozzy/Library/Application Support/ML-Experiments/progressive-diffusion-lm/m1-512/env/bin/python -m src.train --config configs/campaign/generated/progressive-s31415.json""}]"
2026-07-18T23:37:04.255136+00:00,running,42,vm.swapusage: total = 2048.00M  used = 603.19M  free = 1444.81M  (encrypted),"[{""pid"":""10318"",""cpu_pct"":""18.0"",""rss_kib"":""321296"",""command"":""/Users/hozzy/Library/Application Support/ML-Experiments/progressive-diffusion-lm/m1-512/env/bin/python -m src.train --config configs/campaign/generated/progressive-s31415.json""}]"
2026-07-18T23:38:04.332071+00:00,running,35,vm.swapusage: total = 2048.00M  used = 603.19M  free = 1444.81M  (encrypted),"[{""pid"":""10318"",""cpu_pct"":""18.6"",""rss_kib"":""322560"",""command"":""/Users/hozzy/Library/Application Support/ML-Experiments/progressive-diffusion-lm/m1-512/env/bin/python -m src.train --config configs/campaign/generated/progressive-s31415.json""}]"
2026-07-18T23:39:04.405406+00:00,running,35,vm.swapusage: total = 2048.00M  used = 603.19M  free = 1444.81M  (encrypted),"[{""pid"":""10318"",""cpu_pct"":""24.0"",""rss_kib"":""324320"",""command"":""/Users/hozzy/Library/Application Support/ML-Experiments/progressive-diffusion-lm/m1-512/env/bin/python -m src.train --config configs/campaign/generated/progressive-s31415.json""}]"
2026-07-18T23:40:04.481587+00:00,running,35,vm.swapusage: total = 2048.00M  used = 603.19M  free = 1444.81M  (encrypted),"[{""pid"":""10318"",""cpu_pct"":""15.8"",""rss_kib"":""325968"",""command"":""/Users/hozzy/Library/Application Support/ML-Experiments/progressive-diffusion-lm/m1-512/env/bin/python -m src.train --config configs/campaign/generated/progressive-s31415.json""}]"
2026-07-18T23:41:04.558324+00:00,running,35,vm.swapusage: total = 2048.00M  used = 603.19M  free = 1444.81M  (encrypted),"[{""pid"":""10318"",""cpu_pct"":""16.8"",""rss_kib"":""327360"",""command"":""/Users/hozzy/Library/Application Support/ML-Experiments/progressive-diffusion-lm/m1-512/env/bin/python -m src.train --config configs/campaign/generated/progressive-s31415.json""}]"
2026-07-18T23:42:04.636624+00:00,running,35,vm.swapusage: total = 2048.00M  used = 603.19M  free = 1444.81M  (encrypted),"[{""pid"":""10318"",""cpu_pct"":""24.8"",""rss_kib"":""310992"",""command"":""/Users/hozzy/Library/Application Support/ML-Experiments/progressive-diffusion-lm/m1-512/env/bin/python -m src.train --config configs/campaign/generated/progressive-s31415.json""}]"
2026-07-18T23:43:04.711529+00:00,running,35,vm.swapusage: total = 2048.00M  used = 603.19M  free = 1444.81M  (encrypted),"[{""pid"":""10318"",""cpu_pct"":""16.9"",""rss_kib"":""312240"",""command"":""/Users/hozzy/Library/Application Support/ML-Experiments/progressive-diffusion-lm/m1-512/env/bin/python -m src.train --config configs/campaign/generated/progressive-s31415.json""}]"
2026-07-18T23:44:04.787638+00:00,running,35,vm.swapusage: total = 2048.00M  used = 603.19M  free = 1444.81M  (encrypted),"[{""pid"":""10318"",""cpu_pct"":""20.5"",""rss_kib"":""313728"",""command"":""/Users/hozzy/Library/Application Support/ML-Experiments/progressive-diffusion-lm/m1-512/env/bin/python -m src.train --config configs/campaign/generated/progressive-s31415.json""}]"
2026-07-18T23:45:04.864147+00:00,running,35,vm.swapusage: total = 2048.00M  used = 603.19M  free = 1444.81M  (encrypted),"[{""pid"":""10318"",""cpu_pct"":""22.5"",""rss_kib"":""315024"",""command"":""/Users/hozzy/Library/Application Support/ML-Experiments/progressive-diffusion-lm/m1-512/env/bin/python -m src.train --config configs/campaign/generated/progressive-s31415.json""}]"
2026-07-18T23:46:04.940343+00:00,running,35,vm.swapusage: total = 2048.00M  used = 603.19M  free = 1444.81M  (encrypted),"[{""pid"":""10318"",""cpu_pct"":""15.6"",""rss_kib"":""315936"",""command"":""/Users/hozzy/Library/Application Support/ML-Experiments/progressive-diffusion-lm/m1-512/env/bin/python -m src.train --config configs/campaign/generated/progressive-s31415.json""}]"
2026-07-18T23:47:05.015555+00:00,running,35,vm.swapusage: total = 2048.00M  used = 603.19M  free = 1444.81M  (encrypted),"[{""pid"":""10318"",""cpu_pct"":""17.1"",""rss_kib"":""315136"",""command"":""/Users/hozzy/Library/Application Support/ML-Experiments/progressive-diffusion-lm/m1-512/env/bin/python -m src.train --config configs/campaign/generated/progressive-s31415.json""}]"
2026-07-18T23:48:05.093634+00:00,running,35,vm.swapusage: total = 2048.00M  used = 603.19M  free = 1444.81M  (encrypted),"[{""pid"":""10318"",""cpu_pct"":""21.2"",""rss_kib"":""316096"",""command"":""/Users/hozzy/Library/Application Support/ML-Experiments/progressive-diffusion-lm/m1-512/env/bin/python -m src.train --config configs/campaign/generated/progressive-s31415.json""}]"
2026-07-18T23:49:05.169543+00:00,running,35,vm.swapusage: total = 2048.00M  used = 603.19M  free = 1444.81M  (encrypted),"[{""pid"":""10318"",""cpu_pct"":""24.7"",""rss_kib"":""317184"",""command"":""/Users/hozzy/Library/Application Support/ML-Experiments/progressive-diffusion-lm/m1-512/env/bin/python -m src.train --config configs/campaign/generated/progressive-s31415.json""}]"
2026-07-18T23:50:05.243927+00:00,running,35,vm.swapusage: total = 2048.00M  used = 603.19M  free = 1444.81M  (encrypted),"[{""pid"":""10318"",""cpu_pct"":""21.9"",""rss_kib"":""318256"",""command"":""/Users/hozzy/Library/Application Support/ML-Experiments/progressive-diffusion-lm/m1-512/env/bin/python -m src.train --config configs/campaign/generated/progressive-s31415.json""}]"
2026-07-18T23:51:05.319196+00:00,running,35,vm.swapusage: total = 2048.00M  used = 603.19M  free = 1444.81M  (encrypted),"[{""pid"":""10318"",""cpu_pct"":""22.7"",""rss_kib"":""319440"",""command"":""/Users/hozzy/Library/Application Support/ML-Experiments/progressive-diffusion-lm/m1-512/env/bin/python -m src.train --config configs/campaign/generated/progressive-s31415.json""}]"
2026-07-18T23:52:05.396539+00:00,running,35,vm.swapusage: total = 2048.00M  used = 603.19M  free = 1444.81M  (encrypted),"[{""pid"":""10318"",""cpu_pct"":""22.7"",""rss_kib"":""320448"",""command"":""/Users/hozzy/Library/Application Support/ML-Experiments/progressive-diffusion-lm/m1-512/env/bin/python -m src.train --config configs/campaign/generated/progressive-s31415.json""}]"
2026-07-18T23:53:05.472186+00:00,running,35,vm.swapusage: total = 2048.00M  used = 603.19M  free = 1444.81M  (encrypted),"[{""pid"":""10318"",""cpu_pct"":""17.0"",""rss_kib"":""331280"",""command"":""/Users/hozzy/Library/Application Support/ML-Experiments/progressive-diffusion-lm/m1-512/env/bin/python -m src.train --config configs/campaign/generated/progressive-s31415.json""}]"
2026-07-18T23:54:05.575160+00:00,running,35,vm.swapusage: total = 2048.00M  used = 603.19M  free = 1444.81M  (encrypted),"[{""pid"":""10318"",""cpu_pct"":""23.9"",""rss_kib"":""331920"",""command"":""/Users/hozzy/Library/Application Support/ML-Experiments/progressive-diffusion-lm/m1-512/env/bin/python -m src.train --config configs/campaign/generated/progressive-s31415.json""}]"
2026-07-18T23:55:05.673796+00:00,running,35,vm.swapusage: total = 2048.00M  used = 603.19M  free = 1444.81M  (encrypted),"[{""pid"":""10318"",""cpu_pct"":""22.5"",""rss_kib"":""332672"",""command"":""/Users/hozzy/Library/Application Support/ML-Experiments/progressive-diffusion-lm/m1-512/env/bin/python -m src.train --config configs/campaign/generated/progressive-s31415.json""}]"
2026-07-18T23:56:05.750806+00:00,running,35,vm.swapusage: total = 2048.00M  used = 603.19M  free = 1444.81M  (encrypted),"[{""pid"":""10318"",""cpu_pct"":""15.0"",""rss_kib"":""333584"",""command"":""/Users/hozzy/Library/Application Support/ML-Experiments/progressive-diffusion-lm/m1-512/env/bin/python -m src.train --config configs/campaign/generated/progressive-s31415.json""}]"
2026-07-18T23:57:05.825648+00:00,running,35,vm.swapusage: total = 2048.00M  used = 603.19M  free = 1444.81M  (encrypted),"[{""pid"":""10318"",""cpu_pct"":""19.7"",""rss_kib"":""334320"",""command"":""/Users/hozzy/Library/Application Support/ML-Experiments/progressive-diffusion-lm/m1-512/env/bin/python -m src.train --config configs/campaign/generated/progressive-s31415.json""}]"
2026-07-18T23:58:05.903651+00:00,running,35,vm.swapusage: total = 2048.00M  used = 603.19M  free = 1444.81M  (encrypted),"[{""pid"":""10318"",""cpu_pct"":""24.5"",""rss_kib"":""334832"",""command"":""/Users/hozzy/Library/Application Support/ML-Experiments/progressive-diffusion-lm/m1-512/env/bin/python -m src.train --config configs/campaign/generated/progressive-s31415.json""}]"
2026-07-18T23:59:05.981169+00:00,running,35,vm.swapusage: total = 2048.00M  used = 603.19M  free = 1444.81M  (encrypted),"[{""pid"":""10318"",""cpu_pct"":""14.5"",""rss_kib"":""335472"",""command"":""/Users/hozzy/Library/Application Support/ML-Experiments/progressive-diffusion-lm/m1-512/env/bin/python -m src.train --config configs/campaign/generated/progressive-s31415.json""}]"
2026-07-19T00:00:06.057562+00:00,running,35,vm.swapusage: total = 2048.00M  used = 603.19M  free = 1444.81M  (encrypted),"[{""pid"":""10318"",""cpu_pct"":""18.8"",""rss_kib"":""336192"",""command"":""/Users/hozzy/Library/Application Support/ML-Experiments/progressive-diffusion-lm/m1-512/env/bin/python -m src.train --config configs/campaign/generated/progressive-s31415.json""}]"
2026-07-19T00:01:06.134814+00:00,running,35,vm.swapusage: total = 2048.00M  used = 603.19M  free = 1444.81M  (encrypted),"[{""pid"":""10318"",""cpu_pct"":""14.9"",""rss_kib"":""336832"",""command"":""/Users/hozzy/Library/Application Support/ML-Experiments/progressive-diffusion-lm/m1-512/env/bin/python -m src.train --config configs/campaign/generated/progressive-s31415.json""}]"
2026-07-19T00:02:06.212533+00:00,running,42,vm.swapusage: total = 2048.00M  used = 603.19M  free = 1444.81M  (encrypted),"[{""pid"":""10318"",""cpu_pct"":""17.8"",""rss_kib"":""337248"",""command"":""/Users/hozzy/Library/Application Support/ML-Experiments/progressive-diffusion-lm/m1-512/env/bin/python -m src.train --config configs/campaign/generated/progressive-s31415.json""}]"
2026-07-19T00:03:06.290826+00:00,running,35,vm.swapusage: total = 2048.00M  used = 603.19M  free = 1444.81M  (encrypted),"[{""pid"":""10318"",""cpu_pct"":""20.8"",""rss_kib"":""337712"",""command"":""/Users/hozzy/Library/Application Support/ML-Experiments/progressive-diffusion-lm/m1-512/env/bin/python -m src.train --config configs/campaign/generated/progressive-s31415.json""}]"
2026-07-19T00:04:06.368265+00:00,running,35,vm.swapusage: total = 2048.00M  used = 603.19M  free = 1444.81M  (encrypted),"[{""pid"":""10318"",""cpu_pct"":""20.1"",""rss_kib"":""338576"",""command"":""/Users/hozzy/Library/Application Support/ML-Experiments/progressive-diffusion-lm/m1-512/env/bin/python -m src.train --config configs/campaign/generated/progressive-s31415.json""}]"
2026-07-19T00:05:06.443320+00:00,running,35,vm.swapusage: total = 2048.00M  used = 603.19M  free = 1444.81M  (encrypted),"[{""pid"":""10318"",""cpu_pct"":""17.7"",""rss_kib"":""339104"",""command"":""/Users/hozzy/Library/Application Support/ML-Experiments/progressive-diffusion-lm/m1-512/env/bin/python -m src.train --config configs/campaign/generated/progressive-s31415.json""}]"
2026-07-19T00:06:06.519334+00:00,running,35,vm.swapusage: total = 2048.00M  used = 603.19M  free = 1444.81M  (encrypted),"[{""pid"":""10318"",""cpu_pct"":""18.9"",""rss_kib"":""339536"",""command"":""/Users/hozzy/Library/Application Support/ML-Experiments/progressive-diffusion-lm/m1-512/env/bin/python -m src.train --config configs/campaign/generated/progressive-s31415.json""}]"
2026-07-19T00:07:06.599307+00:00,running,35,vm.swapusage: total = 2048.00M  used = 603.19M  free = 1444.81M  (encrypted),"[{""pid"":""10318"",""cpu_pct"":""26.1"",""rss_kib"":""340048"",""command"":""/Users/hozzy/Library/Application Support/ML-Experiments/progressive-diffusion-lm/m1-512/env/bin/python -m src.train --config configs/campaign/generated/progressive-s31415.json""}]"
2026-07-19T00:08:06.675476+00:00,running,35,vm.swapusage: total = 2048.00M  used = 603.19M  free = 1444.81M  (encrypted),"[{""pid"":""10318"",""cpu_pct"":""16.3"",""rss_kib"":""340496"",""command"":""/Users/hozzy/Library/Application Support/ML-Experiments/progressive-diffusion-lm/m1-512/env/bin/python -m src.train --config configs/campaign/generated/progressive-s31415.json""}]"
2026-07-19T00:09:06.752056+00:00,running,35,vm.swapusage: total = 2048.00M  used = 603.19M  free = 1444.81M  (encrypted),"[{""pid"":""10318"",""cpu_pct"":""16.8"",""rss_kib"":""340880"",""command"":""/Users/hozzy/Library/Application Support/ML-Experiments/progressive-diffusion-lm/m1-512/env/bin/python -m src.train --config configs/campaign/generated/progressive-s31415.json""}]"
2026-07-19T00:10:06.831068+00:00,running,35,vm.swapusage: total = 2048.00M  used = 603.19M  free = 1444.81M  (encrypted),"[{""pid"":""10318"",""cpu_pct"":""19.3"",""rss_kib"":""339520"",""command"":""/Users/hozzy/Library/Application Support/ML-Experiments/progressive-diffusion-lm/m1-512/env/bin/python -m src.train --config configs/campaign/generated/progressive-s31415.json""}]"
2026-07-19T00:11:06.905065+00:00,running,35,vm.swapusage: total = 2048.00M  used = 603.19M  free = 1444.81M  (encrypted),"[{""pid"":""10318"",""cpu_pct"":""14.7"",""rss_kib"":""339888"",""command"":""/Users/hozzy/Library/Application Support/ML-Experiments/progressive-diffusion-lm/m1-512/env/bin/python -m src.train --config configs/campaign/generated/progressive-s31415.json""}]"
2026-07-19T00:12:06.985678+00:00,running,35,vm.swapusage: total = 2048.00M  used = 603.19M  free = 1444.81M  (encrypted),"[{""pid"":""10318"",""cpu_pct"":""26.2"",""rss_kib"":""337728"",""command"":""/Users/hozzy/Library/Application Support/ML-Experiments/progressive-diffusion-lm/m1-512/env/bin/python -m src.train --config configs/campaign/generated/progressive-s31415.json""}]"
2026-07-19T00:13:07.062149+00:00,running,35,vm.swapusage: total = 2048.00M  used = 603.19M  free = 1444.81M  (encrypted),"[{""pid"":""10318"",""cpu_pct"":""15.9"",""rss_kib"":""338080"",""command"":""/Users/hozzy/Library/Application Support/ML-Experiments/progressive-diffusion-lm/m1-512/env/bin/python -m src.train --config configs/campaign/generated/progressive-s31415.json""}]"
2026-07-19T00:14:07.137801+00:00,running,35,vm.swapusage: total = 2048.00M  used = 603.19M  free = 1444.81M  (encrypted),"[{""pid"":""10318"",""cpu_pct"":""17.8"",""rss_kib"":""338416"",""command"":""/Users/hozzy/Library/Application Support/ML-Experiments/progressive-diffusion-lm/m1-512/env/bin/python -m src.train --config configs/campaign/generated/progressive-s31415.json""}]"
2026-07-19T00:15:07.213585+00:00,running,35,vm.swapusage: total = 2048.00M  used = 603.19M  free = 1444.81M  (encrypted),"[{""pid"":""10318"",""cpu_pct"":""22.2"",""rss_kib"":""338688"",""command"":""/Users/hozzy/Library/Application Support/ML-Experiments/progressive-diffusion-lm/m1-512/env/bin/python -m src.train --config configs/campaign/generated/progressive-s31415.json""}]"
2026-07-19T00:16:07.289320+00:00,running,35,vm.swapusage: total = 2048.00M  used = 603.19M  free = 1444.81M  (encrypted),"[{""pid"":""10318"",""cpu_pct"":""15.1"",""rss_kib"":""339088"",""command"":""/Users/hozzy/Library/Application Support/ML-Experiments/progressive-diffusion-lm/m1-512/env/bin/python -m src.train --config configs/campaign/generated/progressive-s31415.json""}]"
2026-07-19T00:17:07.365731+00:00,running,35,vm.swapusage: total = 2048.00M  used = 603.19M  free = 1444.81M  (encrypted),"[{""pid"":""10318"",""cpu_pct"":""18.7"",""rss_kib"":""339408"",""command"":""/Users/hozzy/Library/Application Support/ML-Experiments/progressive-diffusion-lm/m1-512/env/bin/python -m src.train --config configs/campaign/generated/progressive-s31415.json""}]"
2026-07-19T00:18:07.438833+00:00,running,35,vm.swapusage: total = 2048.00M  used = 603.19M  free = 1444.81M  (encrypted),"[{""pid"":""10318"",""cpu_pct"":""18.1"",""rss_kib"":""339760"",""command"":""/Users/hozzy/Library/Application Support/ML-Experiments/progressive-diffusion-lm/m1-512/env/bin/python -m src.train --config configs/campaign/generated/progressive-s31415.json""}]"
2026-07-19T00:19:07.515645+00:00,running,36,vm.swapusage: total = 2048.00M  used = 603.19M  free = 1444.81M  (encrypted),"[{""pid"":""12244"",""cpu_pct"":""20.1"",""rss_kib"":""333264"",""command"":""/Users/hozzy/Library/Application Support/ML-Experiments/progressive-diffusion-lm/m1-512/env/bin/python -m src.train --config configs/campaign/generated/baseline-s27182.json""}]"
2026-07-19T00:20:07.596560+00:00,running,36,vm.swapusage: total = 2048.00M  used = 603.19M  free = 1444.81M  (encrypted),"[{""pid"":""12244"",""cpu_pct"":""14.2"",""rss_kib"":""333600"",""command"":""/Users/hozzy/Library/Application Support/ML-Experiments/progressive-diffusion-lm/m1-512/env/bin/python -m src.train --config configs/campaign/generated/baseline-s27182.json""}]"
2026-07-19T00:21:07.673260+00:00,running,36,vm.swapusage: total = 2048.00M  used = 603.19M  free = 1444.81M  (encrypted),"[{""pid"":""12244"",""cpu_pct"":""16.3"",""rss_kib"":""333808"",""command"":""/Users/hozzy/Library/Application Support/ML-Experiments/progressive-diffusion-lm/m1-512/env/bin/python -m src.train --config configs/campaign/generated/baseline-s27182.json""}]"
2026-07-19T00:22:07.751748+00:00,running,37,vm.swapusage: total = 2048.00M  used = 603.19M  free = 1444.81M  (encrypted),"[{""pid"":""12244"",""cpu_pct"":""15.3"",""rss_kib"":""334128"",""command"":""/Users/hozzy/Library/Application Support/ML-Experiments/progressive-diffusion-lm/m1-512/env/bin/python -m src.train --config configs/campaign/generated/baseline-s27182.json""}]"
2026-07-19T00:23:07.830174+00:00,running,37,vm.swapusage: total = 2048.00M  used = 603.19M  free = 1444.81M  (encrypted),"[{""pid"":""12244"",""cpu_pct"":""21.1"",""rss_kib"":""335968"",""command"":""/Users/hozzy/Library/Application Support/ML-Experiments/progressive-diffusion-lm/m1-512/env/bin/python -m src.train --config configs/campaign/generated/baseline-s27182.json""}]"
2026-07-19T00:24:07.903197+00:00,running,37,vm.swapusage: total = 2048.00M  used = 603.19M  free = 1444.81M  (encrypted),"[{""pid"":""12244"",""cpu_pct"":""13.5"",""rss_kib"":""336240"",""command"":""/Users/hozzy/Library/Application Support/ML-Experiments/progressive-diffusion-lm/m1-512/env/bin/python -m src.train --config configs/campaign/generated/baseline-s27182.json""}]"
2026-07-19T00:25:07.978739+00:00,running,37,vm.swapusage: total = 2048.00M  used = 603.19M  free = 1444.81M  (encrypted),"[{""pid"":""12244"",""cpu_pct"":""17.1"",""rss_kib"":""336528"",""command"":""/Users/hozzy/Library/Application Support/ML-Experiments/progressive-diffusion-lm/m1-512/env/bin/python -m src.train --config configs/campaign/generated/baseline-s27182.json""}]"
2026-07-19T00:26:08.055371+00:00,running,37,vm.swapusage: total = 2048.00M  used = 603.19M  free = 1444.81M  (encrypted),"[{""pid"":""12244"",""cpu_pct"":""18.8"",""rss_kib"":""336800"",""command"":""/Users/hozzy/Library/Application Support/ML-Experiments/progressive-diffusion-lm/m1-512/env/bin/python -m src.train --config configs/campaign/generated/baseline-s27182.json""}]"
2026-07-19T00:27:08.132254+00:00,running,37,vm.swapusage: total = 2048.00M  used = 603.19M  free = 1444.81M  (encrypted),"[{""pid"":""12244"",""cpu_pct"":""21.6"",""rss_kib"":""337072"",""command"":""/Users/hozzy/Library/Application Support/ML-Experiments/progressive-diffusion-lm/m1-512/env/bin/python -m src.train --config configs/campaign/generated/baseline-s27182.json""}]"
2026-07-19T00:28:08.210760+00:00,running,37,vm.swapusage: total = 2048.00M  used = 603.19M  free = 1444.81M  (encrypted),"[{""pid"":""12244"",""cpu_pct"":""18.9"",""rss_kib"":""337296"",""command"":""/Users/hozzy/Library/Application Support/ML-Experiments/progressive-diffusion-lm/m1-512/env/bin/python -m src.train --config configs/campaign/generated/baseline-s27182.json""}]"
2026-07-19T00:29:08.286070+00:00,running,37,vm.swapusage: total = 2048.00M  used = 603.19M  free = 1444.81M  (encrypted),"[{""pid"":""12244"",""cpu_pct"":""14.1"",""rss_kib"":""337616"",""command"":""/Users/hozzy/Library/Application Support/ML-Experiments/progressive-diffusion-lm/m1-512/env/bin/python -m src.train --config configs/campaign/generated/baseline-s27182.json""}]"
2026-07-19T00:30:08.364483+00:00,running,45,vm.swapusage: total = 2048.00M  used = 603.19M  free = 1444.81M  (encrypted),"[{""pid"":""12244"",""cpu_pct"":""8.4"",""rss_kib"":""337856"",""command"":""/Users/hozzy/Library/Application Support/ML-Experiments/progressive-diffusion-lm/m1-512/env/bin/python -m src.train --config configs/campaign/generated/baseline-s27182.json""}]"
2026-07-19T00:31:08.440635+00:00,running,37,vm.swapusage: total = 2048.00M  used = 603.19M  free = 1444.81M  (encrypted),"[{""pid"":""12244"",""cpu_pct"":""16.9"",""rss_kib"":""338240"",""command"":""/Users/hozzy/Library/Application Support/ML-Experiments/progressive-diffusion-lm/m1-512/env/bin/python -m src.train --config configs/campaign/generated/baseline-s27182.json""}]"
2026-07-19T00:32:08.517258+00:00,running,37,vm.swapusage: total = 2048.00M  used = 603.19M  free = 1444.81M  (encrypted),"[{""pid"":""12244"",""cpu_pct"":""18.0"",""rss_kib"":""338576"",""command"":""/Users/hozzy/Library/Application Support/ML-Experiments/progressive-diffusion-lm/m1-512/env/bin/python -m src.train --config configs/campaign/generated/baseline-s27182.json""}]"
2026-07-19T00:33:08.595588+00:00,running,37,vm.swapusage: total = 2048.00M  used = 603.19M  free = 1444.81M  (encrypted),"[{""pid"":""12244"",""cpu_pct"":""17.2"",""rss_kib"":""338896"",""command"":""/Users/hozzy/Library/Application Support/ML-Experiments/progressive-diffusion-lm/m1-512/env/bin/python -m src.train --config configs/campaign/generated/baseline-s27182.json""}]"
2026-07-19T00:34:08.672229+00:00,running,37,vm.swapusage: total = 2048.00M  used = 603.19M  free = 1444.81M  (encrypted),"[{""pid"":""12244"",""cpu_pct"":""19.0"",""rss_kib"":""339136"",""command"":""/Users/hozzy/Library/Application Support/ML-Experiments/progressive-diffusion-lm/m1-512/env/bin/python -m src.train --config configs/campaign/generated/baseline-s27182.json""}]"
2026-07-19T00:35:08.748170+00:00,running,37,vm.swapusage: total = 2048.00M  used = 603.19M  free = 1444.81M  (encrypted),"[{""pid"":""12244"",""cpu_pct"":""16.8"",""rss_kib"":""339376"",""command"":""/Users/hozzy/Library/Application Support/ML-Experiments/progressive-diffusion-lm/m1-512/env/bin/python -m src.train --config configs/campaign/generated/baseline-s27182.json""}]"
2026-07-19T00:36:08.825942+00:00,running,37,vm.swapusage: total = 2048.00M  used = 603.19M  free = 1444.81M  (encrypted),"[{""pid"":""12244"",""cpu_pct"":""15.3"",""rss_kib"":""339584"",""command"":""/Users/hozzy/Library/Application Support/ML-Experiments/progressive-diffusion-lm/m1-512/env/bin/python -m src.train --config configs/campaign/generated/baseline-s27182.json""}]"
2026-07-19T00:37:08.908422+00:00,running,37,vm.swapusage: total = 2048.00M  used = 603.19M  free = 1444.81M  (encrypted),"[{""pid"":""12244"",""cpu_pct"":""15.0"",""rss_kib"":""339856"",""command"":""/Users/hozzy/Library/Application Support/ML-Experiments/progressive-diffusion-lm/m1-512/env/bin/python -m src.train --config configs/campaign/generated/baseline-s27182.json""}]"
2026-07-19T00:38:08.986599+00:00,running,37,vm.swapusage: total = 2048.00M  used = 603.19M  free = 1444.81M  (encrypted),"[{""pid"":""12244"",""cpu_pct"":""15.4"",""rss_kib"":""340048"",""command"":""/Users/hozzy/Library/Application Support/ML-Experiments/progressive-diffusion-lm/m1-512/env/bin/python -m src.train --config configs/campaign/generated/baseline-s27182.json""}]"
2026-07-19T00:39:09.067577+00:00,running,37,vm.swapusage: total = 2048.00M  used = 603.19M  free = 1444.81M  (encrypted),"[{""pid"":""12244"",""cpu_pct"":""13.8"",""rss_kib"":""340288"",""command"":""/Users/hozzy/Library/Application Support/ML-Experiments/progressive-diffusion-lm/m1-512/env/bin/python -m src.train --config configs/campaign/generated/baseline-s27182.json""}]"
2026-07-19T00:40:09.149192+00:00,running,37,vm.swapusage: total = 2048.00M  used = 603.19M  free = 1444.81M  (encrypted),"[{""pid"":""12244"",""cpu_pct"":""15.2"",""rss_kib"":""340528"",""command"":""/Users/hozzy/Library/Application Support/ML-Experiments/progressive-diffusion-lm/m1-512/env/bin/python -m src.train --config configs/campaign/generated/baseline-s27182.json""}]"
2026-07-19T00:41:09.228023+00:00,running,37,vm.swapusage: total = 2048.00M  used = 603.19M  free = 1444.81M  (encrypted),"[{""pid"":""12244"",""cpu_pct"":""19.0"",""rss_kib"":""340768"",""command"":""/Users/hozzy/Library/Application Support/ML-Experiments/progressive-diffusion-lm/m1-512/env/bin/python -m src.train --config configs/campaign/generated/baseline-s27182.json""}]"
2026-07-19T00:42:09.304145+00:00,running,37,vm.swapusage: total = 2048.00M  used = 603.19M  free = 1444.81M  (encrypted),"[{""pid"":""12244"",""cpu_pct"":""14.0"",""rss_kib"":""341008"",""command"":""/Users/hozzy/Library/Application Support/ML-Experiments/progressive-diffusion-lm/m1-512/env/bin/python -m src.train --config configs/campaign/generated/baseline-s27182.json""}]"
2026-07-19T00:43:09.377342+00:00,running,37,vm.swapusage: total = 2048.00M  used = 603.19M  free = 1444.81M  (encrypted),"[{""pid"":""12244"",""cpu_pct"":""21.5"",""rss_kib"":""341232"",""command"":""/Users/hozzy/Library/Application Support/ML-Experiments/progressive-diffusion-lm/m1-512/env/bin/python -m src.train --config configs/campaign/generated/baseline-s27182.json""}]"
2026-07-19T00:44:09.443162+00:00,running,37,vm.swapusage: total = 2048.00M  used = 603.19M  free = 1444.81M  (encrypted),"[{""pid"":""12244"",""cpu_pct"":""22.2"",""rss_kib"":""341536"",""command"":""/Users/hozzy/Library/Application Support/ML-Experiments/progressive-diffusion-lm/m1-512/env/bin/python -m src.train --config configs/campaign/generated/baseline-s27182.json""}]"
2026-07-19T00:45:09.509424+00:00,running,45,vm.swapusage: total = 2048.00M  used = 603.19M  free = 1444.81M  (encrypted),"[{""pid"":""12244"",""cpu_pct"":""9.5"",""rss_kib"":""341776"",""command"":""/Users/hozzy/Library/Application Support/ML-Experiments/progressive-diffusion-lm/m1-512/env/bin/python -m src.train --config configs/campaign/generated/baseline-s27182.json""}]"
2026-07-19T00:46:09.586011+00:00,running,37,vm.swapusage: total = 2048.00M  used = 603.19M  free = 1444.81M  (encrypted),"[{""pid"":""12244"",""cpu_pct"":""20.6"",""rss_kib"":""342016"",""command"":""/Users/hozzy/Library/Application Support/ML-Experiments/progressive-diffusion-lm/m1-512/env/bin/python -m src.train --config configs/campaign/generated/baseline-s27182.json""}]"
2026-07-19T00:47:09.662739+00:00,running,37,vm.swapusage: total = 2048.00M  used = 603.19M  free = 1444.81M  (encrypted),"[{""pid"":""12244"",""cpu_pct"":""18.9"",""rss_kib"":""342304"",""command"":""/Users/hozzy/Library/Application Support/ML-Experiments/progressive-diffusion-lm/m1-512/env/bin/python -m src.train --config configs/campaign/generated/baseline-s27182.json""}]"
2026-07-19T00:48:09.738578+00:00,running,37,vm.swapusage: total = 2048.00M  used = 603.19M  free = 1444.81M  (encrypted),"[{""pid"":""12244"",""cpu_pct"":""19.6"",""rss_kib"":""342592"",""command"":""/Users/hozzy/Library/Application Support/ML-Experiments/progressive-diffusion-lm/m1-512/env/bin/python -m src.train --config configs/campaign/generated/baseline-s27182.json""}]"
2026-07-19T00:49:09.812266+00:00,running,37,vm.swapusage: total = 2048.00M  used = 603.19M  free = 1444.81M  (encrypted),"[{""pid"":""12244"",""cpu_pct"":""22.0"",""rss_kib"":""342800"",""command"":""/Users/hozzy/Library/Application Support/ML-Experiments/progressive-diffusion-lm/m1-512/env/bin/python -m src.train --config configs/campaign/generated/baseline-s27182.json""}]"
2026-07-19T00:50:09.887626+00:00,running,37,vm.swapusage: total = 2048.00M  used = 603.19M  free = 1444.81M  (encrypted),"[{""pid"":""12244"",""cpu_pct"":""22.0"",""rss_kib"":""343072"",""command"":""/Users/hozzy/Library/Application Support/ML-Experiments/progressive-diffusion-lm/m1-512/env/bin/python -m src.train --config configs/campaign/generated/baseline-s27182.json""}]"
2026-07-19T00:51:09.964144+00:00,running,37,vm.swapusage: total = 2048.00M  used = 603.19M  free = 1444.81M  (encrypted),"[{""pid"":""12244"",""cpu_pct"":""17.1"",""rss_kib"":""343328"",""command"":""/Users/hozzy/Library/Application Support/ML-Experiments/progressive-diffusion-lm/m1-512/env/bin/python -m src.train --config configs/campaign/generated/baseline-s27182.json""}]"
2026-07-19T00:52:10.039139+00:00,running,37,vm.swapusage: total = 2048.00M  used = 603.19M  free = 1444.81M  (encrypted),"[{""pid"":""12244"",""cpu_pct"":""19.1"",""rss_kib"":""343696"",""command"":""/Users/hozzy/Library/Application Support/ML-Experiments/progressive-diffusion-lm/m1-512/env/bin/python -m src.train --config configs/campaign/generated/baseline-s27182.json""}]"
2026-07-19T00:53:10.115975+00:00,running,37,vm.swapusage: total = 2048.00M  used = 603.19M  free = 1444.81M  (encrypted),"[{""pid"":""12244"",""cpu_pct"":""17.8"",""rss_kib"":""343888"",""command"":""/Users/hozzy/Library/Application Support/ML-Experiments/progressive-diffusion-lm/m1-512/env/bin/python -m src.train --config configs/campaign/generated/baseline-s27182.json""}]"
2026-07-19T00:54:10.192457+00:00,running,37,vm.swapusage: total = 2048.00M  used = 603.19M  free = 1444.81M  (encrypted),"[{""pid"":""12244"",""cpu_pct"":""17.9"",""rss_kib"":""344192"",""command"":""/Users/hozzy/Library/Application Support/ML-Experiments/progressive-diffusion-lm/m1-512/env/bin/python -m src.train --config configs/campaign/generated/baseline-s27182.json""}]"
2026-07-19T00:55:10.268076+00:00,running,37,vm.swapusage: total = 2048.00M  used = 603.19M  free = 1444.81M  (encrypted),"[{""pid"":""12244"",""cpu_pct"":""18.6"",""rss_kib"":""344464"",""command"":""/Users/hozzy/Library/Application Support/ML-Experiments/progressive-diffusion-lm/m1-512/env/bin/python -m src.train --config configs/campaign/generated/baseline-s27182.json""}]"
2026-07-19T00:56:10.349542+00:00,running,37,vm.swapusage: total = 2048.00M  used = 603.19M  free = 1444.81M  (encrypted),"[{""pid"":""12244"",""cpu_pct"":""19.8"",""rss_kib"":""344800"",""command"":""/Users/hozzy/Library/Application Support/ML-Experiments/progressive-diffusion-lm/m1-512/env/bin/python -m src.train --config configs/campaign/generated/baseline-s27182.json""}]"
2026-07-19T00:57:10.429408+00:00,running,37,vm.swapusage: total = 2048.00M  used = 603.19M  free = 1444.81M  (encrypted),"[{""pid"":""12244"",""cpu_pct"":""15.4"",""rss_kib"":""345072"",""command"":""/Users/hozzy/Library/Application Support/ML-Experiments/progressive-diffusion-lm/m1-512/env/bin/python -m src.train --config configs/campaign/generated/baseline-s27182.json""}]"
2026-07-19T00:58:10.508715+00:00,running,37,vm.swapusage: total = 2048.00M  used = 603.19M  free = 1444.81M  (encrypted),"[{""pid"":""12244"",""cpu_pct"":""15.8"",""rss_kib"":""345584"",""command"":""/Users/hozzy/Library/Application Support/ML-Experiments/progressive-diffusion-lm/m1-512/env/bin/python -m src.train --config configs/campaign/generated/baseline-s27182.json""}]"
2026-07-19T00:59:10.586985+00:00,running,37,vm.swapusage: total = 2048.00M  used = 603.19M  free = 1444.81M  (encrypted),"[{""pid"":""12244"",""cpu_pct"":""17.6"",""rss_kib"":""345984"",""command"":""/Users/hozzy/Library/Application Support/ML-Experiments/progressive-diffusion-lm/m1-512/env/bin/python -m src.train --config configs/campaign/generated/baseline-s27182.json""}]"
2026-07-19T01:00:10.665604+00:00,running,44,vm.swapusage: total = 2048.00M  used = 603.19M  free = 1444.81M  (encrypted),"[{""pid"":""12244"",""cpu_pct"":""8.6"",""rss_kib"":""346256"",""command"":""/Users/hozzy/Library/Application Support/ML-Experiments/progressive-diffusion-lm/m1-512/env/bin/python -m src.train --config configs/campaign/generated/baseline-s27182.json""}]"
2026-07-19T01:01:10.742879+00:00,running,36,vm.swapusage: total = 2048.00M  used = 603.19M  free = 1444.81M  (encrypted),"[{""pid"":""12244"",""cpu_pct"":""15.5"",""rss_kib"":""346592"",""command"":""/Users/hozzy/Library/Application Support/ML-Experiments/progressive-diffusion-lm/m1-512/env/bin/python -m src.train --config configs/campaign/generated/baseline-s27182.json""}]"
2026-07-19T01:02:10.823227+00:00,running,37,vm.swapusage: total = 2048.00M  used = 603.19M  free = 1444.81M  (encrypted),"[{""pid"":""12244"",""cpu_pct"":""22.2"",""rss_kib"":""346864"",""command"":""/Users/hozzy/Library/Application Support/ML-Experiments/progressive-diffusion-lm/m1-512/env/bin/python -m src.train --config configs/campaign/generated/baseline-s27182.json""}]"
2026-07-19T01:03:10.902151+00:00,running,37,vm.swapusage: total = 2048.00M  used = 603.19M  free = 1444.81M  (encrypted),"[{""pid"":""12244"",""cpu_pct"":""19.1"",""rss_kib"":""347104"",""command"":""/Users/hozzy/Library/Application Support/ML-Experiments/progressive-diffusion-lm/m1-512/env/bin/python -m src.train --config configs/campaign/generated/baseline-s27182.json""}]"
2026-07-19T01:04:10.980577+00:00,running,37,vm.swapusage: total = 2048.00M  used = 603.19M  free = 1444.81M  (encrypted),"[{""pid"":""12244"",""cpu_pct"":""16.7"",""rss_kib"":""347344"",""command"":""/Users/hozzy/Library/Application Support/ML-Experiments/progressive-diffusion-lm/m1-512/env/bin/python -m src.train --config configs/campaign/generated/baseline-s27182.json""}]"
2026-07-19T01:05:11.057975+00:00,running,37,vm.swapusage: total = 2048.00M  used = 603.19M  free = 1444.81M  (encrypted),"[{""pid"":""12244"",""cpu_pct"":""16.5"",""rss_kib"":""347632"",""command"":""/Users/hozzy/Library/Application Support/ML-Experiments/progressive-diffusion-lm/m1-512/env/bin/python -m src.train --config configs/campaign/generated/baseline-s27182.json""}]"
2026-07-19T01:06:11.137813+00:00,running,37,vm.swapusage: total = 2048.00M  used = 603.19M  free = 1444.81M  (encrypted),"[{""pid"":""12244"",""cpu_pct"":""15.8"",""rss_kib"":""347856"",""command"":""/Users/hozzy/Library/Application Support/ML-Experiments/progressive-diffusion-lm/m1-512/env/bin/python -m src.train --config configs/campaign/generated/baseline-s27182.json""}]"
2026-07-19T01:07:11.214794+00:00,running,37,vm.swapusage: total = 2048.00M  used = 603.19M  free = 1444.81M  (encrypted),"[{""pid"":""12244"",""cpu_pct"":""19.4"",""rss_kib"":""348112"",""command"":""/Users/hozzy/Library/Application Support/ML-Experiments/progressive-diffusion-lm/m1-512/env/bin/python -m src.train --config configs/campaign/generated/baseline-s27182.json""}]"
2026-07-19T01:08:11.288706+00:00,running,37,vm.swapusage: total = 2048.00M  used = 603.19M  free = 1444.81M  (encrypted),"[{""pid"":""12244"",""cpu_pct"":""15.7"",""rss_kib"":""348368"",""command"":""/Users/hozzy/Library/Application Support/ML-Experiments/progressive-diffusion-lm/m1-512/env/bin/python -m src.train --config configs/campaign/generated/baseline-s27182.json""}]"
2026-07-19T01:09:11.374038+00:00,running,37,vm.swapusage: total = 2048.00M  used = 603.19M  free = 1444.81M  (encrypted),"[{""pid"":""12244"",""cpu_pct"":""15.4"",""rss_kib"":""348608"",""command"":""/Users/hozzy/Library/Application Support/ML-Experiments/progressive-diffusion-lm/m1-512/env/bin/python -m src.train --config configs/campaign/generated/baseline-s27182.json""}]"
2026-07-19T01:10:11.452051+00:00,running,37,vm.swapusage: total = 2048.00M  used = 603.19M  free = 1444.81M  (encrypted),"[{""pid"":""12244"",""cpu_pct"":""15.8"",""rss_kib"":""343568"",""command"":""/Users/hozzy/Library/Application Support/ML-Experiments/progressive-diffusion-lm/m1-512/env/bin/python -m src.train --config configs/campaign/generated/baseline-s27182.json""}]"
2026-07-19T01:11:11.528814+00:00,running,36,vm.swapusage: total = 2048.00M  used = 603.19M  free = 1444.81M  (encrypted),"[{""pid"":""12244"",""cpu_pct"":""14.7"",""rss_kib"":""338000"",""command"":""/Users/hozzy/Library/Application Support/ML-Experiments/progressive-diffusion-lm/m1-512/env/bin/python -m src.train --config configs/campaign/generated/baseline-s27182.json""}]"
2026-07-19T01:12:11.605328+00:00,running,37,vm.swapusage: total = 2048.00M  used = 603.19M  free = 1444.81M  (encrypted),"[{""pid"":""12244"",""cpu_pct"":""19.4"",""rss_kib"":""338528"",""command"":""/Users/hozzy/Library/Application Support/ML-Experiments/progressive-diffusion-lm/m1-512/env/bin/python -m src.train --config configs/campaign/generated/baseline-s27182.json""}]"
2026-07-19T01:13:11.681398+00:00,running,37,vm.swapusage: total = 2048.00M  used = 603.19M  free = 1444.81M  (encrypted),"[{""pid"":""12244"",""cpu_pct"":""17.5"",""rss_kib"":""339216"",""command"":""/Users/hozzy/Library/Application Support/ML-Experiments/progressive-diffusion-lm/m1-512/env/bin/python -m src.train --config configs/campaign/generated/baseline-s27182.json""}]"
2026-07-19T01:14:11.756075+00:00,running,36,vm.swapusage: total = 2048.00M  used = 603.19M  free = 1444.81M  (encrypted),"[{""pid"":""12244"",""cpu_pct"":""17.3"",""rss_kib"":""340048"",""command"":""/Users/hozzy/Library/Application Support/ML-Experiments/progressive-diffusion-lm/m1-512/env/bin/python -m src.train --config configs/campaign/generated/baseline-s27182.json""}]"
2026-07-19T01:15:11.849685+00:00,running,44,vm.swapusage: total = 2048.00M  used = 603.19M  free = 1444.81M  (encrypted),"[{""pid"":""12244"",""cpu_pct"":""8.2"",""rss_kib"":""340656"",""command"":""/Users/hozzy/Library/Application Support/ML-Experiments/progressive-diffusion-lm/m1-512/env/bin/python -m src.train --config configs/campaign/generated/baseline-s27182.json""}]"
2026-07-19T01:16:11.928763+00:00,running,36,vm.swapusage: total = 2048.00M  used = 603.19M  free = 1444.81M  (encrypted),"[{""pid"":""12244"",""cpu_pct"":""14.2"",""rss_kib"":""339312"",""command"":""/Users/hozzy/Library/Application Support/ML-Experiments/progressive-diffusion-lm/m1-512/env/bin/python -m src.train --config configs/campaign/generated/baseline-s27182.json""}]"
2026-07-19T01:17:12.008432+00:00,running,37,vm.swapusage: total = 2048.00M  used = 603.19M  free = 1444.81M  (encrypted),"[{""pid"":""12244"",""cpu_pct"":""15.7"",""rss_kib"":""339968"",""command"":""/Users/hozzy/Library/Application Support/ML-Experiments/progressive-diffusion-lm/m1-512/env/bin/python -m src.train --config configs/campaign/generated/baseline-s27182.json""}]"
2026-07-19T01:18:12.087603+00:00,running,37,vm.swapusage: total = 2048.00M  used = 603.19M  free = 1444.81M  (encrypted),"[{""pid"":""12244"",""cpu_pct"":""16.0"",""rss_kib"":""340752"",""command"":""/Users/hozzy/Library/Application Support/ML-Experiments/progressive-diffusion-lm/m1-512/env/bin/python -m src.train --config configs/campaign/generated/baseline-s27182.json""}]"
2026-07-19T01:19:12.163850+00:00,running,37,vm.swapusage: total = 2048.00M  used = 603.19M  free = 1444.81M  (encrypted),"[{""pid"":""12244"",""cpu_pct"":""19.5"",""rss_kib"":""341232"",""command"":""/Users/hozzy/Library/Application Support/ML-Experiments/progressive-diffusion-lm/m1-512/env/bin/python -m src.train --config configs/campaign/generated/baseline-s27182.json""}]"
2026-07-19T01:20:12.240586+00:00,running,36,vm.swapusage: total = 2048.00M  used = 603.19M  free = 1444.81M  (encrypted),"[{""pid"":""12244"",""cpu_pct"":""20.6"",""rss_kib"":""334576"",""command"":""/Users/hozzy/Library/Application Support/ML-Experiments/progressive-diffusion-lm/m1-512/env/bin/python -m src.train --config configs/campaign/generated/baseline-s27182.json""}]"
2026-07-19T01:21:12.320017+00:00,running,36,vm.swapusage: total = 2048.00M  used = 603.19M  free = 1444.81M  (encrypted),"[{""pid"":""12244"",""cpu_pct"":""17.2"",""rss_kib"":""335200"",""command"":""/Users/hozzy/Library/Application Support/ML-Experiments/progressive-diffusion-lm/m1-512/env/bin/python -m src.train --config configs/campaign/generated/baseline-s27182.json""}]"
2026-07-19T01:22:12.394917+00:00,running,37,vm.swapusage: total = 2048.00M  used = 603.19M  free = 1444.81M  (encrypted),"[{""pid"":""12244"",""cpu_pct"":""18.4"",""rss_kib"":""336032"",""command"":""/Users/hozzy/Library/Application Support/ML-Experiments/progressive-diffusion-lm/m1-512/env/bin/python -m src.train --config configs/campaign/generated/baseline-s27182.json""}]"
2026-07-19T01:23:12.474770+00:00,running,36,vm.swapusage: total = 2048.00M  used = 603.19M  free = 1444.81M  (encrypted),"[{""pid"":""12244"",""cpu_pct"":""17.3"",""rss_kib"":""336656"",""command"":""/Users/hozzy/Library/Application Support/ML-Experiments/progressive-diffusion-lm/m1-512/env/bin/python -m src.train --config configs/campaign/generated/baseline-s27182.json""}]"
2026-07-19T01:24:12.551424+00:00,running,37,vm.swapusage: total = 2048.00M  used = 603.19M  free = 1444.81M  (encrypted),"[{""pid"":""12244"",""cpu_pct"":""22.4"",""rss_kib"":""337520"",""command"":""/Users/hozzy/Library/Application Support/ML-Experiments/progressive-diffusion-lm/m1-512/env/bin/python -m src.train --config configs/campaign/generated/baseline-s27182.json""}]"
2026-07-19T01:25:12.626888+00:00,running,37,vm.swapusage: total = 2048.00M  used = 603.19M  free = 1444.81M  (encrypted),"[{""pid"":""12244"",""cpu_pct"":""17.3"",""rss_kib"":""338160"",""command"":""/Users/hozzy/Library/Application Support/ML-Experiments/progressive-diffusion-lm/m1-512/env/bin/python -m src.train --config configs/campaign/generated/baseline-s27182.json""}]"
2026-07-19T01:26:12.702589+00:00,running,37,vm.swapusage: total = 2048.00M  used = 603.19M  free = 1444.81M  (encrypted),"[{""pid"":""12244"",""cpu_pct"":""15.6"",""rss_kib"":""338864"",""command"":""/Users/hozzy/Library/Application Support/ML-Experiments/progressive-diffusion-lm/m1-512/env/bin/python -m src.train --config configs/campaign/generated/baseline-s27182.json""}]"
2026-07-19T01:27:12.777921+00:00,running,37,vm.swapusage: total = 2048.00M  used = 603.19M  free = 1444.81M  (encrypted),"[{""pid"":""12244"",""cpu_pct"":""19.0"",""rss_kib"":""339440"",""command"":""/Users/hozzy/Library/Application Support/ML-Experiments/progressive-diffusion-lm/m1-512/env/bin/python -m src.train --config configs/campaign/generated/baseline-s27182.json""}]"
2026-07-19T01:28:12.856117+00:00,running,37,vm.swapusage: total = 2048.00M  used = 603.19M  free = 1444.81M  (encrypted),"[{""pid"":""12244"",""cpu_pct"":""22.3"",""rss_kib"":""339936"",""command"":""/Users/hozzy/Library/Application Support/ML-Experiments/progressive-diffusion-lm/m1-512/env/bin/python -m src.train --config configs/campaign/generated/baseline-s27182.json""}]"
2026-07-19T01:29:12.931747+00:00,running,37,vm.swapusage: total = 2048.00M  used = 603.19M  free = 1444.81M  (encrypted),"[{""pid"":""12244"",""cpu_pct"":""21.8"",""rss_kib"":""340464"",""command"":""/Users/hozzy/Library/Application Support/ML-Experiments/progressive-diffusion-lm/m1-512/env/bin/python -m src.train --config configs/campaign/generated/baseline-s27182.json""}]"
2026-07-19T01:30:13.009692+00:00,running,44,vm.swapusage: total = 2048.00M  used = 603.19M  free = 1444.81M  (encrypted),"[{""pid"":""12244"",""cpu_pct"":""10.0"",""rss_kib"":""341008"",""command"":""/Users/hozzy/Library/Application Support/ML-Experiments/progressive-diffusion-lm/m1-512/env/bin/python -m src.train --config configs/campaign/generated/baseline-s27182.json""}]"
2026-07-19T01:31:13.084877+00:00,running,37,vm.swapusage: total = 2048.00M  used = 603.19M  free = 1444.81M  (encrypted),"[{""pid"":""12244"",""cpu_pct"":""18.8"",""rss_kib"":""341504"",""command"":""/Users/hozzy/Library/Application Support/ML-Experiments/progressive-diffusion-lm/m1-512/env/bin/python -m src.train --config configs/campaign/generated/baseline-s27182.json""}]"
2026-07-19T01:32:13.162010+00:00,running,37,vm.swapusage: total = 2048.00M  used = 603.19M  free = 1444.81M  (encrypted),"[{""pid"":""12244"",""cpu_pct"":""18.7"",""rss_kib"":""342016"",""command"":""/Users/hozzy/Library/Application Support/ML-Experiments/progressive-diffusion-lm/m1-512/env/bin/python -m src.train --config configs/campaign/generated/baseline-s27182.json""}]"
2026-07-19T01:33:13.240124+00:00,running,37,vm.swapusage: total = 2048.00M  used = 603.19M  free = 1444.81M  (encrypted),"[{""pid"":""12244"",""cpu_pct"":""21.0"",""rss_kib"":""342528"",""command"":""/Users/hozzy/Library/Application Support/ML-Experiments/progressive-diffusion-lm/m1-512/env/bin/python -m src.train --config configs/campaign/generated/baseline-s27182.json""}]"
2026-07-19T01:34:13.319248+00:00,running,36,vm.swapusage: total = 2048.00M  used = 603.19M  free = 1444.81M  (encrypted),"[{""pid"":""13965"",""cpu_pct"":""19.6"",""rss_kib"":""334032"",""command"":""/Users/hozzy/Library/Application Support/ML-Experiments/progressive-diffusion-lm/m1-512/env/bin/python -m src.train --config configs/campaign/generated/const-1bit-s27182.json""}]"
2026-07-19T01:35:13.395489+00:00,running,36,vm.swapusage: total = 2048.00M  used = 603.19M  free = 1444.81M  (encrypted),"[{""pid"":""13965"",""cpu_pct"":""16.3"",""rss_kib"":""334288"",""command"":""/Users/hozzy/Library/Application Support/ML-Experiments/progressive-diffusion-lm/m1-512/env/bin/python -m src.train --config configs/campaign/generated/const-1bit-s27182.json""}]"
2026-07-19T01:36:13.475796+00:00,running,36,vm.swapusage: total = 2048.00M  used = 603.19M  free = 1444.81M  (encrypted),"[{""pid"":""13965"",""cpu_pct"":""16.8"",""rss_kib"":""334544"",""command"":""/Users/hozzy/Library/Application Support/ML-Experiments/progressive-diffusion-lm/m1-512/env/bin/python -m src.train --config configs/campaign/generated/const-1bit-s27182.json""}]"
2026-07-19T01:37:13.554427+00:00,running,36,vm.swapusage: total = 2048.00M  used = 603.19M  free = 1444.81M  (encrypted),"[{""pid"":""13965"",""cpu_pct"":""21.6"",""rss_kib"":""334816"",""command"":""/Users/hozzy/Library/Application Support/ML-Experiments/progressive-diffusion-lm/m1-512/env/bin/python -m src.train --config configs/campaign/generated/const-1bit-s27182.json""}]"
2026-07-19T01:38:13.632229+00:00,running,35,vm.swapusage: total = 2048.00M  used = 603.19M  free = 1444.81M  (encrypted),"[{""pid"":""13965"",""cpu_pct"":""18.4"",""rss_kib"":""336576"",""command"":""/Users/hozzy/Library/Application Support/ML-Experiments/progressive-diffusion-lm/m1-512/env/bin/python -m src.train --config configs/campaign/generated/const-1bit-s27182.json""}]"
2026-07-19T01:39:13.709975+00:00,running,33,vm.swapusage: total = 2048.00M  used = 603.19M  free = 1444.81M  (encrypted),"[{""pid"":""13965"",""cpu_pct"":""19.1"",""rss_kib"":""129344"",""command"":""/Users/hozzy/Library/Application Support/ML-Experiments/progressive-diffusion-lm/m1-512/env/bin/python -m src.train --config configs/campaign/generated/const-1bit-s27182.json""}]"
2026-07-19T01:40:13.786365+00:00,running,34,vm.swapusage: total = 2048.00M  used = 603.19M  free = 1444.81M  (encrypted),"[{""pid"":""13965"",""cpu_pct"":""16.8"",""rss_kib"":""141936"",""command"":""/Users/hozzy/Library/Application Support/ML-Experiments/progressive-diffusion-lm/m1-512/env/bin/python -m src.train --config configs/campaign/generated/const-1bit-s27182.json""}]"
2026-07-19T01:41:13.866921+00:00,running,33,vm.swapusage: total = 2048.00M  used = 603.19M  free = 1444.81M  (encrypted),"[{""pid"":""13965"",""cpu_pct"":""17.9"",""rss_kib"":""154176"",""command"":""/Users/hozzy/Library/Application Support/ML-Experiments/progressive-diffusion-lm/m1-512/env/bin/python -m src.train --config configs/campaign/generated/const-1bit-s27182.json""}]"
2026-07-19T01:42:13.942646+00:00,running,33,vm.swapusage: total = 2048.00M  used = 603.19M  free = 1444.81M  (encrypted),"[{""pid"":""13965"",""cpu_pct"":""18.5"",""rss_kib"":""165984"",""command"":""/Users/hozzy/Library/Application Support/ML-Experiments/progressive-diffusion-lm/m1-512/env/bin/python -m src.train --config configs/campaign/generated/const-1bit-s27182.json""}]"
2026-07-19T01:43:14.017881+00:00,running,33,vm.swapusage: total = 2048.00M  used = 603.19M  free = 1444.81M  (encrypted),"[{""pid"":""13965"",""cpu_pct"":""14.5"",""rss_kib"":""176304"",""command"":""/Users/hozzy/Library/Application Support/ML-Experiments/progressive-diffusion-lm/m1-512/env/bin/python -m src.train --config configs/campaign/generated/const-1bit-s27182.json""}]"
2026-07-19T01:44:14.093056+00:00,running,34,vm.swapusage: total = 2048.00M  used = 603.19M  free = 1444.81M  (encrypted),"[{""pid"":""13965"",""cpu_pct"":""18.8"",""rss_kib"":""186048"",""command"":""/Users/hozzy/Library/Application Support/ML-Experiments/progressive-diffusion-lm/m1-512/env/bin/python -m src.train --config configs/campaign/generated/const-1bit-s27182.json""}]"
2026-07-19T01:45:14.169292+00:00,running,34,vm.swapusage: total = 2048.00M  used = 603.19M  free = 1444.81M  (encrypted),"[{""pid"":""13965"",""cpu_pct"":""21.4"",""rss_kib"":""194864"",""command"":""/Users/hozzy/Library/Application Support/ML-Experiments/progressive-diffusion-lm/m1-512/env/bin/python -m src.train --config configs/campaign/generated/const-1bit-s27182.json""}]"
2026-07-19T01:46:14.242958+00:00,running,34,vm.swapusage: total = 2048.00M  used = 603.19M  free = 1444.81M  (encrypted),"[{""pid"":""13965"",""cpu_pct"":""16.8"",""rss_kib"":""202976"",""command"":""/Users/hozzy/Library/Application Support/ML-Experiments/progressive-diffusion-lm/m1-512/env/bin/python -m src.train --config configs/campaign/generated/const-1bit-s27182.json""}]"
2026-07-19T01:47:14.318307+00:00,running,34,vm.swapusage: total = 2048.00M  used = 603.19M  free = 1444.81M  (encrypted),"[{""pid"":""13965"",""cpu_pct"":""21.9"",""rss_kib"":""210896"",""command"":""/Users/hozzy/Library/Application Support/ML-Experiments/progressive-diffusion-lm/m1-512/env/bin/python -m src.train --config configs/campaign/generated/const-1bit-s27182.json""}]"
2026-07-19T01:48:14.397358+00:00,running,34,vm.swapusage: total = 2048.00M  used = 603.19M  free = 1444.81M  (encrypted),"[{""pid"":""13965"",""cpu_pct"":""16.5"",""rss_kib"":""218656"",""command"":""/Users/hozzy/Library/Application Support/ML-Experiments/progressive-diffusion-lm/m1-512/env/bin/python -m src.train --config configs/campaign/generated/const-1bit-s27182.json""}]"
2026-07-19T01:49:14.472075+00:00,running,34,vm.swapusage: total = 2048.00M  used = 603.19M  free = 1444.81M  (encrypted),"[{""pid"":""13965"",""cpu_pct"":""15.0"",""rss_kib"":""225616"",""command"":""/Users/hozzy/Library/Application Support/ML-Experiments/progressive-diffusion-lm/m1-512/env/bin/python -m src.train --config configs/campaign/generated/const-1bit-s27182.json""}]"
2026-07-19T01:50:14.549602+00:00,running,34,vm.swapusage: total = 2048.00M  used = 603.19M  free = 1444.81M  (encrypted),"[{""pid"":""13965"",""cpu_pct"":""14.0"",""rss_kib"":""231088"",""command"":""/Users/hozzy/Library/Application Support/ML-Experiments/progressive-diffusion-lm/m1-512/env/bin/python -m src.train --config configs/campaign/generated/const-1bit-s27182.json""}]"
2026-07-19T01:51:14.625051+00:00,running,34,vm.swapusage: total = 2048.00M  used = 603.19M  free = 1444.81M  (encrypted),"[{""pid"":""13965"",""cpu_pct"":""14.1"",""rss_kib"":""237600"",""command"":""/Users/hozzy/Library/Application Support/ML-Experiments/progressive-diffusion-lm/m1-512/env/bin/python -m src.train --config configs/campaign/generated/const-1bit-s27182.json""}]"
2026-07-19T01:52:14.700554+00:00,running,34,vm.swapusage: total = 2048.00M  used = 603.19M  free = 1444.81M  (encrypted),"[{""pid"":""13965"",""cpu_pct"":""18.6"",""rss_kib"":""242832"",""command"":""/Users/hozzy/Library/Application Support/ML-Experiments/progressive-diffusion-lm/m1-512/env/bin/python -m src.train --config configs/campaign/generated/const-1bit-s27182.json""}]"
2026-07-19T01:53:14.776518+00:00,running,34,vm.swapusage: total = 2048.00M  used = 603.19M  free = 1444.81M  (encrypted),"[{""pid"":""13965"",""cpu_pct"":""17.6"",""rss_kib"":""248080"",""command"":""/Users/hozzy/Library/Application Support/ML-Experiments/progressive-diffusion-lm/m1-512/env/bin/python -m src.train --config configs/campaign/generated/const-1bit-s27182.json""}]"
2026-07-19T01:54:14.855080+00:00,running,34,vm.swapusage: total = 2048.00M  used = 603.19M  free = 1444.81M  (encrypted),"[{""pid"":""13965"",""cpu_pct"":""24.9"",""rss_kib"":""252464"",""command"":""/Users/hozzy/Library/Application Support/ML-Experiments/progressive-diffusion-lm/m1-512/env/bin/python -m src.train --config configs/campaign/generated/const-1bit-s27182.json""}]"
2026-07-19T01:55:14.933915+00:00,running,34,vm.swapusage: total = 2048.00M  used = 603.19M  free = 1444.81M  (encrypted),"[{""pid"":""13965"",""cpu_pct"":""18.4"",""rss_kib"":""257696"",""command"":""/Users/hozzy/Library/Application Support/ML-Experiments/progressive-diffusion-lm/m1-512/env/bin/python -m src.train --config configs/campaign/generated/const-1bit-s27182.json""}]"
2026-07-19T01:56:15.010477+00:00,running,34,vm.swapusage: total = 2048.00M  used = 603.19M  free = 1444.81M  (encrypted),"[{""pid"":""13965"",""cpu_pct"":""15.8"",""rss_kib"":""262464"",""command"":""/Users/hozzy/Library/Application Support/ML-Experiments/progressive-diffusion-lm/m1-512/env/bin/python -m src.train --config configs/campaign/generated/const-1bit-s27182.json""}]"
2026-07-19T01:57:15.088857+00:00,running,35,vm.swapusage: total = 2048.00M  used = 603.19M  free = 1444.81M  (encrypted),"[{""pid"":""13965"",""cpu_pct"":""21.5"",""rss_kib"":""266576"",""command"":""/Users/hozzy/Library/Application Support/ML-Experiments/progressive-diffusion-lm/m1-512/env/bin/python -m src.train --config configs/campaign/generated/const-1bit-s27182.json""}]"
2026-07-19T01:58:15.164451+00:00,running,35,vm.swapusage: total = 2048.00M  used = 603.19M  free = 1444.81M  (encrypted),"[{""pid"":""13965"",""cpu_pct"":""17.1"",""rss_kib"":""269760"",""command"":""/Users/hozzy/Library/Application Support/ML-Experiments/progressive-diffusion-lm/m1-512/env/bin/python -m src.train --config configs/campaign/generated/const-1bit-s27182.json""}]"
2026-07-19T01:59:15.242800+00:00,running,35,vm.swapusage: total = 2048.00M  used = 603.19M  free = 1444.81M  (encrypted),"[{""pid"":""13965"",""cpu_pct"":""24.5"",""rss_kib"":""273712"",""command"":""/Users/hozzy/Library/Application Support/ML-Experiments/progressive-diffusion-lm/m1-512/env/bin/python -m src.train --config configs/campaign/generated/const-1bit-s27182.json""}]"
2026-07-19T02:00:15.319581+00:00,running,35,vm.swapusage: total = 2048.00M  used = 603.19M  free = 1444.81M  (encrypted),"[{""pid"":""13965"",""cpu_pct"":""18.4"",""rss_kib"":""277456"",""command"":""/Users/hozzy/Library/Application Support/ML-Experiments/progressive-diffusion-lm/m1-512/env/bin/python -m src.train --config configs/campaign/generated/const-1bit-s27182.json""}]"
2026-07-19T02:01:15.398168+00:00,running,35,vm.swapusage: total = 2048.00M  used = 603.19M  free = 1444.81M  (encrypted),"[{""pid"":""13965"",""cpu_pct"":""18.6"",""rss_kib"":""281216"",""command"":""/Users/hozzy/Library/Application Support/ML-Experiments/progressive-diffusion-lm/m1-512/env/bin/python -m src.train --config configs/campaign/generated/const-1bit-s27182.json""}]"
2026-07-19T02:02:15.474413+00:00,running,35,vm.swapusage: total = 2048.00M  used = 603.19M  free = 1444.81M  (encrypted),"[{""pid"":""13965"",""cpu_pct"":""21.4"",""rss_kib"":""283712"",""command"":""/Users/hozzy/Library/Application Support/ML-Experiments/progressive-diffusion-lm/m1-512/env/bin/python -m src.train --config configs/campaign/generated/const-1bit-s27182.json""}]"
2026-07-19T02:03:15.547331+00:00,running,35,vm.swapusage: total = 2048.00M  used = 603.19M  free = 1444.81M  (encrypted),"[{""pid"":""13965"",""cpu_pct"":""15.4"",""rss_kib"":""286656"",""command"":""/Users/hozzy/Library/Application Support/ML-Experiments/progressive-diffusion-lm/m1-512/env/bin/python -m src.train --config configs/campaign/generated/const-1bit-s27182.json""}]"
2026-07-19T02:04:15.625486+00:00,running,35,vm.swapusage: total = 2048.00M  used = 603.19M  free = 1444.81M  (encrypted),"[{""pid"":""13965"",""cpu_pct"":""20.8"",""rss_kib"":""289648"",""command"":""/Users/hozzy/Library/Application Support/ML-Experiments/progressive-diffusion-lm/m1-512/env/bin/python -m src.train --config configs/campaign/generated/const-1bit-s27182.json""}]"
2026-07-19T02:05:15.703688+00:00,running,35,vm.swapusage: total = 2048.00M  used = 603.19M  free = 1444.81M  (encrypted),"[{""pid"":""13965"",""cpu_pct"":""22.3"",""rss_kib"":""292592"",""command"":""/Users/hozzy/Library/Application Support/ML-Experiments/progressive-diffusion-lm/m1-512/env/bin/python -m src.train --config configs/campaign/generated/const-1bit-s27182.json""}]"
2026-07-19T02:06:15.782107+00:00,running,35,vm.swapusage: total = 2048.00M  used = 603.19M  free = 1444.81M  (encrypted),"[{""pid"":""13965"",""cpu_pct"":""18.9"",""rss_kib"":""294720"",""command"":""/Users/hozzy/Library/Application Support/ML-Experiments/progressive-diffusion-lm/m1-512/env/bin/python -m src.train --config configs/campaign/generated/const-1bit-s27182.json""}]"
2026-07-19T02:07:15.858925+00:00,running,35,vm.swapusage: total = 2048.00M  used = 603.19M  free = 1444.81M  (encrypted),"[{""pid"":""13965"",""cpu_pct"":""19.0"",""rss_kib"":""297200"",""command"":""/Users/hozzy/Library/Application Support/ML-Experiments/progressive-diffusion-lm/m1-512/env/bin/python -m src.train --config configs/campaign/generated/const-1bit-s27182.json""}]"
2026-07-19T02:08:15.935914+00:00,running,35,vm.swapusage: total = 2048.00M  used = 603.19M  free = 1444.81M  (encrypted),"[{""pid"":""13965"",""cpu_pct"":""17.1"",""rss_kib"":""299712"",""command"":""/Users/hozzy/Library/Application Support/ML-Experiments/progressive-diffusion-lm/m1-512/env/bin/python -m src.train --config configs/campaign/generated/const-1bit-s27182.json""}]"
2026-07-19T02:09:16.001746+00:00,running,35,vm.swapusage: total = 2048.00M  used = 603.19M  free = 1444.81M  (encrypted),"[{""pid"":""13965"",""cpu_pct"":""21.7"",""rss_kib"":""302128"",""command"":""/Users/hozzy/Library/Application Support/ML-Experiments/progressive-diffusion-lm/m1-512/env/bin/python -m src.train --config configs/campaign/generated/const-1bit-s27182.json""}]"
2026-07-19T02:10:16.069826+00:00,running,35,vm.swapusage: total = 2048.00M  used = 603.19M  free = 1444.81M  (encrypted),"[{""pid"":""13965"",""cpu_pct"":""14.9"",""rss_kib"":""303552"",""command"":""/Users/hozzy/Library/Application Support/ML-Experiments/progressive-diffusion-lm/m1-512/env/bin/python -m src.train --config configs/campaign/generated/const-1bit-s27182.json""}]"
2026-07-19T02:11:16.149584+00:00,running,35,vm.swapusage: total = 2048.00M  used = 603.19M  free = 1444.81M  (encrypted),"[{""pid"":""13965"",""cpu_pct"":""20.2"",""rss_kib"":""305712"",""command"":""/Users/hozzy/Library/Application Support/ML-Experiments/progressive-diffusion-lm/m1-512/env/bin/python -m src.train --config configs/campaign/generated/const-1bit-s27182.json""}]"
2026-07-19T02:12:16.227091+00:00,running,35,vm.swapusage: total = 2048.00M  used = 603.19M  free = 1444.81M  (encrypted),"[{""pid"":""13965"",""cpu_pct"":""19.6"",""rss_kib"":""293952"",""command"":""/Users/hozzy/Library/Application Support/ML-Experiments/progressive-diffusion-lm/m1-512/env/bin/python -m src.train --config configs/campaign/generated/const-1bit-s27182.json""}]"
2026-07-19T02:13:16.303579+00:00,running,35,vm.swapusage: total = 2048.00M  used = 603.19M  free = 1444.81M  (encrypted),"[{""pid"":""13965"",""cpu_pct"":""24.1"",""rss_kib"":""296640"",""command"":""/Users/hozzy/Library/Application Support/ML-Experiments/progressive-diffusion-lm/m1-512/env/bin/python -m src.train --config configs/campaign/generated/const-1bit-s27182.json""}]"
2026-07-19T02:14:16.379280+00:00,running,35,vm.swapusage: total = 2048.00M  used = 603.19M  free = 1444.81M  (encrypted),"[{""pid"":""13965"",""cpu_pct"":""18.0"",""rss_kib"":""298784"",""command"":""/Users/hozzy/Library/Application Support/ML-Experiments/progressive-diffusion-lm/m1-512/env/bin/python -m src.train --config configs/campaign/generated/const-1bit-s27182.json""}]"
2026-07-19T02:15:16.454118+00:00,running,35,vm.swapusage: total = 2048.00M  used = 603.19M  free = 1444.81M  (encrypted),"[{""pid"":""13965"",""cpu_pct"":""23.8"",""rss_kib"":""301056"",""command"":""/Users/hozzy/Library/Application Support/ML-Experiments/progressive-diffusion-lm/m1-512/env/bin/python -m src.train --config configs/campaign/generated/const-1bit-s27182.json""}]"
2026-07-19T02:16:16.530757+00:00,running,35,vm.swapusage: total = 2048.00M  used = 603.19M  free = 1444.81M  (encrypted),"[{""pid"":""13965"",""cpu_pct"":""14.9"",""rss_kib"":""271264"",""command"":""/Users/hozzy/Library/Application Support/ML-Experiments/progressive-diffusion-lm/m1-512/env/bin/python -m src.train --config configs/campaign/generated/const-1bit-s27182.json""}]"
2026-07-19T02:17:16.610431+00:00,running,35,vm.swapusage: total = 2048.00M  used = 603.19M  free = 1444.81M  (encrypted),"[{""pid"":""13965"",""cpu_pct"":""20.3"",""rss_kib"":""275088"",""command"":""/Users/hozzy/Library/Application Support/ML-Experiments/progressive-diffusion-lm/m1-512/env/bin/python -m src.train --config configs/campaign/generated/const-1bit-s27182.json""}]"
2026-07-19T02:18:16.691581+00:00,running,35,vm.swapusage: total = 2048.00M  used = 603.19M  free = 1444.81M  (encrypted),"[{""pid"":""13965"",""cpu_pct"":""20.6"",""rss_kib"":""278080"",""command"":""/Users/hozzy/Library/Application Support/ML-Experiments/progressive-diffusion-lm/m1-512/env/bin/python -m src.train --config configs/campaign/generated/const-1bit-s27182.json""}]"
2026-07-19T02:19:16.770232+00:00,running,35,vm.swapusage: total = 2048.00M  used = 603.19M  free = 1444.81M  (encrypted),"[{""pid"":""13965"",""cpu_pct"":""25.3"",""rss_kib"":""281360"",""command"":""/Users/hozzy/Library/Application Support/ML-Experiments/progressive-diffusion-lm/m1-512/env/bin/python -m src.train --config configs/campaign/generated/const-1bit-s27182.json""}]"
2026-07-19T02:20:16.849655+00:00,running,35,vm.swapusage: total = 2048.00M  used = 603.19M  free = 1444.81M  (encrypted),"[{""pid"":""13965"",""cpu_pct"":""13.9"",""rss_kib"":""284048"",""command"":""/Users/hozzy/Library/Application Support/ML-Experiments/progressive-diffusion-lm/m1-512/env/bin/python -m src.train --config configs/campaign/generated/const-1bit-s27182.json""}]"
2026-07-19T02:21:16.927149+00:00,running,35,vm.swapusage: total = 2048.00M  used = 603.19M  free = 1444.81M  (encrypted),"[{""pid"":""13965"",""cpu_pct"":""15.8"",""rss_kib"":""286848"",""command"":""/Users/hozzy/Library/Application Support/ML-Experiments/progressive-diffusion-lm/m1-512/env/bin/python -m src.train --config configs/campaign/generated/const-1bit-s27182.json""}]"
2026-07-19T02:22:17.005822+00:00,running,42,vm.swapusage: total = 2048.00M  used = 603.19M  free = 1444.81M  (encrypted),"[{""pid"":""13965"",""cpu_pct"":""13.6"",""rss_kib"":""289040"",""command"":""/Users/hozzy/Library/Application Support/ML-Experiments/progressive-diffusion-lm/m1-512/env/bin/python -m src.train --config configs/campaign/generated/const-1bit-s27182.json""}]"
2026-07-19T02:23:17.084159+00:00,running,35,vm.swapusage: total = 2048.00M  used = 603.19M  free = 1444.81M  (encrypted),"[{""pid"":""13965"",""cpu_pct"":""24.1"",""rss_kib"":""291904"",""command"":""/Users/hozzy/Library/Application Support/ML-Experiments/progressive-diffusion-lm/m1-512/env/bin/python -m src.train --config configs/campaign/generated/const-1bit-s27182.json""}]"
2026-07-19T02:24:17.158780+00:00,running,35,vm.swapusage: total = 2048.00M  used = 603.19M  free = 1444.81M  (encrypted),"[{""pid"":""13965"",""cpu_pct"":""15.1"",""rss_kib"":""294720"",""command"":""/Users/hozzy/Library/Application Support/ML-Experiments/progressive-diffusion-lm/m1-512/env/bin/python -m src.train --config configs/campaign/generated/const-1bit-s27182.json""}]"
2026-07-19T02:25:17.237074+00:00,running,35,vm.swapusage: total = 2048.00M  used = 603.19M  free = 1444.81M  (encrypted),"[{""pid"":""13965"",""cpu_pct"":""16.6"",""rss_kib"":""297120"",""command"":""/Users/hozzy/Library/Application Support/ML-Experiments/progressive-diffusion-lm/m1-512/env/bin/python -m src.train --config configs/campaign/generated/const-1bit-s27182.json""}]"
2026-07-19T02:26:17.314156+00:00,running,42,vm.swapusage: total = 2048.00M  used = 603.19M  free = 1444.81M  (encrypted),"[{""pid"":""13965"",""cpu_pct"":""16.7"",""rss_kib"":""298944"",""command"":""/Users/hozzy/Library/Application Support/ML-Experiments/progressive-diffusion-lm/m1-512/env/bin/python -m src.train --config configs/campaign/generated/const-1bit-s27182.json""}]"
2026-07-19T02:27:17.391998+00:00,running,35,vm.swapusage: total = 2048.00M  used = 603.19M  free = 1444.81M  (encrypted),"[{""pid"":""13965"",""cpu_pct"":""24.1"",""rss_kib"":""301040"",""command"":""/Users/hozzy/Library/Application Support/ML-Experiments/progressive-diffusion-lm/m1-512/env/bin/python -m src.train --config configs/campaign/generated/const-1bit-s27182.json""}]"
2026-07-19T02:28:17.467261+00:00,running,35,vm.swapusage: total = 2048.00M  used = 603.19M  free = 1444.81M  (encrypted),"[{""pid"":""13965"",""cpu_pct"":""17.1"",""rss_kib"":""302688"",""command"":""/Users/hozzy/Library/Application Support/ML-Experiments/progressive-diffusion-lm/m1-512/env/bin/python -m src.train --config configs/campaign/generated/const-1bit-s27182.json""}]"
2026-07-19T02:29:17.542436+00:00,running,35,vm.swapusage: total = 2048.00M  used = 603.19M  free = 1444.81M  (encrypted),"[{""pid"":""13965"",""cpu_pct"":""22.1"",""rss_kib"":""314080"",""command"":""/Users/hozzy/Library/Application Support/ML-Experiments/progressive-diffusion-lm/m1-512/env/bin/python -m src.train --config configs/campaign/generated/const-1bit-s27182.json""}]"
2026-07-19T02:30:17.620526+00:00,running,42,vm.swapusage: total = 2048.00M  used = 603.19M  free = 1444.81M  (encrypted),"[{""pid"":""13965"",""cpu_pct"":""13.7"",""rss_kib"":""315488"",""command"":""/Users/hozzy/Library/Application Support/ML-Experiments/progressive-diffusion-lm/m1-512/env/bin/python -m src.train --config configs/campaign/generated/const-1bit-s27182.json""}]"
2026-07-19T02:31:17.697104+00:00,running,35,vm.swapusage: total = 2048.00M  used = 603.19M  free = 1444.81M  (encrypted),"[{""pid"":""13965"",""cpu_pct"":""24.4"",""rss_kib"":""316208"",""command"":""/Users/hozzy/Library/Application Support/ML-Experiments/progressive-diffusion-lm/m1-512/env/bin/python -m src.train --config configs/campaign/generated/const-1bit-s27182.json""}]"
2026-07-19T02:32:17.773419+00:00,running,35,vm.swapusage: total = 2048.00M  used = 603.19M  free = 1444.81M  (encrypted),"[{""pid"":""13965"",""cpu_pct"":""15.9"",""rss_kib"":""317968"",""command"":""/Users/hozzy/Library/Application Support/ML-Experiments/progressive-diffusion-lm/m1-512/env/bin/python -m src.train --config configs/campaign/generated/const-1bit-s27182.json""}]"
2026-07-19T02:33:17.851250+00:00,running,35,vm.swapusage: total = 2048.00M  used = 603.19M  free = 1444.81M  (encrypted),"[{""pid"":""13965"",""cpu_pct"":""21.5"",""rss_kib"":""319712"",""command"":""/Users/hozzy/Library/Application Support/ML-Experiments/progressive-diffusion-lm/m1-512/env/bin/python -m src.train --config configs/campaign/generated/const-1bit-s27182.json""}]"
2026-07-19T02:34:17.927726+00:00,running,42,vm.swapusage: total = 2048.00M  used = 603.19M  free = 1444.81M  (encrypted),"[{""pid"":""13965"",""cpu_pct"":""15.2"",""rss_kib"":""320912"",""command"":""/Users/hozzy/Library/Application Support/ML-Experiments/progressive-diffusion-lm/m1-512/env/bin/python -m src.train --config configs/campaign/generated/const-1bit-s27182.json""}]"
2026-07-19T02:35:18.002577+00:00,running,35,vm.swapusage: total = 2048.00M  used = 603.19M  free = 1444.81M  (encrypted),"[{""pid"":""13965"",""cpu_pct"":""14.4"",""rss_kib"":""322176"",""command"":""/Users/hozzy/Library/Application Support/ML-Experiments/progressive-diffusion-lm/m1-512/env/bin/python -m src.train --config configs/campaign/generated/const-1bit-s27182.json""}]"
2026-07-19T02:36:18.081366+00:00,running,35,vm.swapusage: total = 2048.00M  used = 603.19M  free = 1444.81M  (encrypted),"[{""pid"":""13965"",""cpu_pct"":""17.6"",""rss_kib"":""322352"",""command"":""/Users/hozzy/Library/Application Support/ML-Experiments/progressive-diffusion-lm/m1-512/env/bin/python -m src.train --config configs/campaign/generated/const-1bit-s27182.json""}]"
2026-07-19T02:37:18.158107+00:00,running,35,vm.swapusage: total = 2048.00M  used = 603.19M  free = 1444.81M  (encrypted),"[{""pid"":""13965"",""cpu_pct"":""24.2"",""rss_kib"":""323888"",""command"":""/Users/hozzy/Library/Application Support/ML-Experiments/progressive-diffusion-lm/m1-512/env/bin/python -m src.train --config configs/campaign/generated/const-1bit-s27182.json""}]"
2026-07-19T02:38:18.234511+00:00,running,42,vm.swapusage: total = 2048.00M  used = 603.19M  free = 1444.81M  (encrypted),"[{""pid"":""13965"",""cpu_pct"":""14.2"",""rss_kib"":""324960"",""command"":""/Users/hozzy/Library/Application Support/ML-Experiments/progressive-diffusion-lm/m1-512/env/bin/python -m src.train --config configs/campaign/generated/const-1bit-s27182.json""}]"
2026-07-19T02:39:18.311699+00:00,running,35,vm.swapusage: total = 2048.00M  used = 603.19M  free = 1444.81M  (encrypted),"[{""pid"":""13965"",""cpu_pct"":""14.9"",""rss_kib"":""326016"",""command"":""/Users/hozzy/Library/Application Support/ML-Experiments/progressive-diffusion-lm/m1-512/env/bin/python -m src.train --config configs/campaign/generated/const-1bit-s27182.json""}]"
2026-07-19T02:40:18.375309+00:00,running,35,vm.swapusage: total = 2048.00M  used = 603.19M  free = 1444.81M  (encrypted),"[{""pid"":""13965"",""cpu_pct"":""17.3"",""rss_kib"":""327280"",""command"":""/Users/hozzy/Library/Application Support/ML-Experiments/progressive-diffusion-lm/m1-512/env/bin/python -m src.train --config configs/campaign/generated/const-1bit-s27182.json""}]"
2026-07-19T02:41:18.452134+00:00,running,35,vm.swapusage: total = 2048.00M  used = 603.19M  free = 1444.81M  (encrypted),"[{""pid"":""13965"",""cpu_pct"":""23.9"",""rss_kib"":""328480"",""command"":""/Users/hozzy/Library/Application Support/ML-Experiments/progressive-diffusion-lm/m1-512/env/bin/python -m src.train --config configs/campaign/generated/const-1bit-s27182.json""}]"
2026-07-19T02:42:18.528804+00:00,running,42,vm.swapusage: total = 2048.00M  used = 603.19M  free = 1444.81M  (encrypted),"[{""pid"":""13965"",""cpu_pct"":""15.9"",""rss_kib"":""329376"",""command"":""/Users/hozzy/Library/Application Support/ML-Experiments/progressive-diffusion-lm/m1-512/env/bin/python -m src.train --config configs/campaign/generated/const-1bit-s27182.json""}]"
2026-07-19T02:43:18.604301+00:00,running,35,vm.swapusage: total = 2048.00M  used = 603.19M  free = 1444.81M  (encrypted),"[{""pid"":""13965"",""cpu_pct"":""17.1"",""rss_kib"":""330320"",""command"":""/Users/hozzy/Library/Application Support/ML-Experiments/progressive-diffusion-lm/m1-512/env/bin/python -m src.train --config configs/campaign/generated/const-1bit-s27182.json""}]"
2026-07-19T02:44:18.679337+00:00,running,35,vm.swapusage: total = 2048.00M  used = 603.19M  free = 1444.81M  (encrypted),"[{""pid"":""13965"",""cpu_pct"":""20.6"",""rss_kib"":""331392"",""command"":""/Users/hozzy/Library/Application Support/ML-Experiments/progressive-diffusion-lm/m1-512/env/bin/python -m src.train --config configs/campaign/generated/const-1bit-s27182.json""}]"
2026-07-19T02:45:18.758735+00:00,running,35,vm.swapusage: total = 2048.00M  used = 603.19M  free = 1444.81M  (encrypted),"[{""pid"":""13965"",""cpu_pct"":""14.0"",""rss_kib"":""332320"",""command"":""/Users/hozzy/Library/Application Support/ML-Experiments/progressive-diffusion-lm/m1-512/env/bin/python -m src.train --config configs/campaign/generated/const-1bit-s27182.json""}]"
2026-07-19T02:46:18.831056+00:00,running,42,vm.swapusage: total = 2048.00M  used = 603.19M  free = 1444.81M  (encrypted),"[{""pid"":""13965"",""cpu_pct"":""14.9"",""rss_kib"":""333072"",""command"":""/Users/hozzy/Library/Application Support/ML-Experiments/progressive-diffusion-lm/m1-512/env/bin/python -m src.train --config configs/campaign/generated/const-1bit-s27182.json""}]"
2026-07-19T02:47:18.907343+00:00,running,35,vm.swapusage: total = 2048.00M  used = 603.19M  free = 1444.81M  (encrypted),"[{""pid"":""13965"",""cpu_pct"":""18.6"",""rss_kib"":""333824"",""command"":""/Users/hozzy/Library/Application Support/ML-Experiments/progressive-diffusion-lm/m1-512/env/bin/python -m src.train --config configs/campaign/generated/const-1bit-s27182.json""}]"
2026-07-19T02:48:18.982893+00:00,running,35,vm.swapusage: total = 2048.00M  used = 603.19M  free = 1444.81M  (encrypted),"[{""pid"":""13965"",""cpu_pct"":""14.6"",""rss_kib"":""334592"",""command"":""/Users/hozzy/Library/Application Support/ML-Experiments/progressive-diffusion-lm/m1-512/env/bin/python -m src.train --config configs/campaign/generated/const-1bit-s27182.json""}]"
2026-07-19T02:49:19.057699+00:00,running,35,vm.swapusage: total = 2048.00M  used = 603.19M  free = 1444.81M  (encrypted),"[{""pid"":""13965"",""cpu_pct"":""18.3"",""rss_kib"":""335360"",""command"":""/Users/hozzy/Library/Application Support/ML-Experiments/progressive-diffusion-lm/m1-512/env/bin/python -m src.train --config configs/campaign/generated/const-1bit-s27182.json""}]"
2026-07-19T02:50:19.134334+00:00,running,42,vm.swapusage: total = 2048.00M  used = 603.19M  free = 1444.81M  (encrypted),"[{""pid"":""13965"",""cpu_pct"":""13.8"",""rss_kib"":""336000"",""command"":""/Users/hozzy/Library/Application Support/ML-Experiments/progressive-diffusion-lm/m1-512/env/bin/python -m src.train --config configs/campaign/generated/const-1bit-s27182.json""}]"
2026-07-19T02:51:19.214584+00:00,running,35,vm.swapusage: total = 2048.00M  used = 603.19M  free = 1444.81M  (encrypted),"[{""pid"":""13965"",""cpu_pct"":""19.3"",""rss_kib"":""336560"",""command"":""/Users/hozzy/Library/Application Support/ML-Experiments/progressive-diffusion-lm/m1-512/env/bin/python -m src.train --config configs/campaign/generated/const-1bit-s27182.json""}]"
2026-07-19T02:52:19.289471+00:00,running,35,vm.swapusage: total = 2048.00M  used = 603.19M  free = 1444.81M  (encrypted),"[{""pid"":""13965"",""cpu_pct"":""18.6"",""rss_kib"":""337152"",""command"":""/Users/hozzy/Library/Application Support/ML-Experiments/progressive-diffusion-lm/m1-512/env/bin/python -m src.train --config configs/campaign/generated/const-1bit-s27182.json""}]"
2026-07-19T02:53:19.363015+00:00,running,35,vm.swapusage: total = 2048.00M  used = 603.19M  free = 1444.81M  (encrypted),"[{""pid"":""13965"",""cpu_pct"":""16.4"",""rss_kib"":""337664"",""command"":""/Users/hozzy/Library/Application Support/ML-Experiments/progressive-diffusion-lm/m1-512/env/bin/python -m src.train --config configs/campaign/generated/const-1bit-s27182.json""}]"
2026-07-19T02:54:19.441681+00:00,running,42,vm.swapusage: total = 2048.00M  used = 603.19M  free = 1444.81M  (encrypted),"[{""pid"":""13965"",""cpu_pct"":""15.3"",""rss_kib"":""338400"",""command"":""/Users/hozzy/Library/Application Support/ML-Experiments/progressive-diffusion-lm/m1-512/env/bin/python -m src.train --config configs/campaign/generated/const-1bit-s27182.json""}]"
2026-07-19T02:55:19.519078+00:00,running,34,vm.swapusage: total = 2048.00M  used = 603.19M  free = 1444.81M  (encrypted),"[{""pid"":""15829"",""cpu_pct"":""14.5"",""rss_kib"":""222352"",""command"":""/Users/hozzy/Library/Application Support/ML-Experiments/progressive-diffusion-lm/m1-512/env/bin/python -m src.train --config configs/campaign/generated/progressive-s27182.json""}]"
2026-07-19T02:56:19.596841+00:00,running,34,vm.swapusage: total = 2048.00M  used = 603.19M  free = 1444.81M  (encrypted),"[{""pid"":""15829"",""cpu_pct"":""24.9"",""rss_kib"":""228800"",""command"":""/Users/hozzy/Library/Application Support/ML-Experiments/progressive-diffusion-lm/m1-512/env/bin/python -m src.train --config configs/campaign/generated/progressive-s27182.json""}]"
2026-07-19T02:57:19.673490+00:00,running,34,vm.swapusage: total = 2048.00M  used = 603.19M  free = 1444.81M  (encrypted),"[{""pid"":""15829"",""cpu_pct"":""19.5"",""rss_kib"":""234992"",""command"":""/Users/hozzy/Library/Application Support/ML-Experiments/progressive-diffusion-lm/m1-512/env/bin/python -m src.train --config configs/campaign/generated/progressive-s27182.json""}]"
2026-07-19T02:58:19.751575+00:00,running,34,vm.swapusage: total = 2048.00M  used = 603.19M  free = 1444.81M  (encrypted),"[{""pid"":""15829"",""cpu_pct"":""22.9"",""rss_kib"":""240992"",""command"":""/Users/hozzy/Library/Application Support/ML-Experiments/progressive-diffusion-lm/m1-512/env/bin/python -m src.train --config configs/campaign/generated/progressive-s27182.json""}]"
2026-07-19T02:59:19.828857+00:00,running,34,vm.swapusage: total = 2048.00M  used = 603.19M  free = 1444.81M  (encrypted),"[{""pid"":""15829"",""cpu_pct"":""14.4"",""rss_kib"":""254480"",""command"":""/Users/hozzy/Library/Application Support/ML-Experiments/progressive-diffusion-lm/m1-512/env/bin/python -m src.train --config configs/campaign/generated/progressive-s27182.json""}]"
2026-07-19T03:00:19.905579+00:00,running,34,vm.swapusage: total = 2048.00M  used = 603.19M  free = 1444.81M  (encrypted),"[{""pid"":""15829"",""cpu_pct"":""24.4"",""rss_kib"":""259568"",""command"":""/Users/hozzy/Library/Application Support/ML-Experiments/progressive-diffusion-lm/m1-512/env/bin/python -m src.train --config configs/campaign/generated/progressive-s27182.json""}]"
2026-07-19T03:01:19.981993+00:00,running,34,vm.swapusage: total = 2048.00M  used = 603.19M  free = 1444.81M  (encrypted),"[{""pid"":""15829"",""cpu_pct"":""22.7"",""rss_kib"":""264480"",""command"":""/Users/hozzy/Library/Application Support/ML-Experiments/progressive-diffusion-lm/m1-512/env/bin/python -m src.train --config configs/campaign/generated/progressive-s27182.json""}]"
2026-07-19T03:02:20.059347+00:00,running,34,vm.swapusage: total = 2048.00M  used = 603.19M  free = 1444.81M  (encrypted),"[{""pid"":""15829"",""cpu_pct"":""23.0"",""rss_kib"":""269120"",""command"":""/Users/hozzy/Library/Application Support/ML-Experiments/progressive-diffusion-lm/m1-512/env/bin/python -m src.train --config configs/campaign/generated/progressive-s27182.json""}]"
2026-07-19T03:03:20.135485+00:00,running,34,vm.swapusage: total = 2048.00M  used = 603.19M  free = 1444.81M  (encrypted),"[{""pid"":""15829"",""cpu_pct"":""15.1"",""rss_kib"":""275328"",""command"":""/Users/hozzy/Library/Application Support/ML-Experiments/progressive-diffusion-lm/m1-512/env/bin/python -m src.train --config configs/campaign/generated/progressive-s27182.json""}]"
2026-07-19T03:04:20.214323+00:00,running,34,vm.swapusage: total = 2048.00M  used = 603.19M  free = 1444.81M  (encrypted),"[{""pid"":""15829"",""cpu_pct"":""14.8"",""rss_kib"":""279632"",""command"":""/Users/hozzy/Library/Application Support/ML-Experiments/progressive-diffusion-lm/m1-512/env/bin/python -m src.train --config configs/campaign/generated/progressive-s27182.json""}]"
2026-07-19T03:05:20.292741+00:00,running,34,vm.swapusage: total = 2048.00M  used = 603.19M  free = 1444.81M  (encrypted),"[{""pid"":""15829"",""cpu_pct"":""14.9"",""rss_kib"":""283424"",""command"":""/Users/hozzy/Library/Application Support/ML-Experiments/progressive-diffusion-lm/m1-512/env/bin/python -m src.train --config configs/campaign/generated/progressive-s27182.json""}]"
2026-07-19T03:06:20.376619+00:00,running,34,vm.swapusage: total = 2048.00M  used = 603.19M  free = 1444.81M  (encrypted),"[{""pid"":""15829"",""cpu_pct"":""15.9"",""rss_kib"":""287056"",""command"":""/Users/hozzy/Library/Application Support/ML-Experiments/progressive-diffusion-lm/m1-512/env/bin/python -m src.train --config configs/campaign/generated/progressive-s27182.json""}]"
2026-07-19T03:07:20.453731+00:00,running,34,vm.swapusage: total = 2048.00M  used = 603.19M  free = 1444.81M  (encrypted),"[{""pid"":""15829"",""cpu_pct"":""17.2"",""rss_kib"":""291008"",""command"":""/Users/hozzy/Library/Application Support/ML-Experiments/progressive-diffusion-lm/m1-512/env/bin/python -m src.train --config configs/campaign/generated/progressive-s27182.json""}]"
2026-07-19T03:08:20.531756+00:00,running,34,vm.swapusage: total = 2048.00M  used = 603.19M  free = 1444.81M  (encrypted),"[{""pid"":""15829"",""cpu_pct"":""20.9"",""rss_kib"":""294000"",""command"":""/Users/hozzy/Library/Application Support/ML-Experiments/progressive-diffusion-lm/m1-512/env/bin/python -m src.train --config configs/campaign/generated/progressive-s27182.json""}]"
2026-07-19T03:09:20.609170+00:00,running,34,vm.swapusage: total = 2048.00M  used = 603.19M  free = 1444.81M  (encrypted),"[{""pid"":""15829"",""cpu_pct"":""27.3"",""rss_kib"":""297136"",""command"":""/Users/hozzy/Library/Application Support/ML-Experiments/progressive-diffusion-lm/m1-512/env/bin/python -m src.train --config configs/campaign/generated/progressive-s27182.json""}]"
2026-07-19T03:10:20.687488+00:00,running,34,vm.swapusage: total = 2048.00M  used = 603.19M  free = 1444.81M  (encrypted),"[{""pid"":""15829"",""cpu_pct"":""17.0"",""rss_kib"":""300128"",""command"":""/Users/hozzy/Library/Application Support/ML-Experiments/progressive-diffusion-lm/m1-512/env/bin/python -m src.train --config configs/campaign/generated/progressive-s27182.json""}]"
2026-07-19T03:11:20.760047+00:00,running,33,vm.swapusage: total = 2048.00M  used = 603.19M  free = 1444.81M  (encrypted),"[{""pid"":""15829"",""cpu_pct"":""24.0"",""rss_kib"":""235568"",""command"":""/Users/hozzy/Library/Application Support/ML-Experiments/progressive-diffusion-lm/m1-512/env/bin/python -m src.train --config configs/campaign/generated/progressive-s27182.json""}]"
2026-07-19T03:12:20.836903+00:00,running,33,vm.swapusage: total = 2048.00M  used = 603.19M  free = 1444.81M  (encrypted),"[{""pid"":""15829"",""cpu_pct"":""21.9"",""rss_kib"":""241856"",""command"":""/Users/hozzy/Library/Application Support/ML-Experiments/progressive-diffusion-lm/m1-512/env/bin/python -m src.train --config configs/campaign/generated/progressive-s27182.json""}]"
2026-07-19T03:13:20.915727+00:00,running,34,vm.swapusage: total = 2048.00M  used = 603.19M  free = 1444.81M  (encrypted),"[{""pid"":""15829"",""cpu_pct"":""19.0"",""rss_kib"":""245856"",""command"":""/Users/hozzy/Library/Application Support/ML-Experiments/progressive-diffusion-lm/m1-512/env/bin/python -m src.train --config configs/campaign/generated/progressive-s27182.json""}]"
2026-07-19T03:14:20.995812+00:00,running,34,vm.swapusage: total = 2048.00M  used = 603.19M  free = 1444.81M  (encrypted),"[{""pid"":""15829"",""cpu_pct"":""21.5"",""rss_kib"":""251088"",""command"":""/Users/hozzy/Library/Application Support/ML-Experiments/progressive-diffusion-lm/m1-512/env/bin/python -m src.train --config configs/campaign/generated/progressive-s27182.json""}]"
2026-07-19T03:15:21.075943+00:00,running,34,vm.swapusage: total = 2048.00M  used = 603.19M  free = 1444.81M  (encrypted),"[{""pid"":""15829"",""cpu_pct"":""20.3"",""rss_kib"":""252768"",""command"":""/Users/hozzy/Library/Application Support/ML-Experiments/progressive-diffusion-lm/m1-512/env/bin/python -m src.train --config configs/campaign/generated/progressive-s27182.json""}]"
2026-07-19T03:16:21.154785+00:00,running,34,vm.swapusage: total = 2048.00M  used = 603.19M  free = 1444.81M  (encrypted),"[{""pid"":""15829"",""cpu_pct"":""16.8"",""rss_kib"":""257808"",""command"":""/Users/hozzy/Library/Application Support/ML-Experiments/progressive-diffusion-lm/m1-512/env/bin/python -m src.train --config configs/campaign/generated/progressive-s27182.json""}]"
2026-07-19T03:17:21.232052+00:00,running,34,vm.swapusage: total = 2048.00M  used = 603.19M  free = 1444.81M  (encrypted),"[{""pid"":""15829"",""cpu_pct"":""19.8"",""rss_kib"":""262608"",""command"":""/Users/hozzy/Library/Application Support/ML-Experiments/progressive-diffusion-lm/m1-512/env/bin/python -m src.train --config configs/campaign/generated/progressive-s27182.json""}]"
2026-07-19T03:18:21.308187+00:00,running,34,vm.swapusage: total = 2048.00M  used = 603.19M  free = 1444.81M  (encrypted),"[{""pid"":""15829"",""cpu_pct"":""17.5"",""rss_kib"":""266864"",""command"":""/Users/hozzy/Library/Application Support/ML-Experiments/progressive-diffusion-lm/m1-512/env/bin/python -m src.train --config configs/campaign/generated/progressive-s27182.json""}]"
2026-07-19T03:19:21.384655+00:00,running,41,vm.swapusage: total = 2048.00M  used = 603.19M  free = 1444.81M  (encrypted),"[{""pid"":""15829"",""cpu_pct"":""21.8"",""rss_kib"":""270224"",""command"":""/Users/hozzy/Library/Application Support/ML-Experiments/progressive-diffusion-lm/m1-512/env/bin/python -m src.train --config configs/campaign/generated/progressive-s27182.json""}]"
2026-07-19T03:20:21.460379+00:00,running,34,vm.swapusage: total = 2048.00M  used = 603.19M  free = 1444.81M  (encrypted),"[{""pid"":""15829"",""cpu_pct"":""22.7"",""rss_kib"":""273616"",""command"":""/Users/hozzy/Library/Application Support/ML-Experiments/progressive-diffusion-lm/m1-512/env/bin/python -m src.train --config configs/campaign/generated/progressive-s27182.json""}]"
2026-07-19T03:21:21.536845+00:00,running,34,vm.swapusage: total = 2048.00M  used = 603.19M  free = 1444.81M  (encrypted),"[{""pid"":""15829"",""cpu_pct"":""20.5"",""rss_kib"":""277296"",""command"":""/Users/hozzy/Library/Application Support/ML-Experiments/progressive-diffusion-lm/m1-512/env/bin/python -m src.train --config configs/campaign/generated/progressive-s27182.json""}]"
2026-07-19T03:22:21.615431+00:00,running,34,vm.swapusage: total = 2048.00M  used = 603.19M  free = 1444.81M  (encrypted),"[{""pid"":""15829"",""cpu_pct"":""19.7"",""rss_kib"":""280864"",""command"":""/Users/hozzy/Library/Application Support/ML-Experiments/progressive-diffusion-lm/m1-512/env/bin/python -m src.train --config configs/campaign/generated/progressive-s27182.json""}]"
2026-07-19T03:23:21.690900+00:00,running,34,vm.swapusage: total = 2048.00M  used = 603.19M  free = 1444.81M  (encrypted),"[{""pid"":""15829"",""cpu_pct"":""19.4"",""rss_kib"":""284048"",""command"":""/Users/hozzy/Library/Application Support/ML-Experiments/progressive-diffusion-lm/m1-512/env/bin/python -m src.train --config configs/campaign/generated/progressive-s27182.json""}]"
2026-07-19T03:24:21.768320+00:00,running,34,vm.swapusage: total = 2048.00M  used = 603.19M  free = 1444.81M  (encrypted),"[{""pid"":""15829"",""cpu_pct"":""19.8"",""rss_kib"":""286448"",""command"":""/Users/hozzy/Library/Application Support/ML-Experiments/progressive-diffusion-lm/m1-512/env/bin/python -m src.train --config configs/campaign/generated/progressive-s27182.json""}]"
2026-07-19T03:25:21.844326+00:00,running,34,vm.swapusage: total = 2048.00M  used = 603.19M  free = 1444.81M  (encrypted),"[{""pid"":""15829"",""cpu_pct"":""24.1"",""rss_kib"":""289216"",""command"":""/Users/hozzy/Library/Application Support/ML-Experiments/progressive-diffusion-lm/m1-512/env/bin/python -m src.train --config configs/campaign/generated/progressive-s27182.json""}]"
2026-07-19T03:26:21.922304+00:00,running,34,vm.swapusage: total = 2048.00M  used = 603.19M  free = 1444.81M  (encrypted),"[{""pid"":""15829"",""cpu_pct"":""16.3"",""rss_kib"":""292064"",""command"":""/Users/hozzy/Library/Application Support/ML-Experiments/progressive-diffusion-lm/m1-512/env/bin/python -m src.train --config configs/campaign/generated/progressive-s27182.json""}]"
2026-07-19T03:27:21.998442+00:00,running,34,vm.swapusage: total = 2048.00M  used = 603.19M  free = 1444.81M  (encrypted),"[{""pid"":""15829"",""cpu_pct"":""21.4"",""rss_kib"":""294752"",""command"":""/Users/hozzy/Library/Application Support/ML-Experiments/progressive-diffusion-lm/m1-512/env/bin/python -m src.train --config configs/campaign/generated/progressive-s27182.json""}]"
2026-07-19T03:28:22.077533+00:00,running,34,vm.swapusage: total = 2048.00M  used = 603.19M  free = 1444.81M  (encrypted),"[{""pid"":""15829"",""cpu_pct"":""17.2"",""rss_kib"":""296816"",""command"":""/Users/hozzy/Library/Application Support/ML-Experiments/progressive-diffusion-lm/m1-512/env/bin/python -m src.train --config configs/campaign/generated/progressive-s27182.json""}]"
2026-07-19T03:29:22.155313+00:00,running,34,vm.swapusage: total = 2048.00M  used = 603.19M  free = 1444.81M  (encrypted),"[{""pid"":""15829"",""cpu_pct"":""25.4"",""rss_kib"":""299072"",""command"":""/Users/hozzy/Library/Application Support/ML-Experiments/progressive-diffusion-lm/m1-512/env/bin/python -m src.train --config configs/campaign/generated/progressive-s27182.json""}]"
2026-07-19T03:30:22.232640+00:00,running,34,vm.swapusage: total = 2048.00M  used = 603.19M  free = 1444.81M  (encrypted),"[{""pid"":""15829"",""cpu_pct"":""17.4"",""rss_kib"":""301504"",""command"":""/Users/hozzy/Library/Application Support/ML-Experiments/progressive-diffusion-lm/m1-512/env/bin/python -m src.train --config configs/campaign/generated/progressive-s27182.json""}]"
2026-07-19T03:31:22.311103+00:00,running,34,vm.swapusage: total = 2048.00M  used = 603.19M  free = 1444.81M  (encrypted),"[{""pid"":""15829"",""cpu_pct"":""19.0"",""rss_kib"":""303632"",""command"":""/Users/hozzy/Library/Application Support/ML-Experiments/progressive-diffusion-lm/m1-512/env/bin/python -m src.train --config configs/campaign/generated/progressive-s27182.json""}]"
2026-07-19T03:32:22.410054+00:00,running,35,vm.swapusage: total = 2048.00M  used = 603.19M  free = 1444.81M  (encrypted),"[{""pid"":""15829"",""cpu_pct"":""25.2"",""rss_kib"":""305184"",""command"":""/Users/hozzy/Library/Application Support/ML-Experiments/progressive-diffusion-lm/m1-512/env/bin/python -m src.train --config configs/campaign/generated/progressive-s27182.json""}]"
2026-07-19T03:33:22.502372+00:00,running,35,vm.swapusage: total = 2048.00M  used = 603.19M  free = 1444.81M  (encrypted),"[{""pid"":""15829"",""cpu_pct"":""25.3"",""rss_kib"":""307440"",""command"":""/Users/hozzy/Library/Application Support/ML-Experiments/progressive-diffusion-lm/m1-512/env/bin/python -m src.train --config configs/campaign/generated/progressive-s27182.json""}]"
2026-07-19T03:34:22.580577+00:00,running,35,vm.swapusage: total = 2048.00M  used = 603.19M  free = 1444.81M  (encrypted),"[{""pid"":""15829"",""cpu_pct"":""15.9"",""rss_kib"":""309264"",""command"":""/Users/hozzy/Library/Application Support/ML-Experiments/progressive-diffusion-lm/m1-512/env/bin/python -m src.train --config configs/campaign/generated/progressive-s27182.json""}]"
2026-07-19T03:35:22.657070+00:00,running,35,vm.swapusage: total = 2048.00M  used = 603.19M  free = 1444.81M  (encrypted),"[{""pid"":""15829"",""cpu_pct"":""14.2"",""rss_kib"":""310864"",""command"":""/Users/hozzy/Library/Application Support/ML-Experiments/progressive-diffusion-lm/m1-512/env/bin/python -m src.train --config configs/campaign/generated/progressive-s27182.json""}]"
2026-07-19T03:36:22.733800+00:00,running,35,vm.swapusage: total = 2048.00M  used = 603.19M  free = 1444.81M  (encrypted),"[{""pid"":""15829"",""cpu_pct"":""20.2"",""rss_kib"":""311984"",""command"":""/Users/hozzy/Library/Application Support/ML-Experiments/progressive-diffusion-lm/m1-512/env/bin/python -m src.train --config configs/campaign/generated/progressive-s27182.json""}]"
2026-07-19T03:37:22.810084+00:00,running,35,vm.swapusage: total = 2048.00M  used = 603.19M  free = 1444.81M  (encrypted),"[{""pid"":""15829"",""cpu_pct"":""17.4"",""rss_kib"":""313200"",""command"":""/Users/hozzy/Library/Application Support/ML-Experiments/progressive-diffusion-lm/m1-512/env/bin/python -m src.train --config configs/campaign/generated/progressive-s27182.json""}]"
2026-07-19T03:38:22.889595+00:00,running,35,vm.swapusage: total = 2048.00M  used = 603.19M  free = 1444.81M  (encrypted),"[{""pid"":""15829"",""cpu_pct"":""20.1"",""rss_kib"":""314496"",""command"":""/Users/hozzy/Library/Application Support/ML-Experiments/progressive-diffusion-lm/m1-512/env/bin/python -m src.train --config configs/campaign/generated/progressive-s27182.json""}]"
2026-07-19T03:39:22.967458+00:00,running,35,vm.swapusage: total = 2048.00M  used = 603.19M  free = 1444.81M  (encrypted),"[{""pid"":""15829"",""cpu_pct"":""19.5"",""rss_kib"":""316080"",""command"":""/Users/hozzy/Library/Application Support/ML-Experiments/progressive-diffusion-lm/m1-512/env/bin/python -m src.train --config configs/campaign/generated/progressive-s27182.json""}]"
2026-07-19T03:40:23.045546+00:00,running,35,vm.swapusage: total = 2048.00M  used = 603.19M  free = 1444.81M  (encrypted),"[{""pid"":""15829"",""cpu_pct"":""23.6"",""rss_kib"":""317088"",""command"":""/Users/hozzy/Library/Application Support/ML-Experiments/progressive-diffusion-lm/m1-512/env/bin/python -m src.train --config configs/campaign/generated/progressive-s27182.json""}]"
2026-07-19T03:41:23.126031+00:00,running,35,vm.swapusage: total = 2048.00M  used = 603.19M  free = 1444.81M  (encrypted),"[{""pid"":""15829"",""cpu_pct"":""21.2"",""rss_kib"":""318000"",""command"":""/Users/hozzy/Library/Application Support/ML-Experiments/progressive-diffusion-lm/m1-512/env/bin/python -m src.train --config configs/campaign/generated/progressive-s27182.json""}]"
2026-07-19T03:42:23.204917+00:00,running,35,vm.swapusage: total = 2048.00M  used = 603.19M  free = 1444.81M  (encrypted),"[{""pid"":""15829"",""cpu_pct"":""19.9"",""rss_kib"":""319104"",""command"":""/Users/hozzy/Library/Application Support/ML-Experiments/progressive-diffusion-lm/m1-512/env/bin/python -m src.train --config configs/campaign/generated/progressive-s27182.json""}]"
2026-07-19T03:43:23.286581+00:00,running,35,vm.swapusage: total = 2048.00M  used = 603.19M  free = 1444.81M  (encrypted),"[{""pid"":""15829"",""cpu_pct"":""18.3"",""rss_kib"":""320368"",""command"":""/Users/hozzy/Library/Application Support/ML-Experiments/progressive-diffusion-lm/m1-512/env/bin/python -m src.train --config configs/campaign/generated/progressive-s27182.json""}]"
2026-07-19T03:44:23.366131+00:00,running,42,vm.swapusage: total = 2048.00M  used = 603.19M  free = 1444.81M  (encrypted),"[{""pid"":""15829"",""cpu_pct"":""18.5"",""rss_kib"":""321232"",""command"":""/Users/hozzy/Library/Application Support/ML-Experiments/progressive-diffusion-lm/m1-512/env/bin/python -m src.train --config configs/campaign/generated/progressive-s27182.json""}]"
2026-07-19T03:45:23.446240+00:00,running,35,vm.swapusage: total = 2048.00M  used = 603.19M  free = 1444.81M  (encrypted),"[{""pid"":""15829"",""cpu_pct"":""20.0"",""rss_kib"":""322272"",""command"":""/Users/hozzy/Library/Application Support/ML-Experiments/progressive-diffusion-lm/m1-512/env/bin/python -m src.train --config configs/campaign/generated/progressive-s27182.json""}]"
2026-07-19T03:46:23.528129+00:00,running,35,vm.swapusage: total = 2048.00M  used = 603.19M  free = 1444.81M  (encrypted),"[{""pid"":""15829"",""cpu_pct"":""19.0"",""rss_kib"":""323424"",""command"":""/Users/hozzy/Library/Application Support/ML-Experiments/progressive-diffusion-lm/m1-512/env/bin/python -m src.train --config configs/campaign/generated/progressive-s27182.json""}]"
2026-07-19T03:47:23.606497+00:00,running,35,vm.swapusage: total = 2048.00M  used = 603.19M  free = 1444.81M  (encrypted),"[{""pid"":""15829"",""cpu_pct"":""21.2"",""rss_kib"":""324336"",""command"":""/Users/hozzy/Library/Application Support/ML-Experiments/progressive-diffusion-lm/m1-512/env/bin/python -m src.train --config configs/campaign/generated/progressive-s27182.json""}]"
2026-07-19T03:48:23.686577+00:00,running,42,vm.swapusage: total = 2048.00M  used = 603.19M  free = 1444.81M  (encrypted),"[{""pid"":""15829"",""cpu_pct"":""21.8"",""rss_kib"":""325312"",""command"":""/Users/hozzy/Library/Application Support/ML-Experiments/progressive-diffusion-lm/m1-512/env/bin/python -m src.train --config configs/campaign/generated/progressive-s27182.json""}]"
2026-07-19T03:49:23.763394+00:00,running,35,vm.swapusage: total = 2048.00M  used = 603.19M  free = 1444.81M  (encrypted),"[{""pid"":""15829"",""cpu_pct"":""20.4"",""rss_kib"":""325952"",""command"":""/Users/hozzy/Library/Application Support/ML-Experiments/progressive-diffusion-lm/m1-512/env/bin/python -m src.train --config configs/campaign/generated/progressive-s27182.json""}]"
2026-07-19T03:50:23.840016+00:00,running,35,vm.swapusage: total = 2048.00M  used = 603.19M  free = 1444.81M  (encrypted),"[{""pid"":""15829"",""cpu_pct"":""18.2"",""rss_kib"":""326512"",""command"":""/Users/hozzy/Library/Application Support/ML-Experiments/progressive-diffusion-lm/m1-512/env/bin/python -m src.train --config configs/campaign/generated/progressive-s27182.json""}]"
2026-07-19T03:51:23.917396+00:00,running,35,vm.swapusage: total = 2048.00M  used = 603.19M  free = 1444.81M  (encrypted),"[{""pid"":""15829"",""cpu_pct"":""22.6"",""rss_kib"":""334960"",""command"":""/Users/hozzy/Library/Application Support/ML-Experiments/progressive-diffusion-lm/m1-512/env/bin/python -m src.train --config configs/campaign/generated/progressive-s27182.json""}]"
2026-07-19T03:52:23.993119+00:00,running,35,vm.swapusage: total = 2048.00M  used = 603.19M  free = 1444.81M  (encrypted),"[{""pid"":""15829"",""cpu_pct"":""17.2"",""rss_kib"":""335744"",""command"":""/Users/hozzy/Library/Application Support/ML-Experiments/progressive-diffusion-lm/m1-512/env/bin/python -m src.train --config configs/campaign/generated/progressive-s27182.json""}]"
2026-07-19T03:53:24.072974+00:00,running,35,vm.swapusage: total = 2048.00M  used = 603.19M  free = 1444.81M  (encrypted),"[{""pid"":""15829"",""cpu_pct"":""15.0"",""rss_kib"":""336144"",""command"":""/Users/hozzy/Library/Application Support/ML-Experiments/progressive-diffusion-lm/m1-512/env/bin/python -m src.train --config configs/campaign/generated/progressive-s27182.json""}]"
2026-07-19T03:54:24.148697+00:00,running,35,vm.swapusage: total = 2048.00M  used = 603.19M  free = 1444.81M  (encrypted),"[{""pid"":""15829"",""cpu_pct"":""16.5"",""rss_kib"":""336720"",""command"":""/Users/hozzy/Library/Application Support/ML-Experiments/progressive-diffusion-lm/m1-512/env/bin/python -m src.train --config configs/campaign/generated/progressive-s27182.json""}]"
2026-07-19T03:55:24.224105+00:00,running,35,vm.swapusage: total = 2048.00M  used = 603.19M  free = 1444.81M  (encrypted),"[{""pid"":""15829"",""cpu_pct"":""16.4"",""rss_kib"":""337296"",""command"":""/Users/hozzy/Library/Application Support/ML-Experiments/progressive-diffusion-lm/m1-512/env/bin/python -m src.train --config configs/campaign/generated/progressive-s27182.json""}]"
2026-07-19T03:56:24.302412+00:00,running,35,vm.swapusage: total = 2048.00M  used = 603.19M  free = 1444.81M  (encrypted),"[{""pid"":""15829"",""cpu_pct"":""19.8"",""rss_kib"":""337872"",""command"":""/Users/hozzy/Library/Application Support/ML-Experiments/progressive-diffusion-lm/m1-512/env/bin/python -m src.train --config configs/campaign/generated/progressive-s27182.json""}]"
2026-07-19T03:57:24.379675+00:00,running,35,vm.swapusage: total = 2048.00M  used = 603.19M  free = 1444.81M  (encrypted),"[{""pid"":""15829"",""cpu_pct"":""16.3"",""rss_kib"":""338368"",""command"":""/Users/hozzy/Library/Application Support/ML-Experiments/progressive-diffusion-lm/m1-512/env/bin/python -m src.train --config configs/campaign/generated/progressive-s27182.json""}]"
2026-07-19T03:58:24.456306+00:00,running,35,vm.swapusage: total = 2048.00M  used = 603.19M  free = 1444.81M  (encrypted),"[{""pid"":""15829"",""cpu_pct"":""18.4"",""rss_kib"":""338848"",""command"":""/Users/hozzy/Library/Application Support/ML-Experiments/progressive-diffusion-lm/m1-512/env/bin/python -m src.train --config configs/campaign/generated/progressive-s27182.json""}]"
2026-07-19T03:59:24.534131+00:00,running,35,vm.swapusage: total = 2048.00M  used = 603.19M  free = 1444.81M  (encrypted),"[{""pid"":""15829"",""cpu_pct"":""16.3"",""rss_kib"":""339344"",""command"":""/Users/hozzy/Library/Application Support/ML-Experiments/progressive-diffusion-lm/m1-512/env/bin/python -m src.train --config configs/campaign/generated/progressive-s27182.json""}]"
2026-07-19T04:00:24.609125+00:00,running,35,vm.swapusage: total = 2048.00M  used = 603.19M  free = 1444.81M  (encrypted),"[{""pid"":""15829"",""cpu_pct"":""15.6"",""rss_kib"":""339856"",""command"":""/Users/hozzy/Library/Application Support/ML-Experiments/progressive-diffusion-lm/m1-512/env/bin/python -m src.train --config configs/campaign/generated/progressive-s27182.json""}]"
2026-07-19T04:01:24.686594+00:00,running,35,vm.swapusage: total = 2048.00M  used = 603.19M  free = 1444.81M  (encrypted),"[{""pid"":""15829"",""cpu_pct"":""15.3"",""rss_kib"":""340144"",""command"":""/Users/hozzy/Library/Application Support/ML-Experiments/progressive-diffusion-lm/m1-512/env/bin/python -m src.train --config configs/campaign/generated/progressive-s27182.json""}]"
2026-07-19T04:02:24.764271+00:00,running,35,vm.swapusage: total = 2048.00M  used = 603.19M  free = 1444.81M  (encrypted),"[{""pid"":""15829"",""cpu_pct"":""19.1"",""rss_kib"":""340656"",""command"":""/Users/hozzy/Library/Application Support/ML-Experiments/progressive-diffusion-lm/m1-512/env/bin/python -m src.train --config configs/campaign/generated/progressive-s27182.json""}]"
2026-07-19T04:03:24.825522+00:00,running,35,vm.swapusage: total = 2048.00M  used = 603.19M  free = 1444.81M  (encrypted),"[{""pid"":""15829"",""cpu_pct"":""22.2"",""rss_kib"":""341280"",""command"":""/Users/hozzy/Library/Application Support/ML-Experiments/progressive-diffusion-lm/m1-512/env/bin/python -m src.train --config configs/campaign/generated/progressive-s27182.json""}]"
2026-07-19T04:04:24.901535+00:00,running,35,vm.swapusage: total = 2048.00M  used = 603.19M  free = 1444.81M  (encrypted),"[{""pid"":""15829"",""cpu_pct"":""14.9"",""rss_kib"":""341792"",""command"":""/Users/hozzy/Library/Application Support/ML-Experiments/progressive-diffusion-lm/m1-512/env/bin/python -m src.train --config configs/campaign/generated/progressive-s27182.json""}]"
2026-07-19T04:05:24.980164+00:00,running,35,vm.swapusage: total = 2048.00M  used = 603.19M  free = 1444.81M  (encrypted),"[{""pid"":""15829"",""cpu_pct"":""23.8"",""rss_kib"":""342112"",""command"":""/Users/hozzy/Library/Application Support/ML-Experiments/progressive-diffusion-lm/m1-512/env/bin/python -m src.train --config configs/campaign/generated/progressive-s27182.json""}]"
2026-07-19T04:06:25.057966+00:00,running,35,vm.swapusage: total = 2048.00M  used = 603.19M  free = 1444.81M  (encrypted),"[{""pid"":""15829"",""cpu_pct"":""19.5"",""rss_kib"":""342496"",""command"":""/Users/hozzy/Library/Application Support/ML-Experiments/progressive-diffusion-lm/m1-512/env/bin/python -m src.train --config configs/campaign/generated/progressive-s27182.json""}]"
2026-07-19T04:07:25.135664+00:00,running,35,vm.swapusage: total = 2048.00M  used = 603.19M  free = 1444.81M  (encrypted),"[{""pid"":""15829"",""cpu_pct"":""18.1"",""rss_kib"":""342912"",""command"":""/Users/hozzy/Library/Application Support/ML-Experiments/progressive-diffusion-lm/m1-512/env/bin/python -m src.train --config configs/campaign/generated/progressive-s27182.json""}]"
2026-07-19T04:08:25.210983+00:00,running,35,vm.swapusage: total = 2048.00M  used = 603.19M  free = 1444.81M  (encrypted),"[{""pid"":""15829"",""cpu_pct"":""18.8"",""rss_kib"":""343232"",""command"":""/Users/hozzy/Library/Application Support/ML-Experiments/progressive-diffusion-lm/m1-512/env/bin/python -m src.train --config configs/campaign/generated/progressive-s27182.json""}]"
2026-07-19T04:09:25.289087+00:00,running,42,vm.swapusage: total = 2048.00M  used = 603.19M  free = 1444.81M  (encrypted),"[{""pid"":""15829"",""cpu_pct"":""20.9"",""rss_kib"":""343456"",""command"":""/Users/hozzy/Library/Application Support/ML-Experiments/progressive-diffusion-lm/m1-512/env/bin/python -m src.train --config configs/campaign/generated/progressive-s27182.json""}]"
2026-07-19T04:10:25.365537+00:00,running,35,vm.swapusage: total = 2048.00M  used = 603.19M  free = 1444.81M  (encrypted),"[{""pid"":""15829"",""cpu_pct"":""15.2"",""rss_kib"":""343824"",""command"":""/Users/hozzy/Library/Application Support/ML-Experiments/progressive-diffusion-lm/m1-512/env/bin/python -m src.train --config configs/campaign/generated/progressive-s27182.json""}]"
2026-07-19T04:11:25.442913+00:00,running,34,vm.swapusage: total = 2048.00M  used = 603.19M  free = 1444.81M  (encrypted),"[{""pid"":""15829"",""cpu_pct"":""18.4"",""rss_kib"":""341824"",""command"":""/Users/hozzy/Library/Application Support/ML-Experiments/progressive-diffusion-lm/m1-512/env/bin/python -m src.train --config configs/campaign/generated/progressive-s27182.json""}]"
2026-07-19T04:12:25.521991+00:00,running,34,vm.swapusage: total = 2048.00M  used = 603.19M  free = 1444.81M  (encrypted),"[{""pid"":""15829"",""cpu_pct"":""23.4"",""rss_kib"":""342112"",""command"":""/Users/hozzy/Library/Application Support/ML-Experiments/progressive-diffusion-lm/m1-512/env/bin/python -m src.train --config configs/campaign/generated/progressive-s27182.json""}]"
2026-07-19T04:13:25.599132+00:00,running,41,vm.swapusage: total = 2048.00M  used = 603.19M  free = 1444.81M  (encrypted),"[{""pid"":""15829"",""cpu_pct"":""16.5"",""rss_kib"":""342512"",""command"":""/Users/hozzy/Library/Application Support/ML-Experiments/progressive-diffusion-lm/m1-512/env/bin/python -m src.train --config configs/campaign/generated/progressive-s27182.json""}]"
2026-07-19T04:14:25.674055+00:00,running,34,vm.swapusage: total = 2048.00M  used = 603.19M  free = 1444.81M  (encrypted),"[{""pid"":""15829"",""cpu_pct"":""14.4"",""rss_kib"":""342768"",""command"":""/Users/hozzy/Library/Application Support/ML-Experiments/progressive-diffusion-lm/m1-512/env/bin/python -m src.train --config configs/campaign/generated/progressive-s27182.json""}]"
2026-07-19T04:15:25.750440+00:00,running,34,vm.swapusage: total = 2048.00M  used = 603.19M  free = 1444.81M  (encrypted),"[{""pid"":""15829"",""cpu_pct"":""15.1"",""rss_kib"":""343056"",""command"":""/Users/hozzy/Library/Application Support/ML-Experiments/progressive-diffusion-lm/m1-512/env/bin/python -m src.train --config configs/campaign/generated/progressive-s27182.json""}]"
2026-07-19T04:16:25.827202+00:00,running,34,vm.swapusage: total = 2048.00M  used = 603.19M  free = 1444.81M  (encrypted),"[{""pid"":""15829"",""cpu_pct"":""17.8"",""rss_kib"":""342736"",""command"":""/Users/hozzy/Library/Application Support/ML-Experiments/progressive-diffusion-lm/m1-512/env/bin/python -m src.train --config configs/campaign/generated/progressive-s27182.json""}]"
2026-07-19T04:17:25.905554+00:00,running,34,vm.swapusage: total = 2048.00M  used = 603.19M  free = 1444.81M  (encrypted),"[{""pid"":""15829"",""cpu_pct"":""22.0"",""rss_kib"":""342416"",""command"":""/Users/hozzy/Library/Application Support/ML-Experiments/progressive-diffusion-lm/m1-512/env/bin/python -m src.train --config configs/campaign/generated/progressive-s27182.json""}]"
2026-07-19T04:18:25.988680+00:00,completed,72,vm.swapusage: total = 2048.00M  used = 603.19M  free = 1444.81M  (encrypted),[]
